Date,Time,Team1,Score1,Team2,Score2,Label,OT,Attendance,Misc
Tue Oct 18 2022,7:30p,Philadelphia 76ers,117,Boston Celtics,126,Box Score,,19156,
Tue Oct 18 2022,10:00p,Los Angeles Lakers,109,Golden State Warriors,123,Box Score,,18064,
Wed Oct 19 2022,7:00p,Orlando Magic,109,Detroit Pistons,113,Box Score,,20190,
Wed Oct 19 2022,7:00p,Washington Wizards,114,Indiana Pacers,107,Box Score,,15027,
Wed Oct 19 2022,7:30p,Houston Rockets,107,Atlanta Hawks,117,Box Score,,17878,
Wed Oct 19 2022,7:30p,New Orleans Pelicans,130,Brooklyn Nets,108,Box Score,,18003,
Wed Oct 19 2022,7:30p,New York Knicks,112,Memphis Grizzlies,115,Box Score,OT,18202,
Wed Oct 19 2022,7:30p,Chicago Bulls,116,Miami Heat,108,Box Score,,19600,
Wed Oct 19 2022,7:30p,Cleveland Cavaliers,105,Toronto Raptors,108,Box Score,,19800,
Wed Oct 19 2022,8:00p,Oklahoma City Thunder,108,Minnesota Timberwolves,115,Box Score,,17136,
Wed Oct 19 2022,8:00p,Charlotte Hornets,129,San Antonio Spurs,102,Box Score,,16236,
Wed Oct 19 2022,9:00p,Denver Nuggets,102,Utah Jazz,123,Box Score,,18206,
Wed Oct 19 2022,10:00p,Dallas Mavericks,105,Phoenix Suns,107,Box Score,,17071,
Wed Oct 19 2022,10:00p,Portland Trail Blazers,115,Sacramento Kings,108,Box Score,,17611,
Thu Oct 20 2022,7:30p,Milwaukee Bucks,90,Philadelphia 76ers,88,Box Score,,20060,
Thu Oct 20 2022,10:00p,Los Angeles Clippers,103,Los Angeles Lakers,97,Box Score,,18997,
Fri Oct 21 2022,7:00p,New Orleans Pelicans,124,Charlotte Hornets,112,Box Score,,19287,
Fri Oct 21 2022,7:00p,San Antonio Spurs,137,Indiana Pacers,134,Box Score,,12073,
Fri Oct 21 2022,7:00p,Chicago Bulls,100,Washington Wizards,102,Box Score,,20476,
Fri Oct 21 2022,7:30p,Orlando Magic,98,Atlanta Hawks,108,Box Score,,17822,
Fri Oct 21 2022,7:30p,Toronto Raptors,105,Brooklyn Nets,109,Box Score,,17732,
Fri Oct 21 2022,7:30p,Boston Celtics,111,Miami Heat,104,Box Score,,19600,
Fri Oct 21 2022,7:30p,Detroit Pistons,106,New York Knicks,130,Box Score,,19812,
Fri Oct 21 2022,8:00p,Memphis Grizzlies,129,Houston Rockets,122,Box Score,,18055,
Fri Oct 21 2022,8:00p,Utah Jazz,132,Minnesota Timberwolves,126,Box Score,OT,17136,
Fri Oct 21 2022,10:00p,Denver Nuggets,128,Golden State Warriors,123,Box Score,,18064,
Fri Oct 21 2022,10:00p,Phoenix Suns,111,Portland Trail Blazers,113,Box Score,OT,19393,
Sat Oct 22 2022,6:00p,San Antonio Spurs,114,Philadelphia 76ers,105,Box Score,,19822,
Sat Oct 22 2022,7:00p,Detroit Pistons,115,Indiana Pacers,124,Box Score,,16056,
Sat Oct 22 2022,7:00p,Boston Celtics,126,Orlando Magic,120,Box Score,,19299,
Sat Oct 22 2022,8:00p,Cleveland Cavaliers,128,Chicago Bulls,96,Box Score,,21089,
Sat Oct 22 2022,8:00p,Toronto Raptors,109,Miami Heat,112,Box Score,,19600,
Sat Oct 22 2022,8:00p,Houston Rockets,105,Milwaukee Bucks,125,Box Score,,17341,
Sat Oct 22 2022,8:30p,Memphis Grizzlies,96,Dallas Mavericks,137,Box Score,,20377,
Sat Oct 22 2022,9:00p,Oklahoma City Thunder,117,Denver Nuggets,122,Box Score,,19983,
Sat Oct 22 2022,10:00p,Los Angeles Clippers,111,Sacramento Kings,109,Box Score,,16296,
Sun Oct 23 2022,3:30p,Portland Trail Blazers,106,Los Angeles Lakers,104,Box Score,,18997,
Sun Oct 23 2022,5:00p,Charlotte Hornets,126,Atlanta Hawks,109,Box Score,,17383,
Sun Oct 23 2022,7:00p,Washington Wizards,107,Cleveland Cavaliers,117,Box Score,OT,19432,
Sun Oct 23 2022,7:00p,Utah Jazz,122,New Orleans Pelicans,121,Box Score,OT,18665,
Sun Oct 23 2022,8:00p,Minnesota Timberwolves,116,Oklahoma City Thunder,106,Box Score,,15044,
Sun Oct 23 2022,8:30p,Sacramento Kings,125,Golden State Warriors,130,Box Score,,18064,
Sun Oct 23 2022,10:00p,Phoenix Suns,112,Los Angeles Clippers,95,Box Score,,19068,
Mon Oct 24 2022,7:00p,Indiana Pacers,106,Philadelphia 76ers,120,Box Score,,19786,
Mon Oct 24 2022,7:30p,Toronto Raptors,98,Miami Heat,90,Box Score,,19600,
Mon Oct 24 2022,7:30p,Orlando Magic,102,New York Knicks,115,Box Score,,18800,
Mon Oct 24 2022,8:00p,Boston Celtics,102,Chicago Bulls,120,Box Score,,17673,
Mon Oct 24 2022,8:00p,Utah Jazz,108,Houston Rockets,114,Box Score,,16260,
Mon Oct 24 2022,8:00p,Brooklyn Nets,124,Memphis Grizzlies,134,Box Score,,17392,
Mon Oct 24 2022,8:00p,San Antonio Spurs,115,Minnesota Timberwolves,106,Box Score,,15347,
Mon Oct 24 2022,10:00p,Denver Nuggets,110,Portland Trail Blazers,135,Box Score,,18111,
Tue Oct 25 2022,7:00p,Detroit Pistons,99,Washington Wizards,120,Box Score,,13196,
Tue Oct 25 2022,7:30p,Dallas Mavericks,111,New Orleans Pelicans,113,Box Score,,14020,
Tue Oct 25 2022,8:00p,Los Angeles Clippers,94,Oklahoma City Thunder,108,Box Score,,13105,
Tue Oct 25 2022,10:00p,Golden State Warriors,105,Phoenix Suns,134,Box Score,,17071,
Wed Oct 26 2022,7:00p,Orlando Magic,92,Cleveland Cavaliers,103,Box Score,,0,
Wed Oct 26 2022,7:00p,Atlanta Hawks,118,Detroit Pistons,113,Box Score,,17987,
Wed Oct 26 2022,7:30p,Brooklyn Nets,99,Milwaukee Bucks,110,Box Score,,17341,
Wed Oct 26 2022,7:30p,Charlotte Hornets,131,New York Knicks,134,Box Score,OT,19812,
Wed Oct 26 2022,7:30p,Philadelphia 76ers,109,Toronto Raptors,119,Box Score,,19800,
Wed Oct 26 2022,8:00p,Indiana Pacers,109,Chicago Bulls,124,Box Score,,18306,
Wed Oct 26 2022,8:00p,San Antonio Spurs,122,Minnesota Timberwolves,134,Box Score,,16165,
Wed Oct 26 2022,9:00p,Houston Rockets,101,Utah Jazz,109,Box Score,,18206,
Wed Oct 26 2022,10:00p,Los Angeles Lakers,99,Denver Nuggets,110,Box Score,,19520,
Wed Oct 26 2022,10:00p,Miami Heat,119,Portland Trail Blazers,98,Box Score,,18588,
Thu Oct 27 2022,7:30p,Dallas Mavericks,129,Brooklyn Nets,125,Box Score,OT,18039,
Thu Oct 27 2022,8:00p,Los Angeles Clippers,110,Oklahoma City Thunder,118,Box Score,,14510,
Thu Oct 27 2022,10:00p,Miami Heat,110,Golden State Warriors,123,Box Score,,18064,
Thu Oct 27 2022,10:00p,Memphis Grizzlies,125,Sacramento Kings,110,Box Score,,15511,
Fri Oct 28 2022,7:00p,Atlanta Hawks,136,Detroit Pistons,112,Box Score,,18923,
Fri Oct 28 2022,7:00p,Charlotte Hornets,93,Orlando Magic,113,Box Score,,18846,
Fri Oct 28 2022,7:30p,Cleveland Cavaliers,132,Boston Celtics,123,Box Score,OT,19156,
Fri Oct 28 2022,7:30p,Philadelphia 76ers,112,Toronto Raptors,90,Box Score,,19800,
Fri Oct 28 2022,7:30p,Indiana Pacers,127,Washington Wizards,117,Box Score,,13463,
Fri Oct 28 2022,8:00p,New York Knicks,108,Milwaukee Bucks,119,Box Score,,17341,
Fri Oct 28 2022,8:00p,Los Angeles Lakers,102,Minnesota Timberwolves,111,Box Score,,17136,
Fri Oct 28 2022,8:30p,Chicago Bulls,124,San Antonio Spurs,129,Box Score,,16562,
Fri Oct 28 2022,9:00p,Utah Jazz,101,Denver Nuggets,117,Box Score,,19560,
Fri Oct 28 2022,10:00p,New Orleans Pelicans,111,Phoenix Suns,124,Box Score,,17071,
Fri Oct 28 2022,10:00p,Houston Rockets,111,Portland Trail Blazers,125,Box Score,,19082,
Sat Oct 29 2022,6:00p,Miami Heat,113,Sacramento Kings,119,Box Score,,14618,
Sat Oct 29 2022,7:00p,Golden State Warriors,113,Charlotte Hornets,120,Box Score,OT,19079,
Sat Oct 29 2022,7:30p,Indiana Pacers,125,Brooklyn Nets,116,Box Score,,17732,
Sat Oct 29 2022,8:00p,Philadelphia 76ers,114,Chicago Bulls,109,Box Score,,19010,
Sat Oct 29 2022,8:00p,Atlanta Hawks,115,Milwaukee Bucks,123,Box Score,,17341,
Sat Oct 29 2022,9:00p,Oklahoma City Thunder,117,Dallas Mavericks,111,Box Score,OT,20307,
Sat Oct 29 2022,9:00p,Memphis Grizzlies,123,Utah Jazz,124,Box Score,,18206,
Sun Oct 30 2022,3:00p,New Orleans Pelicans,112,Los Angeles Clippers,91,Box Score,,18142,
Sun Oct 30 2022,6:00p,Washington Wizards,94,Boston Celtics,112,Box Score,,19156,
Sun Oct 30 2022,6:00p,New York Knicks,108,Cleveland Cavaliers,121,Box Score,,19432,
Sun Oct 30 2022,6:00p,Golden State Warriors,114,Detroit Pistons,128,Box Score,,20190,
Sun Oct 30 2022,7:00p,Minnesota Timberwolves,98,San Antonio Spurs,107,Box Score,,15053,
Sun Oct 30 2022,7:30p,Orlando Magic,105,Dallas Mavericks,114,Box Score,,20042,
Sun Oct 30 2022,9:00p,Houston Rockets,109,Phoenix Suns,124,Box Score,,17071,
Sun Oct 30 2022,9:30p,Denver Nuggets,110,Los Angeles Lakers,121,Box Score,,18997,
Mon Oct 31 2022,7:00p,Sacramento Kings,115,Charlotte Hornets,108,Box Score,,12020,
Mon Oct 31 2022,7:00p,Philadelphia 76ers,118,Washington Wizards,111,Box Score,,13746,
Mon Oct 31 2022,7:30p,Indiana Pacers,109,Brooklyn Nets,116,Box Score,,15770,
Mon Oct 31 2022,7:30p,Atlanta Hawks,109,Toronto Raptors,139,Box Score,,19800,
Mon Oct 31 2022,8:00p,Detroit Pistons,108,Milwaukee Bucks,110,Box Score,,17341,
Mon Oct 31 2022,9:00p,Memphis Grizzlies,105,Utah Jazz,121,Box Score,,18206,
Mon Oct 31 2022,10:30p,Houston Rockets,93,Los Angeles Clippers,95,Box Score,,14887,
Tue Nov 1 2022,7:30p,Chicago Bulls,108,Brooklyn Nets,99,Box Score,,17732,
Tue Nov 1 2022,7:30p,Golden State Warriors,109,Miami Heat,116,Box Score,,19600,
Tue Nov 1 2022,8:00p,Orlando Magic,108,Oklahoma City Thunder,116,Box Score,,13109,
Tue Nov 1 2022,10:00p,Minnesota Timberwolves,107,Phoenix Suns,116,Box Score,,17071,
Wed Nov 2 2022,6:00p,Washington Wizards,121,Philadelphia 76ers,111,Box Score,,19855,
Wed Nov 2 2022,7:30p,Boston Celtics,113,Cleveland Cavaliers,114,Box Score,OT,19432,
Wed Nov 2 2022,7:30p,Sacramento Kings,107,Miami Heat,110,Box Score,,19600,
Wed Nov 2 2022,7:30p,Atlanta Hawks,112,New York Knicks,99,Box Score,,19812,
Wed Nov 2 2022,8:00p,Charlotte Hornets,88,Chicago Bulls,106,Box Score,,17886,
Wed Nov 2 2022,8:00p,Los Angeles Clippers,109,Houston Rockets,101,Box Score,,15860,
Wed Nov 2 2022,8:00p,Detroit Pistons,91,Milwaukee Bucks,116,Box Score,,17341,
Wed Nov 2 2022,8:00p,Toronto Raptors,143,San Antonio Spurs,100,Box Score,,12155,
Wed Nov 2 2022,8:30p,Utah Jazz,100,Dallas Mavericks,103,Box Score,,19877,
Wed Nov 2 2022,10:00p,Memphis Grizzlies,111,Portland Trail Blazers,106,Box Score,,19462,
Wed Nov 2 2022,10:30p,New Orleans Pelicans,117,Los Angeles Lakers,120,Box Score,OT,18997,
Thu Nov 3 2022,7:00p,Golden State Warriors,129,Orlando Magic,130,Box Score,,18846,
Thu Nov 3 2022,8:00p,Denver Nuggets,122,Oklahoma City Thunder,110,Box Score,,13791,
Fri Nov 4 2022,7:00p,Cleveland Cavaliers,112,Detroit Pistons,88,Box Score,,18744,
Fri Nov 4 2022,7:00p,Miami Heat,99,Indiana Pacers,101,Box Score,,13141,
Fri Nov 4 2022,7:00p,New York Knicks,106,Philadelphia 76ers,104,Box Score,,20679,
Fri Nov 4 2022,7:00p,Brooklyn Nets,128,Washington Wizards,86,Box Score,,17258,
Fri Nov 4 2022,7:30p,Chicago Bulls,119,Boston Celtics,123,Box Score,,19156,
Fri Nov 4 2022,8:00p,Charlotte Hornets,99,Memphis Grizzlies,130,Box Score,,17187,
Fri Nov 4 2022,8:00p,Los Angeles Clippers,113,San Antonio Spurs,106,Box Score,,12603,
Fri Nov 4 2022,8:30p,Toronto Raptors,110,Dallas Mavericks,111,Box Score,,20177,
Fri Nov 4 2022,8:30p,Golden State Warriors,105,New Orleans Pelicans,114,Box Score,,18451,
Fri Nov 4 2022,10:00p,Milwaukee Bucks,115,Minnesota Timberwolves,102,Box Score,,17136,
Fri Nov 4 2022,10:00p,Portland Trail Blazers,108,Phoenix Suns,106,Box Score,,17071,
Fri Nov 4 2022,10:30p,Utah Jazz,130,Los Angeles Lakers,116,Box Score,,18997,
Sat Nov 5 2022,5:00p,Sacramento Kings,126,Orlando Magic,123,Box Score,OT,18846,
Sat Nov 5 2022,7:00p,Brooklyn Nets,98,Charlotte Hornets,94,Box Score,,19398,
Sat Nov 5 2022,7:30p,New Orleans Pelicans,121,Atlanta Hawks,124,Box Score,OT,17654,
Sat Nov 5 2022,7:30p,Boston Celtics,133,New York Knicks,118,Box Score,,19812,
Sat Nov 5 2022,8:00p,Oklahoma City Thunder,94,Milwaukee Bucks,108,Box Score,,17713,
Sat Nov 5 2022,8:00p,Houston Rockets,117,Minnesota Timberwolves,129,Box Score,,16412,
Sat Nov 5 2022,9:00p,San Antonio Spurs,101,Denver Nuggets,126,Box Score,,19641,
Sat Nov 5 2022,10:00p,Portland Trail Blazers,82,Phoenix Suns,102,Box Score,,17071,
Sun Nov 6 2022,3:30p,Cleveland Cavaliers,114,Los Angeles Lakers,100,Box Score,,18997,
Sun Nov 6 2022,6:00p,Washington Wizards,97,Memphis Grizzlies,103,Box Score,,16877,
Sun Nov 6 2022,6:00p,Chicago Bulls,104,Toronto Raptors,113,Box Score,,19800,
Sun Nov 6 2022,10:00p,Utah Jazz,110,Los Angeles Clippers,102,Box Score,,16111,
Mon Nov 7 2022,7:00p,Washington Wizards,108,Charlotte Hornets,100,Box Score,,13712,
Mon Nov 7 2022,7:15p,Houston Rockets,134,Orlando Magic,127,Box Score,,15441,
Mon Nov 7 2022,7:30p,Oklahoma City Thunder,103,Detroit Pistons,112,Box Score,,16223,
Mon Nov 7 2022,7:45p,New Orleans Pelicans,122,Indiana Pacers,129,Box Score,,14052,
Mon Nov 7 2022,8:00p,Phoenix Suns,88,Philadelphia 76ers,100,Box Score,,20347,
Mon Nov 7 2022,8:15p,Milwaukee Bucks,98,Atlanta Hawks,117,Box Score,,17494,
Mon Nov 7 2022,8:30p,Portland Trail Blazers,110,Miami Heat,107,Box Score,,19600,
Mon Nov 7 2022,8:45p,Toronto Raptors,97,Chicago Bulls,111,Box Score,,21142,
Mon Nov 7 2022,9:00p,Boston Celtics,109,Memphis Grizzlies,106,Box Score,,17371,
Mon Nov 7 2022,9:15p,New York Knicks,120,Minnesota Timberwolves,107,Box Score,,14524,
Mon Nov 7 2022,9:30p,Denver Nuggets,115,San Antonio Spurs,109,Box Score,,11574,
Mon Nov 7 2022,9:45p,Brooklyn Nets,94,Dallas Mavericks,96,Box Score,,20011,
Mon Nov 7 2022,10:00p,Sacramento Kings,113,Golden State Warriors,116,Box Score,,18064,
Mon Nov 7 2022,10:15p,Los Angeles Lakers,116,Utah Jazz,139,Box Score,,18206,
Mon Nov 7 2022,10:30p,Cleveland Cavaliers,117,Los Angeles Clippers,119,Box Score,,16516,
Wed Nov 9 2022,5:30p,Dallas Mavericks,87,Orlando Magic,94,Box Score,,18165,
Wed Nov 9 2022,7:00p,Portland Trail Blazers,105,Charlotte Hornets,95,Box Score,,14774,
Wed Nov 9 2022,7:00p,Denver Nuggets,122,Indiana Pacers,119,Box Score,,14069,
Wed Nov 9 2022,7:30p,Utah Jazz,125,Atlanta Hawks,119,Box Score,,15845,
Wed Nov 9 2022,7:30p,Detroit Pistons,112,Boston Celtics,128,Box Score,,19156,
Wed Nov 9 2022,7:30p,New York Knicks,85,Brooklyn Nets,112,Box Score,,18156,
Wed Nov 9 2022,7:30p,Houston Rockets,109,Toronto Raptors,116,Box Score,,19800,
Wed Nov 9 2022,8:00p,New Orleans Pelicans,115,Chicago Bulls,111,Box Score,,19621,
Wed Nov 9 2022,8:00p,Phoenix Suns,129,Minnesota Timberwolves,117,Box Score,,16062,
Wed Nov 9 2022,8:00p,Milwaukee Bucks,136,Oklahoma City Thunder,132,Box Score,2OT,15180,
Wed Nov 9 2022,8:00p,Memphis Grizzlies,124,San Antonio Spurs,122,Box Score,OT,13507,
Wed Nov 9 2022,10:00p,Los Angeles Lakers,101,Los Angeles Clippers,114,Box Score,,19068,
Wed Nov 9 2022,10:00p,Cleveland Cavaliers,120,Sacramento Kings,127,Box Score,,13816,
Thu Nov 10 2022,7:00p,Dallas Mavericks,105,Washington Wizards,113,Box Score,,18320,
Thu Nov 10 2022,7:30p,Philadelphia 76ers,95,Atlanta Hawks,104,Box Score,,16066,
Thu Nov 10 2022,7:30p,Charlotte Hornets,112,Miami Heat,117,Box Score,OT,19600,
Thu Nov 10 2022,8:00p,Portland Trail Blazers,106,New Orleans Pelicans,95,Box Score,,14289,
Fri Nov 11 2022,7:00p,Denver Nuggets,112,Boston Celtics,131,Box Score,,19156,
Fri Nov 11 2022,7:00p,Phoenix Suns,97,Orlando Magic,114,Box Score,,15879,
Fri Nov 11 2022,7:30p,Detroit Pistons,112,New York Knicks,121,Box Score,,19812,
Fri Nov 11 2022,8:00p,Toronto Raptors,113,Oklahoma City Thunder,132,Box Score,,16104,
Fri Nov 11 2022,8:00p,Milwaukee Bucks,93,San Antonio Spurs,111,Box Score,,15642,
Fri Nov 11 2022,9:30p,Minnesota Timberwolves,103,Memphis Grizzlies,114,Box Score,,16939,
Fri Nov 11 2022,10:00p,Cleveland Cavaliers,101,Golden State Warriors,106,Box Score,,18064,
Fri Nov 11 2022,10:30p,Sacramento Kings,120,Los Angeles Lakers,114,Box Score,,17849,
Sat Nov 12 2022,4:00p,Brooklyn Nets,110,Los Angeles Clippers,95,Box Score,,17777,
Sat Nov 12 2022,6:00p,Utah Jazz,112,Washington Wizards,121,Box Score,,13673,
Sat Nov 12 2022,7:00p,Boston Celtics,117,Detroit Pistons,108,Box Score,,20190,
Sat Nov 12 2022,7:00p,Toronto Raptors,104,Indiana Pacers,118,Box Score,,13089,
Sat Nov 12 2022,7:30p,Atlanta Hawks,109,Philadelphia 76ers,121,Box Score,,20245,
Sat Nov 12 2022,8:00p,Charlotte Hornets,115,Miami Heat,132,Box Score,,19600,
Sat Nov 12 2022,8:30p,Portland Trail Blazers,112,Dallas Mavericks,117,Box Score,,20277,
Sat Nov 12 2022,8:30p,Houston Rockets,106,New Orleans Pelicans,119,Box Score,,15367,
Sun Nov 13 2022,12:00p,Oklahoma City Thunder,145,New York Knicks,135,Box Score,,18325,
Sun Nov 13 2022,6:00p,Minnesota Timberwolves,129,Cleveland Cavaliers,124,Box Score,,19432,
Sun Nov 13 2022,6:00p,Memphis Grizzlies,92,Washington Wizards,102,Box Score,,17667,
Sun Nov 13 2022,7:30p,Utah Jazz,98,Philadelphia 76ers,105,Box Score,,19761,
Sun Nov 13 2022,8:00p,Denver Nuggets,126,Chicago Bulls,103,Box Score,,21602,
Sun Nov 13 2022,9:00p,Golden State Warriors,115,Sacramento Kings,122,Box Score,,16410,
Sun Nov 13 2022,9:30p,Brooklyn Nets,103,Los Angeles Lakers,116,Box Score,,18040,
Mon Nov 14 2022,7:00p,Toronto Raptors,115,Detroit Pistons,111,Box Score,,16988,
Mon Nov 14 2022,7:00p,Charlotte Hornets,112,Orlando Magic,105,Box Score,,15018,
Mon Nov 14 2022,7:30p,Oklahoma City Thunder,122,Boston Celtics,126,Box Score,,19156,
Mon Nov 14 2022,7:30p,Phoenix Suns,112,Miami Heat,113,Box Score,,19600,
Mon Nov 14 2022,8:00p,Los Angeles Clippers,122,Houston Rockets,106,Box Score,,16098,
Mon Nov 14 2022,8:00p,Atlanta Hawks,121,Milwaukee Bucks,106,Box Score,,17341,
Mon Nov 14 2022,10:00p,San Antonio Spurs,95,Golden State Warriors,132,Box Score,,18064,
Tue Nov 15 2022,7:30p,Memphis Grizzlies,102,New Orleans Pelicans,113,Box Score,,14032,
Tue Nov 15 2022,8:30p,Los Angeles Clippers,101,Dallas Mavericks,103,Box Score,,19810,
Tue Nov 15 2022,9:00p,New York Knicks,118,Utah Jazz,111,Box Score,,18206,
Tue Nov 15 2022,10:00p,San Antonio Spurs,110,Portland Trail Blazers,117,Box Score,,19012,
Tue Nov 15 2022,10:00p,Brooklyn Nets,121,Sacramento Kings,153,Box Score,,17611,
Wed Nov 16 2022,7:00p,Indiana Pacers,125,Charlotte Hornets,113,Box Score,,14756,
Wed Nov 16 2022,7:00p,Minnesota Timberwolves,126,Orlando Magic,108,Box Score,,16527,
Wed Nov 16 2022,7:00p,Oklahoma City Thunder,121,Washington Wizards,120,Box Score,,12630,
Wed Nov 16 2022,7:30p,Boston Celtics,126,Atlanta Hawks,101,Box Score,,18165,
Wed Nov 16 2022,7:30p,Miami Heat,104,Toronto Raptors,112,Box Score,,19800,
Wed Nov 16 2022,8:00p,Cleveland Cavaliers,98,Milwaukee Bucks,113,Box Score,,17341,
Wed Nov 16 2022,8:00p,Chicago Bulls,110,New Orleans Pelicans,124,Box Score,,14658,
Wed Nov 16 2022,8:30p,Houston Rockets,101,Dallas Mavericks,92,Box Score,,19602,
Wed Nov 16 2022,10:00p,New York Knicks,106,Denver Nuggets,103,Box Score,,18210,
Wed Nov 16 2022,10:00p,Golden State Warriors,119,Phoenix Suns,130,Box Score,,17071,
Thu Nov 17 2022,10:00p,Brooklyn Nets,109,Portland Trail Blazers,107,Box Score,,19393,
Thu Nov 17 2022,10:00p,San Antonio Spurs,112,Sacramento Kings,130,Box Score,,16522,
Thu Nov 17 2022,10:30p,Detroit Pistons,91,Los Angeles Clippers,96,Box Score,,17822,
Fri Nov 18 2022,7:00p,Miami Heat,106,Washington Wizards,107,Box Score,OT,18772,
Fri Nov 18 2022,7:30p,Charlotte Hornets,122,Cleveland Cavaliers,132,Box Score,2OT,19432,
Fri Nov 18 2022,7:30p,Milwaukee Bucks,102,Philadelphia 76ers,110,Box Score,,19769,
Fri Nov 18 2022,8:00p,Orlando Magic,108,Chicago Bulls,107,Box Score,,21031,
Fri Nov 18 2022,8:00p,Indiana Pacers,99,Houston Rockets,91,Box Score,,15882,
Fri Nov 18 2022,8:00p,Oklahoma City Thunder,110,Memphis Grizzlies,121,Box Score,,17324,
Fri Nov 18 2022,8:30p,Denver Nuggets,99,Dallas Mavericks,127,Box Score,,20135,
Fri Nov 18 2022,8:30p,Boston Celtics,117,New Orleans Pelicans,109,Box Score,,17828,
Fri Nov 18 2022,9:00p,Phoenix Suns,133,Utah Jazz,134,Box Score,,18206,
Fri Nov 18 2022,10:00p,New York Knicks,101,Golden State Warriors,111,Box Score,,18064,
Fri Nov 18 2022,10:30p,Detroit Pistons,121,Los Angeles Lakers,128,Box Score,,18095,
Sat Nov 19 2022,6:00p,Toronto Raptors,122,Atlanta Hawks,124,Box Score,OT,18051,
Sat Nov 19 2022,7:00p,Orlando Magic,113,Indiana Pacers,114,Box Score,,14478,
Sat Nov 19 2022,7:30p,Minnesota Timberwolves,112,Philadelphia 76ers,109,Box Score,,20515,
Sat Nov 19 2022,10:00p,Utah Jazz,118,Portland Trail Blazers,113,Box Score,,19595,
Sat Nov 19 2022,10:30p,San Antonio Spurs,97,Los Angeles Clippers,119,Box Score,,18581,
Sun Nov 20 2022,3:30p,New York Knicks,95,Phoenix Suns,116,Box Score,,17071,
Sun Nov 20 2022,6:00p,Detroit Pistons,129,Sacramento Kings,137,Box Score,,17866,
Sun Nov 20 2022,6:00p,Charlotte Hornets,102,Washington Wizards,106,Box Score,,14289,
Sun Nov 20 2022,7:00p,Memphis Grizzlies,115,Brooklyn Nets,127,Box Score,,18241,
Sun Nov 20 2022,7:00p,Miami Heat,87,Cleveland Cavaliers,113,Box Score,,19432,
Sun Nov 20 2022,7:00p,Golden State Warriors,127,Houston Rockets,120,Box Score,,18055,
Sun Nov 20 2022,7:30p,Denver Nuggets,98,Dallas Mavericks,97,Box Score,,20244,
Sun Nov 20 2022,9:30p,San Antonio Spurs,92,Los Angeles Lakers,123,Box Score,,18211,
Mon Nov 21 2022,7:00p,Atlanta Hawks,102,Cleveland Cavaliers,114,Box Score,,19432,
Mon Nov 21 2022,7:00p,Orlando Magic,102,Indiana Pacers,123,Box Score,,14029,
Mon Nov 21 2022,8:00p,Boston Celtics,107,Chicago Bulls,121,Box Score,,20786,
Mon Nov 21 2022,8:00p,Portland Trail Blazers,111,Milwaukee Bucks,119,Box Score,,17341,
Mon Nov 21 2022,8:00p,Miami Heat,101,Minnesota Timberwolves,105,Box Score,,16583,
Mon Nov 21 2022,8:00p,Golden State Warriors,83,New Orleans Pelicans,128,Box Score,,18589,
Mon Nov 21 2022,8:00p,New York Knicks,129,Oklahoma City Thunder,119,Box Score,,15079,
Mon Nov 21 2022,10:30p,Utah Jazz,114,Los Angeles Clippers,121,Box Score,,19068,
Tue Nov 22 2022,7:30p,Brooklyn Nets,106,Philadelphia 76ers,115,Box Score,,20184,
Tue Nov 22 2022,8:00p,Sacramento Kings,113,Memphis Grizzlies,109,Box Score,,16826,
Tue Nov 22 2022,9:00p,Detroit Pistons,110,Denver Nuggets,108,Box Score,,19635,
Tue Nov 22 2022,10:00p,Los Angeles Lakers,105,Phoenix Suns,115,Box Score,,17071,
Wed Nov 23 2022,7:00p,Philadelphia 76ers,101,Charlotte Hornets,107,Box Score,,16910,
Wed Nov 23 2022,7:00p,Portland Trail Blazers,96,Cleveland Cavaliers,114,Box Score,,19432,
Wed Nov 23 2022,7:00p,Minnesota Timberwolves,115,Indiana Pacers,101,Box Score,,15751,
Wed Nov 23 2022,7:30p,Sacramento Kings,106,Atlanta Hawks,115,Box Score,,18173,
Wed Nov 23 2022,7:30p,Dallas Mavericks,112,Boston Celtics,125,Box Score,,19156,
Wed Nov 23 2022,7:30p,Washington Wizards,105,Miami Heat,113,Box Score,,19600,
Wed Nov 23 2022,7:30p,Brooklyn Nets,112,Toronto Raptors,98,Box Score,,19800,
Wed Nov 23 2022,8:00p,Chicago Bulls,118,Milwaukee Bucks,113,Box Score,,17341,
Wed Nov 23 2022,8:00p,Denver Nuggets,131,Oklahoma City Thunder,126,Box Score,OT,13656,
Wed Nov 23 2022,8:00p,New Orleans Pelicans,129,San Antonio Spurs,110,Box Score,,14947,
Wed Nov 23 2022,9:00p,Detroit Pistons,125,Utah Jazz,116,Box Score,,18206,
Wed Nov 23 2022,10:00p,Los Angeles Clippers,107,Golden State Warriors,124,Box Score,,18064,
Fri Nov 25 2022,5:00p,Minnesota Timberwolves,108,Charlotte Hornets,110,Box Score,,17924,
Fri Nov 25 2022,7:00p,Philadelphia 76ers,107,Orlando Magic,99,Box Score,,15384,
Fri Nov 25 2022,7:30p,Portland Trail Blazers,132,New York Knicks,129,Box Score,OT,19812,
Fri Nov 25 2022,8:00p,Sacramento Kings,104,Boston Celtics,122,Box Score,,19156,
Fri Nov 25 2022,8:00p,Atlanta Hawks,122,Houston Rockets,128,Box Score,,16669,
Fri Nov 25 2022,8:00p,Brooklyn Nets,117,Indiana Pacers,128,Box Score,,15404,
Fri Nov 25 2022,8:00p,New Orleans Pelicans,111,Memphis Grizzlies,132,Box Score,,17794,
Fri Nov 25 2022,8:00p,Washington Wizards,107,Miami Heat,110,Box Score,,19600,
Fri Nov 25 2022,8:00p,Cleveland Cavaliers,102,Milwaukee Bucks,117,Box Score,,17447,
Fri Nov 25 2022,8:00p,Chicago Bulls,119,Oklahoma City Thunder,123,Box Score,OT,16082,
Fri Nov 25 2022,8:00p,Los Angeles Lakers,105,San Antonio Spurs,94,Box Score,,18354,
Fri Nov 25 2022,9:00p,Detroit Pistons,102,Phoenix Suns,108,Box Score,,17071,
Fri Nov 25 2022,10:00p,Utah Jazz,118,Golden State Warriors,129,Box Score,,18064,
Fri Nov 25 2022,10:30p,Denver Nuggets,114,Los Angeles Clippers,104,Box Score,,16559,
Sat Nov 26 2022,5:00p,Dallas Mavericks,100,Toronto Raptors,105,Box Score,,19800,
Sat Nov 26 2022,8:00p,Oklahoma City Thunder,105,Houston Rockets,118,Box Score,,15151,
Sat Nov 26 2022,8:00p,Los Angeles Lakers,143,San Antonio Spurs,138,Box Score,,18354,
Sat Nov 26 2022,9:00p,Utah Jazz,112,Phoenix Suns,113,Box Score,,17071,
Sun Nov 27 2022,3:00p,Portland Trail Blazers,97,Brooklyn Nets,111,Box Score,,17732,
Sun Nov 27 2022,3:30p,Golden State Warriors,137,Minnesota Timberwolves,114,Box Score,,17136,
Sun Nov 27 2022,4:00p,Indiana Pacers,100,Los Angeles Clippers,114,Box Score,,16805,
Sun Nov 27 2022,5:00p,Miami Heat,106,Atlanta Hawks,98,Box Score,,17268,
Sun Nov 27 2022,6:00p,Washington Wizards,121,Boston Celtics,130,Box Score,,19156,
Sun Nov 27 2022,6:00p,Cleveland Cavaliers,102,Detroit Pistons,94,Box Score,,18240,
Sun Nov 27 2022,6:00p,Memphis Grizzlies,127,New York Knicks,123,Box Score,,19524,
Sun Nov 27 2022,6:00p,Philadelphia 76ers,133,Orlando Magic,103,Box Score,,16218,
Sun Nov 27 2022,8:00p,Dallas Mavericks,115,Milwaukee Bucks,124,Box Score,,17341,
Mon Nov 28 2022,7:00p,Atlanta Hawks,101,Philadelphia 76ers,104,Box Score,,19778,
Mon Nov 28 2022,7:00p,Minnesota Timberwolves,127,Washington Wizards,142,Box Score,,13515,
Mon Nov 28 2022,7:30p,Charlotte Hornets,105,Boston Celtics,140,Box Score,,19156,
Mon Nov 28 2022,7:30p,Orlando Magic,102,Brooklyn Nets,109,Box Score,,15704,
Mon Nov 28 2022,7:30p,Cleveland Cavaliers,88,Toronto Raptors,100,Box Score,,19800,
Mon Nov 28 2022,8:00p,Oklahoma City Thunder,101,New Orleans Pelicans,105,Box Score,,13109,
Mon Nov 28 2022,9:00p,Houston Rockets,113,Denver Nuggets,129,Box Score,,16027,
Mon Nov 28 2022,9:00p,Chicago Bulls,114,Utah Jazz,107,Box Score,,18206,
Mon Nov 28 2022,10:00p,Phoenix Suns,122,Sacramento Kings,117,Box Score,,16407,
Mon Nov 28 2022,10:30p,Indiana Pacers,116,Los Angeles Lakers,115,Box Score,,16034,
Tue Nov 29 2022,7:00p,New York Knicks,140,Detroit Pistons,110,Box Score,,14864,
Tue Nov 29 2022,7:30p,Golden State Warriors,113,Dallas Mavericks,116,Box Score,,20277,
Tue Nov 29 2022,10:00p,Los Angeles Clippers,118,Portland Trail Blazers,112,Box Score,,17251,
Wed Nov 30 2022,7:00p,Philadelphia 76ers,85,Cleveland Cavaliers,113,Box Score,,19432,
Wed Nov 30 2022,7:00p,Atlanta Hawks,125,Orlando Magic,108,Box Score,,15344,
Wed Nov 30 2022,7:30p,Miami Heat,121,Boston Celtics,134,Box Score,,19156,
Wed Nov 30 2022,7:30p,Washington Wizards,107,Brooklyn Nets,113,Box Score,,15963,
Wed Nov 30 2022,7:30p,Milwaukee Bucks,109,New York Knicks,103,Box Score,,17277,
Wed Nov 30 2022,8:00p,Memphis Grizzlies,101,Minnesota Timberwolves,109,Box Score,,15980,
Wed Nov 30 2022,8:00p,Toronto Raptors,108,New Orleans Pelicans,126,Box Score,,14845,
Wed Nov 30 2022,8:00p,San Antonio Spurs,111,Oklahoma City Thunder,119,Box Score,,15605,
Wed Nov 30 2022,9:00p,Houston Rockets,100,Denver Nuggets,120,Box Score,,16286,
Wed Nov 30 2022,9:00p,Chicago Bulls,113,Phoenix Suns,132,Box Score,,17071,
Wed Nov 30 2022,9:00p,Los Angeles Clippers,112,Utah Jazz,125,Box Score,,18206,
Wed Nov 30 2022,10:00p,Indiana Pacers,114,Sacramento Kings,137,Box Score,,17611,
Wed Nov 30 2022,10:30p,Portland Trail Blazers,109,Los Angeles Lakers,128,Box Score,,18560,
Thu Dec 1 2022,7:00p,Dallas Mavericks,125,Detroit Pistons,131,Box Score,OT,18106,
Fri Dec 2 2022,7:00p,Washington Wizards,116,Charlotte Hornets,117,Box Score,,15231,
Fri Dec 2 2022,7:30p,Denver Nuggets,109,Atlanta Hawks,117,Box Score,,16974,
Fri Dec 2 2022,7:30p,Miami Heat,120,Boston Celtics,116,Box Score,OT,19156,
Fri Dec 2 2022,7:30p,Toronto Raptors,105,Brooklyn Nets,114,Box Score,,17732,
Fri Dec 2 2022,7:30p,Orlando Magic,96,Cleveland Cavaliers,107,Box Score,,19432,
Fri Dec 2 2022,7:30p,Los Angeles Lakers,133,Milwaukee Bucks,129,Box Score,,17938,
Fri Dec 2 2022,8:00p,Philadelphia 76ers,109,Memphis Grizzlies,117,Box Score,,17022,
Fri Dec 2 2022,8:00p,New Orleans Pelicans,117,San Antonio Spurs,99,Box Score,,17202,
Fri Dec 2 2022,9:00p,Houston Rockets,122,Phoenix Suns,121,Box Score,,17071,
Fri Dec 2 2022,9:00p,Indiana Pacers,119,Utah Jazz,139,Box Score,,18206,
Fri Dec 2 2022,10:00p,Chicago Bulls,111,Golden State Warriors,119,Box Score,,18064,
Sat Dec 3 2022,12:30p,Dallas Mavericks,121,New York Knicks,100,Box Score,,18319,
Sat Dec 3 2022,4:00p,Sacramento Kings,123,Los Angeles Clippers,96,Box Score,,16587,
Sat Dec 3 2022,6:00p,Milwaukee Bucks,105,Charlotte Hornets,96,Box Score,,18128,
Sat Dec 3 2022,8:00p,Oklahoma City Thunder,135,Minnesota Timberwolves,128,Box Score,,17136,
Sat Dec 3 2022,8:00p,Orlando Magic,108,Toronto Raptors,121,Box Score,,19800,
Sat Dec 3 2022,8:30p,Houston Rockets,101,Golden State Warriors,120,Box Score,,18064,
Sat Dec 3 2022,9:00p,Portland Trail Blazers,116,Utah Jazz,111,Box Score,,18206,
Sun Dec 4 2022,3:30p,Denver Nuggets,106,New Orleans Pelicans,121,Box Score,,15658,
Sun Dec 4 2022,4:00p,Phoenix Suns,133,San Antonio Spurs,95,Box Score,,16409,
Sun Dec 4 2022,6:00p,Boston Celtics,103,Brooklyn Nets,92,Box Score,,18043,
Sun Dec 4 2022,6:00p,Memphis Grizzlies,122,Detroit Pistons,112,Box Score,,20088,
Sun Dec 4 2022,6:00p,Cleveland Cavaliers,81,New York Knicks,92,Box Score,,19007,
Sun Dec 4 2022,6:00p,Chicago Bulls,101,Sacramento Kings,110,Box Score,,17611,
Sun Dec 4 2022,6:00p,Los Angeles Lakers,130,Washington Wizards,119,Box Score,,19647,
Sun Dec 4 2022,9:00p,Indiana Pacers,100,Portland Trail Blazers,116,Box Score,,17479,
Mon Dec 5 2022,7:00p,Los Angeles Clippers,119,Charlotte Hornets,117,Box Score,,13945,
Mon Dec 5 2022,7:00p,Milwaukee Bucks,109,Orlando Magic,102,Box Score,,16174,
Mon Dec 5 2022,7:30p,Oklahoma City Thunder,121,Atlanta Hawks,114,Box Score,,16301,
Mon Dec 5 2022,7:30p,Boston Celtics,116,Toronto Raptors,110,Box Score,,19800,
Mon Dec 5 2022,8:00p,Philadelphia 76ers,123,Houston Rockets,132,Box Score,2OT,15331,
Mon Dec 5 2022,8:00p,Miami Heat,93,Memphis Grizzlies,101,Box Score,,16122,
Mon Dec 5 2022,8:30p,Phoenix Suns,111,Dallas Mavericks,130,Box Score,,20227,
Mon Dec 5 2022,10:00p,Indiana Pacers,112,Golden State Warriors,104,Box Score,,18064,
Tue Dec 6 2022,7:30p,Los Angeles Lakers,102,Cleveland Cavaliers,116,Box Score,,19432,
Tue Dec 6 2022,7:30p,Detroit Pistons,116,Miami Heat,96,Box Score,,19600,
Tue Dec 6 2022,10:00p,Dallas Mavericks,116,Denver Nuggets,115,Box Score,,19520,
Wed Dec 7 2022,7:00p,Los Angeles Clippers,111,Orlando Magic,116,Box Score,OT,14429,
Wed Dec 7 2022,7:30p,Charlotte Hornets,116,Brooklyn Nets,122,Box Score,,16903,
Wed Dec 7 2022,7:30p,Atlanta Hawks,89,New York Knicks,113,Box Score,,18091,
Wed Dec 7 2022,7:30p,Los Angeles Lakers,113,Toronto Raptors,126,Box Score,,19800,
Wed Dec 7 2022,8:00p,Washington Wizards,111,Chicago Bulls,115,Box Score,,19265,
Wed Dec 7 2022,8:00p,Oklahoma City Thunder,102,Memphis Grizzlies,123,Box Score,,15942,
Wed Dec 7 2022,8:00p,Sacramento Kings,113,Milwaukee Bucks,126,Box Score,,17341,
Wed Dec 7 2022,8:00p,Indiana Pacers,115,Minnesota Timberwolves,121,Box Score,,15472,
Wed Dec 7 2022,8:00p,Detroit Pistons,98,New Orleans Pelicans,104,Box Score,,14073,
Wed Dec 7 2022,9:00p,Golden State Warriors,123,Utah Jazz,124,Box Score,,18206,
Wed Dec 7 2022,10:00p,Boston Celtics,125,Phoenix Suns,98,Box Score,,17071,
Thu Dec 8 2022,7:30p,Los Angeles Clippers,110,Miami Heat,115,Box Score,,19600,
Thu Dec 8 2022,8:30p,Houston Rockets,109,San Antonio Spurs,118,Box Score,,13140,
Thu Dec 8 2022,10:00p,Denver Nuggets,121,Portland Trail Blazers,120,Box Score,,18189,
Fri Dec 9 2022,7:00p,New York Knicks,121,Charlotte Hornets,102,Box Score,,17696,
Fri Dec 9 2022,7:00p,Washington Wizards,111,Indiana Pacers,121,Box Score,,15039,
Fri Dec 9 2022,7:00p,Toronto Raptors,109,Orlando Magic,113,Box Score,,17008,
Fri Dec 9 2022,7:30p,Atlanta Hawks,116,Brooklyn Nets,120,Box Score,,18072,
Fri Dec 9 2022,7:30p,Sacramento Kings,106,Cleveland Cavaliers,95,Box Score,,19432,
Fri Dec 9 2022,7:30p,Los Angeles Lakers,122,Philadelphia 76ers,133,Box Score,OT,20852,
Fri Dec 9 2022,8:00p,Detroit Pistons,103,Memphis Grizzlies,114,Box Score,,17103,
Fri Dec 9 2022,8:30p,Phoenix Suns,117,New Orleans Pelicans,128,Box Score,,16381,
Fri Dec 9 2022,9:00p,Minnesota Timberwolves,118,Utah Jazz,108,Box Score,,18206,
Fri Dec 9 2022,10:00p,Milwaukee Bucks,106,Dallas Mavericks,105,Box Score,,20277,
Sat Dec 10 2022,5:00p,San Antonio Spurs,115,Miami Heat,111,Box Score,,19600,
Sat Dec 10 2022,7:00p,Brooklyn Nets,136,Indiana Pacers,133,Box Score,,14280,
Sat Dec 10 2022,7:00p,Los Angeles Clippers,114,Washington Wizards,107,Box Score,,18404,
Sat Dec 10 2022,7:30p,Oklahoma City Thunder,102,Cleveland Cavaliers,110,Box Score,,19432,
Sat Dec 10 2022,8:00p,Dallas Mavericks,115,Chicago Bulls,144,Box Score,,19528,
Sat Dec 10 2022,8:30p,Boston Celtics,107,Golden State Warriors,123,Box Score,,18064,
Sat Dec 10 2022,9:00p,Utah Jazz,110,Denver Nuggets,115,Box Score,,19636,
Sat Dec 10 2022,10:00p,Minnesota Timberwolves,118,Portland Trail Blazers,124,Box Score,,18324,
Sun Dec 11 2022,3:30p,Phoenix Suns,124,New Orleans Pelicans,129,Box Score,OT,18681,
Sun Dec 11 2022,6:00p,Los Angeles Lakers,124,Detroit Pistons,117,Box Score,,20190,
Sun Dec 11 2022,6:00p,Sacramento Kings,99,New York Knicks,112,Box Score,,19812,
Sun Dec 11 2022,6:00p,Toronto Raptors,99,Orlando Magic,111,Box Score,,16891,
Sun Dec 11 2022,6:00p,Charlotte Hornets,113,Philadelphia 76ers,131,Box Score,,19765,
Sun Dec 11 2022,6:30p,Chicago Bulls,122,Atlanta Hawks,123,Box Score,OT,17227,
Sun Dec 11 2022,7:00p,Milwaukee Bucks,92,Houston Rockets,97,Box Score,,16268,
Mon Dec 12 2022,7:00p,Miami Heat,87,Indiana Pacers,82,Box Score,,15309,
Mon Dec 12 2022,7:00p,Brooklyn Nets,112,Washington Wizards,100,Box Score,,16090,
Mon Dec 12 2022,8:00p,Atlanta Hawks,103,Memphis Grizzlies,128,Box Score,,16544,
Mon Dec 12 2022,8:30p,Oklahoma City Thunder,114,Dallas Mavericks,121,Box Score,,19877,
Mon Dec 12 2022,8:30p,Cleveland Cavaliers,111,San Antonio Spurs,112,Box Score,,13434,
Mon Dec 12 2022,10:00p,Minnesota Timberwolves,112,Portland Trail Blazers,133,Box Score,,18021,
Mon Dec 12 2022,10:30p,Boston Celtics,93,Los Angeles Clippers,113,Box Score,,19068,
Tue Dec 13 2022,7:00p,Sacramento Kings,103,Philadelphia 76ers,123,Box Score,,19768,
Tue Dec 13 2022,7:30p,Golden State Warriors,111,Milwaukee Bucks,128,Box Score,,17628,
Tue Dec 13 2022,8:00p,Phoenix Suns,97,Houston Rockets,111,Box Score,,15128,
Tue Dec 13 2022,9:00p,New Orleans Pelicans,100,Utah Jazz,121,Box Score,,18206,
Tue Dec 13 2022,10:00p,Boston Celtics,122,Los Angeles Lakers,118,Box Score,OT,18661,
Wed Dec 14 2022,7:00p,Detroit Pistons,141,Charlotte Hornets,134,Box Score,OT,14303,
Wed Dec 14 2022,7:00p,Golden State Warriors,119,Indiana Pacers,125,Box Score,,15069,
Wed Dec 14 2022,7:00p,Atlanta Hawks,124,Orlando Magic,135,Box Score,,16002,
Wed Dec 14 2022,7:30p,New York Knicks,128,Chicago Bulls,120,Box Score,OT,18820,
Wed Dec 14 2022,7:30p,Sacramento Kings,124,Toronto Raptors,123,Box Score,,19800,
Wed Dec 14 2022,8:00p,Miami Heat,110,Oklahoma City Thunder,108,Box Score,,14783,
Wed Dec 14 2022,8:00p,Portland Trail Blazers,128,San Antonio Spurs,112,Box Score,,13657,
Wed Dec 14 2022,9:00p,Cleveland Cavaliers,105,Dallas Mavericks,90,Box Score,,20093,
Wed Dec 14 2022,9:00p,Washington Wizards,128,Denver Nuggets,141,Box Score,,19550,
Wed Dec 14 2022,10:00p,Minnesota Timberwolves,88,Los Angeles Clippers,99,Box Score,,14063,
Thu Dec 15 2022,8:00p,Miami Heat,111,Houston Rockets,108,Box Score,,16210,
Thu Dec 15 2022,8:00p,Milwaukee Bucks,101,Memphis Grizzlies,142,Box Score,,17794,
Thu Dec 15 2022,9:00p,New Orleans Pelicans,129,Utah Jazz,132,Box Score,OT,18206,
Thu Dec 15 2022,10:30p,Phoenix Suns,111,Los Angeles Clippers,95,Box Score,,15778,
Fri Dec 16 2022,7:00p,Atlanta Hawks,125,Charlotte Hornets,106,Box Score,,17772,
Fri Dec 16 2022,7:00p,Sacramento Kings,122,Detroit Pistons,113,Box Score,,17892,
Fri Dec 16 2022,7:30p,Orlando Magic,117,Boston Celtics,109,Box Score,,19156,
Fri Dec 16 2022,7:30p,Indiana Pacers,112,Cleveland Cavaliers,118,Box Score,,19432,
Fri Dec 16 2022,7:30p,Golden State Warriors,106,Philadelphia 76ers,118,Box Score,,20567,
Fri Dec 16 2022,7:30p,Brooklyn Nets,119,Toronto Raptors,116,Box Score,,19800,
Fri Dec 16 2022,8:00p,New York Knicks,114,Chicago Bulls,91,Box Score,,19661,
Fri Dec 16 2022,8:00p,Minnesota Timberwolves,112,Oklahoma City Thunder,110,Box Score,,14885,
Fri Dec 16 2022,8:30p,Portland Trail Blazers,110,Dallas Mavericks,130,Box Score,,20191,
Fri Dec 16 2022,10:00p,Denver Nuggets,108,Los Angeles Lakers,126,Box Score,,18505,
Sat Dec 17 2022,4:00p,Washington Wizards,93,Los Angeles Clippers,102,Box Score,,15018,
Sat Dec 17 2022,5:00p,Miami Heat,111,San Antonio Spurs,101,Box Score,,20160,
Sat Dec 17 2022,8:00p,Dallas Mavericks,99,Cleveland Cavaliers,100,Box Score,OT,19432,
Sat Dec 17 2022,8:00p,Portland Trail Blazers,107,Houston Rockets,95,Box Score,,16217,
Sat Dec 17 2022,8:00p,Utah Jazz,97,Milwaukee Bucks,123,Box Score,,17587,
Sat Dec 17 2022,8:00p,Memphis Grizzlies,109,Oklahoma City Thunder,115,Box Score,,16895,
Sat Dec 17 2022,9:00p,New Orleans Pelicans,114,Phoenix Suns,118,Box Score,,17071,
Sun Dec 18 2022,3:00p,Orlando Magic,95,Boston Celtics,92,Box Score,,19156,
Sun Dec 18 2022,5:00p,New York Knicks,109,Indiana Pacers,106,Box Score,,14513,
Sun Dec 18 2022,6:00p,Brooklyn Nets,124,Detroit Pistons,121,Box Score,,19488,
Sun Dec 18 2022,6:00p,Golden State Warriors,126,Toronto Raptors,110,Box Score,,19800,
Sun Dec 18 2022,7:00p,Chicago Bulls,126,Minnesota Timberwolves,150,Box Score,,16294,
Sun Dec 18 2022,8:00p,Charlotte Hornets,115,Denver Nuggets,119,Box Score,,19235,
Sun Dec 18 2022,9:30p,Washington Wizards,117,Los Angeles Lakers,119,Box Score,,18153,
Mon Dec 19 2022,7:00p,Utah Jazz,99,Cleveland Cavaliers,122,Box Score,,19432,
Mon Dec 19 2022,7:00p,Toronto Raptors,101,Philadelphia 76ers,104,Box Score,OT,20408,
Mon Dec 19 2022,7:30p,Orlando Magic,125,Atlanta Hawks,126,Box Score,,17809,
Mon Dec 19 2022,8:00p,San Antonio Spurs,124,Houston Rockets,105,Box Score,,15928,
Mon Dec 19 2022,8:00p,Dallas Mavericks,106,Minnesota Timberwolves,116,Box Score,,16627,
Mon Dec 19 2022,8:00p,Milwaukee Bucks,128,New Orleans Pelicans,119,Box Score,,18271,
Mon Dec 19 2022,8:00p,Portland Trail Blazers,121,Oklahoma City Thunder,123,Box Score,,14672,
Mon Dec 19 2022,9:00p,Los Angeles Lakers,104,Phoenix Suns,130,Box Score,,17071,
Mon Dec 19 2022,10:00p,Charlotte Hornets,125,Sacramento Kings,119,Box Score,,17803,
Tue Dec 20 2022,7:00p,Utah Jazz,126,Detroit Pistons,111,Box Score,,15622,
Tue Dec 20 2022,7:30p,Chicago Bulls,113,Miami Heat,103,Box Score,,19969,
Tue Dec 20 2022,7:30p,Golden State Warriors,94,New York Knicks,132,Box Score,,19812,
Tue Dec 20 2022,9:00p,Washington Wizards,113,Phoenix Suns,110,Box Score,,17071,
Tue Dec 20 2022,10:00p,Memphis Grizzlies,91,Denver Nuggets,105,Box Score,,19605,
Wed Dec 21 2022,7:00p,Milwaukee Bucks,106,Cleveland Cavaliers,114,Box Score,,19432,
Wed Dec 21 2022,7:00p,Detroit Pistons,93,Philadelphia 76ers,113,Box Score,,20615,
Wed Dec 21 2022,7:30p,Chicago Bulls,110,Atlanta Hawks,108,Box Score,,17226,
Wed Dec 21 2022,7:30p,Indiana Pacers,117,Boston Celtics,112,Box Score,,19156,
Wed Dec 21 2022,7:30p,Golden State Warriors,113,Brooklyn Nets,143,Box Score,,18026,
Wed Dec 21 2022,7:30p,Toronto Raptors,113,New York Knicks,106,Box Score,,19294,
Wed Dec 21 2022,8:00p,Orlando Magic,116,Houston Rockets,110,Box Score,,15965,
Wed Dec 21 2022,8:00p,Dallas Mavericks,104,Minnesota Timberwolves,99,Box Score,,16164,
Wed Dec 21 2022,8:00p,Portland Trail Blazers,98,Oklahoma City Thunder,101,Box Score,,15107,
Wed Dec 21 2022,10:00p,Los Angeles Lakers,120,Sacramento Kings,134,Box Score,,17611,
Wed Dec 21 2022,10:30p,Charlotte Hornets,105,Los Angeles Clippers,126,Box Score,,19068,
Thu Dec 22 2022,8:00p,San Antonio Spurs,117,New Orleans Pelicans,126,Box Score,,16417,
Thu Dec 22 2022,9:00p,Washington Wizards,112,Utah Jazz,120,Box Score,,18206,
Fri Dec 23 2022,7:00p,San Antonio Spurs,113,Orlando Magic,133,Box Score,,18425,
Fri Dec 23 2022,7:00p,Los Angeles Clippers,114,Philadelphia 76ers,119,Box Score,,19996,
Fri Dec 23 2022,7:30p,Detroit Pistons,105,Atlanta Hawks,130,Box Score,,17028,
Fri Dec 23 2022,7:30p,Minnesota Timberwolves,109,Boston Celtics,121,Box Score,,19156,
Fri Dec 23 2022,7:30p,Milwaukee Bucks,100,Brooklyn Nets,118,Box Score,,18169,
Fri Dec 23 2022,7:30p,Toronto Raptors,118,Cleveland Cavaliers,107,Box Score,,19432,
Fri Dec 23 2022,7:30p,Chicago Bulls,118,New York Knicks,117,Box Score,,19812,
Fri Dec 23 2022,8:00p,Dallas Mavericks,112,Houston Rockets,106,Box Score,,16989,
Fri Dec 23 2022,8:00p,Indiana Pacers,111,Miami Heat,108,Box Score,,19600,
Fri Dec 23 2022,8:00p,New Orleans Pelicans,128,Oklahoma City Thunder,125,Box Score,OT,15214,
Fri Dec 23 2022,9:00p,Portland Trail Blazers,107,Denver Nuggets,120,Box Score,,19619,
Fri Dec 23 2022,10:00p,Memphis Grizzlies,125,Phoenix Suns,100,Box Score,,17071,
Fri Dec 23 2022,10:00p,Washington Wizards,125,Sacramento Kings,111,Box Score,,17894,
Fri Dec 23 2022,10:30p,Charlotte Hornets,134,Los Angeles Lakers,130,Box Score,,18997,
Sun Dec 25 2022,12:00p,Philadelphia 76ers,119,New York Knicks,112,Box Score,,19812,
Sun Dec 25 2022,2:30p,Los Angeles Lakers,115,Dallas Mavericks,124,Box Score,,20441,
Sun Dec 25 2022,5:00p,Milwaukee Bucks,118,Boston Celtics,139,Box Score,,19156,
Sun Dec 25 2022,8:00p,Memphis Grizzlies,109,Golden State Warriors,123,Box Score,,18064,
Sun Dec 25 2022,10:30p,Phoenix Suns,125,Denver Nuggets,128,Box Score,OT,19642,
Mon Dec 26 2022,7:00p,Brooklyn Nets,125,Cleveland Cavaliers,117,Box Score,,19432,
Mon Dec 26 2022,7:00p,Los Angeles Clippers,142,Detroit Pistons,131,Box Score,OT,20190,
Mon Dec 26 2022,7:30p,Minnesota Timberwolves,110,Miami Heat,113,Box Score,,19911,
Mon Dec 26 2022,8:00p,Houston Rockets,133,Chicago Bulls,118,Box Score,,21561,
Mon Dec 26 2022,8:00p,Indiana Pacers,93,New Orleans Pelicans,113,Box Score,,18636,
Mon Dec 26 2022,8:00p,Utah Jazz,122,San Antonio Spurs,126,Box Score,,16351,
Mon Dec 26 2022,10:00p,Charlotte Hornets,113,Portland Trail Blazers,124,Box Score,,19530,
Tue Dec 27 2022,7:00p,Los Angeles Lakers,129,Orlando Magic,110,Box Score,,19482,
Tue Dec 27 2022,7:00p,Philadelphia 76ers,111,Washington Wizards,116,Box Score,,20476,
Tue Dec 27 2022,7:30p,Houston Rockets,102,Boston Celtics,126,Box Score,,19156,
Tue Dec 27 2022,7:30p,Atlanta Hawks,114,Indiana Pacers,129,Box Score,,16738,
Tue Dec 27 2022,7:30p,Los Angeles Clippers,124,Toronto Raptors,113,Box Score,,19800,
Tue Dec 27 2022,8:00p,Phoenix Suns,125,Memphis Grizzlies,108,Box Score,,18239,
Tue Dec 27 2022,8:00p,San Antonio Spurs,114,Oklahoma City Thunder,130,Box Score,,16229,
Tue Dec 27 2022,8:30p,New York Knicks,121,Dallas Mavericks,126,Box Score,OT,20377,
Tue Dec 27 2022,10:00p,Charlotte Hornets,105,Golden State Warriors,110,Box Score,,18064,
Tue Dec 27 2022,10:00p,Denver Nuggets,113,Sacramento Kings,106,Box Score,,17937,
Wed Dec 28 2022,7:00p,Orlando Magic,101,Detroit Pistons,121,Box Score,,20190,
Wed Dec 28 2022,7:00p,Phoenix Suns,102,Washington Wizards,127,Box Score,,20476,
Wed Dec 28 2022,7:30p,Brooklyn Nets,108,Atlanta Hawks,107,Box Score,,18030,
Wed Dec 28 2022,7:30p,Los Angeles Lakers,98,Miami Heat,112,Box Score,,20221,
Wed Dec 28 2022,8:00p,Milwaukee Bucks,113,Chicago Bulls,119,Box Score,OT,21537,
Wed Dec 28 2022,8:00p,Minnesota Timberwolves,118,New Orleans Pelicans,119,Box Score,,18669,
Wed Dec 28 2022,10:00p,Utah Jazz,107,Golden State Warriors,112,Box Score,,18064,
Wed Dec 28 2022,10:00p,Denver Nuggets,126,Sacramento Kings,127,Box Score,,17985,
Thu Dec 29 2022,7:00p,Oklahoma City Thunder,113,Charlotte Hornets,121,Box Score,,19425,
Thu Dec 29 2022,7:00p,Cleveland Cavaliers,126,Indiana Pacers,135,Box Score,,17274,
Thu Dec 29 2022,7:30p,Los Angeles Clippers,110,Boston Celtics,116,Box Score,,19156,
Thu Dec 29 2022,7:30p,Memphis Grizzlies,119,Toronto Raptors,106,Box Score,,19800,
Thu Dec 29 2022,8:00p,New York Knicks,115,San Antonio Spurs,122,Box Score,,18354,
Thu Dec 29 2022,8:30p,Houston Rockets,114,Dallas Mavericks,129,Box Score,,20307,
Fri Dec 30 2022,7:00p,Washington Wizards,119,Orlando Magic,100,Box Score,,19040,
Fri Dec 30 2022,7:30p,Los Angeles Lakers,130,Atlanta Hawks,121,Box Score,,17984,
Fri Dec 30 2022,7:30p,Phoenix Suns,104,Toronto Raptors,113,Box Score,,19800,
Fri Dec 30 2022,8:00p,Detroit Pistons,118,Chicago Bulls,132,Box Score,,21667,
Fri Dec 30 2022,8:00p,Minnesota Timberwolves,114,Milwaukee Bucks,123,Box Score,,18018,
Fri Dec 30 2022,8:30p,Philadelphia 76ers,116,New Orleans Pelicans,127,Box Score,,18656,
Fri Dec 30 2022,9:00p,Miami Heat,119,Denver Nuggets,124,Box Score,,19638,
Fri Dec 30 2022,10:00p,Portland Trail Blazers,112,Golden State Warriors,118,Box Score,,18064,
Fri Dec 30 2022,10:00p,Utah Jazz,125,Sacramento Kings,126,Box Score,,17946,
Sat Dec 31 2022,3:00p,Los Angeles Clippers,130,Indiana Pacers,131,Box Score,,16731,
Sat Dec 31 2022,7:00p,Cleveland Cavaliers,103,Chicago Bulls,102,Box Score,,21524,
Sat Dec 31 2022,7:00p,Brooklyn Nets,123,Charlotte Hornets,106,Box Score,,19386,
Sat Dec 31 2022,7:00p,New York Knicks,108,Houston Rockets,88,Box Score,,18055,
Sat Dec 31 2022,7:00p,Dallas Mavericks,126,San Antonio Spurs,125,Box Score,,18354,
Sat Dec 31 2022,8:00p,New Orleans Pelicans,101,Memphis Grizzlies,116,Box Score,,17951,
Sat Dec 31 2022,8:00p,Detroit Pistons,116,Minnesota Timberwolves,104,Box Score,,16233,
Sat Dec 31 2022,8:00p,Philadelphia 76ers,115,Oklahoma City Thunder,96,Box Score,,17147,
Sat Dec 31 2022,9:00p,Miami Heat,126,Utah Jazz,123,Box Score,,18206,
Sun Jan 1 2023,8:00p,Boston Celtics,111,Denver Nuggets,123,Box Score,,19641,
Sun Jan 1 2023,8:00p,Sacramento Kings,108,Memphis Grizzlies,118,Box Score,,17794,
Sun Jan 1 2023,8:00p,Washington Wizards,118,Milwaukee Bucks,95,Box Score,,17341,
Mon Jan 2 2023,3:00p,Phoenix Suns,83,New York Knicks,102,Box Score,,19812,
Mon Jan 2 2023,7:00p,Los Angeles Lakers,121,Charlotte Hornets,115,Box Score,,19210,
Mon Jan 2 2023,7:00p,Chicago Bulls,134,Cleveland Cavaliers,145,Box Score,OT,19432,
Mon Jan 2 2023,7:00p,Toronto Raptors,114,Indiana Pacers,122,Box Score,,14054,
Mon Jan 2 2023,7:00p,New Orleans Pelicans,111,Philadelphia 76ers,120,Box Score,,20531,
Mon Jan 2 2023,7:30p,San Antonio Spurs,103,Brooklyn Nets,139,Box Score,,18224,
Mon Jan 2 2023,8:00p,Dallas Mavericks,111,Houston Rockets,106,Box Score,,18055,
Mon Jan 2 2023,8:00p,Denver Nuggets,111,Minnesota Timberwolves,124,Box Score,,15962,
Mon Jan 2 2023,10:00p,Atlanta Hawks,141,Golden State Warriors,143,Box Score,2OT,18064,
Mon Jan 2 2023,10:00p,Detroit Pistons,106,Portland Trail Blazers,135,Box Score,,19393,
Mon Jan 2 2023,10:30p,Miami Heat,110,Los Angeles Clippers,100,Box Score,,19068,
Tue Jan 3 2023,8:00p,Washington Wizards,113,Milwaukee Bucks,123,Box Score,,17341,
Tue Jan 3 2023,8:00p,Boston Celtics,117,Oklahoma City Thunder,150,Box Score,,16778,
Tue Jan 3 2023,9:00p,Sacramento Kings,117,Utah Jazz,115,Box Score,,18206,
Wed Jan 4 2023,7:00p,Memphis Grizzlies,131,Charlotte Hornets,107,Box Score,,19249,
Wed Jan 4 2023,7:00p,Phoenix Suns,88,Cleveland Cavaliers,90,Box Score,,19432,
Wed Jan 4 2023,7:00p,Oklahoma City Thunder,115,Orlando Magic,126,Box Score,,18925,
Wed Jan 4 2023,7:00p,Indiana Pacers,126,Philadelphia 76ers,129,Box Score,OT,20033,
Wed Jan 4 2023,7:30p,San Antonio Spurs,114,New York Knicks,117,Box Score,,19812,
Wed Jan 4 2023,7:30p,Milwaukee Bucks,104,Toronto Raptors,101,Box Score,OT,19800,
Wed Jan 4 2023,8:00p,Brooklyn Nets,112,Chicago Bulls,121,Box Score,,21418,
Wed Jan 4 2023,8:00p,Portland Trail Blazers,106,Minnesota Timberwolves,113,Box Score,,15434,
Wed Jan 4 2023,8:00p,Houston Rockets,108,New Orleans Pelicans,119,Box Score,,17295,
Wed Jan 4 2023,10:00p,Detroit Pistons,122,Golden State Warriors,119,Box Score,,18064,
Wed Jan 4 2023,10:00p,Miami Heat,109,Los Angeles Lakers,112,Box Score,,18997,
Wed Jan 4 2023,10:00p,Atlanta Hawks,120,Sacramento Kings,117,Box Score,,17611,
Thu Jan 5 2023,7:00p,Memphis Grizzlies,123,Orlando Magic,115,Box Score,,19184,
Thu Jan 5 2023,7:30p,Boston Celtics,124,Dallas Mavericks,95,Box Score,,20413,
Thu Jan 5 2023,8:00p,Utah Jazz,131,Houston Rockets,114,Box Score,,16320,
Thu Jan 5 2023,10:00p,Los Angeles Clippers,91,Denver Nuggets,122,Box Score,,19087,
Fri Jan 6 2023,7:00p,Portland Trail Blazers,99,Indiana Pacers,108,Box Score,,16548,
Fri Jan 6 2023,7:00p,Chicago Bulls,126,Philadelphia 76ers,112,Box Score,,20766,
Fri Jan 6 2023,7:30p,Brooklyn Nets,108,New Orleans Pelicans,102,Box Score,,18636,
Fri Jan 6 2023,7:30p,New York Knicks,112,Toronto Raptors,108,Box Score,,19800,
Fri Jan 6 2023,8:00p,Charlotte Hornets,138,Milwaukee Bucks,109,Box Score,,17627,
Fri Jan 6 2023,8:00p,Washington Wizards,110,Oklahoma City Thunder,127,Box Score,,14790,
Fri Jan 6 2023,8:00p,Detroit Pistons,109,San Antonio Spurs,121,Box Score,,13107,
Fri Jan 6 2023,9:00p,Cleveland Cavaliers,108,Denver Nuggets,121,Box Score,,19638,
Fri Jan 6 2023,9:00p,Los Angeles Clippers,115,Minnesota Timberwolves,128,Box Score,,17136,
Fri Jan 6 2023,10:00p,Miami Heat,104,Phoenix Suns,96,Box Score,,17071,
Fri Jan 6 2023,10:30p,Atlanta Hawks,114,Los Angeles Lakers,130,Box Score,,18997,
Sat Jan 7 2023,6:00p,Boston Celtics,121,San Antonio Spurs,116,Box Score,,18354,
Sat Jan 7 2023,8:00p,Utah Jazz,118,Chicago Bulls,126,Box Score,,21694,
Sat Jan 7 2023,8:00p,New Orleans Pelicans,117,Dallas Mavericks,127,Box Score,,20300,
Sat Jan 7 2023,8:30p,Orlando Magic,115,Golden State Warriors,101,Box Score,,18064,
Sat Jan 7 2023,10:00p,Los Angeles Lakers,136,Sacramento Kings,134,Box Score,,17611,
Sun Jan 8 2023,3:00p,Philadelphia 76ers,123,Detroit Pistons,111,Box Score,,18898,
Sun Jan 8 2023,3:30p,Portland Trail Blazers,105,Toronto Raptors,117,Box Score,,19800,
Sun Jan 8 2023,5:00p,Charlotte Hornets,111,Indiana Pacers,116,Box Score,,15805,
Sun Jan 8 2023,6:00p,Utah Jazz,118,Memphis Grizzlies,123,Box Score,,17794,
Sun Jan 8 2023,6:00p,Brooklyn Nets,102,Miami Heat,101,Box Score,,19901,
Sun Jan 8 2023,7:00p,Minnesota Timberwolves,104,Houston Rockets,96,Box Score,,18055,
Sun Jan 8 2023,7:00p,Dallas Mavericks,109,Oklahoma City Thunder,120,Box Score,,16317,
Sun Jan 8 2023,8:00p,Cleveland Cavaliers,112,Phoenix Suns,98,Box Score,,17071,
Sun Jan 8 2023,9:00p,Atlanta Hawks,112,Los Angeles Clippers,108,Box Score,,19068,
Mon Jan 9 2023,7:00p,New Orleans Pelicans,132,Washington Wizards,112,Box Score,,16223,
Mon Jan 9 2023,7:30p,Chicago Bulls,99,Boston Celtics,107,Box Score,,19156,
Mon Jan 9 2023,7:30p,Milwaukee Bucks,111,New York Knicks,107,Box Score,,18167,
Mon Jan 9 2023,8:00p,San Antonio Spurs,113,Memphis Grizzlies,121,Box Score,,16013,
Mon Jan 9 2023,9:00p,Los Angeles Lakers,109,Denver Nuggets,122,Box Score,,19609,
Mon Jan 9 2023,10:00p,Orlando Magic,111,Sacramento Kings,136,Box Score,,16499,
Tue Jan 10 2023,7:00p,Detroit Pistons,116,Philadelphia 76ers,147,Box Score,,20221,
Tue Jan 10 2023,7:30p,Oklahoma City Thunder,111,Miami Heat,112,Box Score,,19600,
Tue Jan 10 2023,7:30p,Charlotte Hornets,120,Toronto Raptors,132,Box Score,,19800,
Tue Jan 10 2023,9:00p,Cleveland Cavaliers,114,Utah Jazz,116,Box Score,,18206,
Tue Jan 10 2023,10:00p,Phoenix Suns,125,Golden State Warriors,113,Box Score,,18064,
Tue Jan 10 2023,10:00p,Orlando Magic,109,Portland Trail Blazers,106,Box Score,,18176,
Tue Jan 10 2023,10:30p,Dallas Mavericks,101,Los Angeles Clippers,113,Box Score,,15828,
Wed Jan 11 2023,7:00p,Minnesota Timberwolves,118,Detroit Pistons,135,Box Score,,15906,
Wed Jan 11 2023,7:00p,Chicago Bulls,97,Washington Wizards,100,Box Score,,17032,
Wed Jan 11 2023,7:30p,Milwaukee Bucks,114,Atlanta Hawks,105,Box Score,,17154,
Wed Jan 11 2023,7:30p,New Orleans Pelicans,114,Boston Celtics,125,Box Score,,19156,
Wed Jan 11 2023,7:30p,Indiana Pacers,113,New York Knicks,119,Box Score,,18249,
Wed Jan 11 2023,8:00p,San Antonio Spurs,129,Memphis Grizzlies,135,Box Score,,16454,
Wed Jan 11 2023,10:00p,Phoenix Suns,97,Denver Nuggets,126,Box Score,,18872,
Wed Jan 11 2023,10:00p,Houston Rockets,115,Sacramento Kings,135,Box Score,,16057,
Thu Jan 12 2023,7:00p,Oklahoma City Thunder,133,Philadelphia 76ers,114,Box Score,,20892,
Thu Jan 12 2023,7:30p,Boston Celtics,109,Brooklyn Nets,98,Box Score,,18125,
Thu Jan 12 2023,7:30p,Milwaukee Bucks,102,Miami Heat,108,Box Score,,19600,
Thu Jan 12 2023,7:30p,Charlotte Hornets,114,Toronto Raptors,124,Box Score,,19800,
Thu Jan 12 2023,10:00p,Dallas Mavericks,119,Los Angeles Lakers,115,Box Score,2OT,18997,
Thu Jan 12 2023,10:00p,Cleveland Cavaliers,119,Portland Trail Blazers,113,Box Score,,18105,
Fri Jan 13 2023,7:00p,New Orleans Pelicans,116,Detroit Pistons,110,Box Score,,18989,
Fri Jan 13 2023,7:00p,Atlanta Hawks,113,Indiana Pacers,111,Box Score,,16071,
Fri Jan 13 2023,7:00p,New York Knicks,112,Washington Wizards,108,Box Score,,20476,
Fri Jan 13 2023,7:30p,Golden State Warriors,144,San Antonio Spurs,113,Box Score,,68323,
Fri Jan 13 2023,8:00p,Oklahoma City Thunder,124,Chicago Bulls,110,Box Score,,21342,
Fri Jan 13 2023,8:00p,Phoenix Suns,116,Minnesota Timberwolves,121,Box Score,,16460,
Fri Jan 13 2023,9:00p,Orlando Magic,108,Utah Jazz,112,Box Score,,18206,
Fri Jan 13 2023,10:00p,Denver Nuggets,115,Los Angeles Clippers,103,Box Score,,16005,
Fri Jan 13 2023,10:00p,Houston Rockets,114,Sacramento Kings,139,Box Score,,17894,
Sat Jan 14 2023,1:00p,Milwaukee Bucks,95,Miami Heat,111,Box Score,,19620,
Sat Jan 14 2023,7:00p,Boston Celtics,122,Charlotte Hornets,106,Box Score,,19608,
Sat Jan 14 2023,7:00p,Memphis Grizzlies,130,Indiana Pacers,112,Box Score,,17274,
Sat Jan 14 2023,7:30p,Atlanta Hawks,114,Toronto Raptors,103,Box Score,,19800,
Sat Jan 14 2023,8:00p,Cleveland Cavaliers,102,Minnesota Timberwolves,110,Box Score,,17136,
Sat Jan 14 2023,9:00p,Philadelphia 76ers,118,Utah Jazz,117,Box Score,,18206,
Sat Jan 14 2023,10:00p,Dallas Mavericks,119,Portland Trail Blazers,136,Box Score,,19393,
Sun Jan 15 2023,1:00p,New York Knicks,117,Detroit Pistons,104,Box Score,,19894,
Sun Jan 15 2023,3:00p,Houston Rockets,100,Los Angeles Clippers,121,Box Score,,17238,
Sun Jan 15 2023,3:30p,Golden State Warriors,118,Chicago Bulls,132,Box Score,,20139,
Sun Jan 15 2023,6:00p,Oklahoma City Thunder,112,Brooklyn Nets,102,Box Score,,18165,
Sun Jan 15 2023,7:00p,Sacramento Kings,132,San Antonio Spurs,119,Box Score,,12339,
Sun Jan 15 2023,8:00p,Orlando Magic,116,Denver Nuggets,119,Box Score,,19641,
Sun Jan 15 2023,9:00p,Dallas Mavericks,123,Portland Trail Blazers,140,Box Score,,19393,
Sun Jan 15 2023,9:30p,Philadelphia 76ers,113,Los Angeles Lakers,112,Box Score,,18020,
Mon Jan 16 2023,1:00p,Boston Celtics,130,Charlotte Hornets,118,Box Score,,19227,
Mon Jan 16 2023,2:30p,Indiana Pacers,119,Milwaukee Bucks,132,Box Score,,17412,
Mon Jan 16 2023,3:00p,New Orleans Pelicans,103,Cleveland Cavaliers,113,Box Score,,19432,
Mon Jan 16 2023,3:00p,Toronto Raptors,123,New York Knicks,121,Box Score,OT,19812,
Mon Jan 16 2023,3:00p,Golden State Warriors,127,Washington Wizards,118,Box Score,,20476,
Mon Jan 16 2023,3:30p,Miami Heat,113,Atlanta Hawks,121,Box Score,,18007,
Mon Jan 16 2023,4:00p,Utah Jazz,126,Minnesota Timberwolves,125,Box Score,,16477,
Mon Jan 16 2023,6:00p,Phoenix Suns,106,Memphis Grizzlies,136,Box Score,,17794,
Mon Jan 16 2023,10:30p,Houston Rockets,132,Los Angeles Lakers,140,Box Score,,17657,
Tue Jan 17 2023,7:30p,Toronto Raptors,122,Milwaukee Bucks,130,Box Score,,17341,
Tue Jan 17 2023,8:00p,Brooklyn Nets,98,San Antonio Spurs,106,Box Score,,13532,
Tue Jan 17 2023,9:00p,Portland Trail Blazers,113,Denver Nuggets,122,Box Score,,18258,
Tue Jan 17 2023,10:00p,Philadelphia 76ers,120,Los Angeles Clippers,110,Box Score,,15155,
Wed Jan 18 2023,7:30p,Atlanta Hawks,130,Dallas Mavericks,122,Box Score,,20125,
Wed Jan 18 2023,7:30p,Washington Wizards,116,New York Knicks,105,Box Score,,19164,
Wed Jan 18 2023,8:00p,Charlotte Hornets,122,Houston Rockets,117,Box Score,,15678,
Wed Jan 18 2023,8:00p,Cleveland Cavaliers,114,Memphis Grizzlies,115,Box Score,,16892,
Wed Jan 18 2023,8:00p,Miami Heat,124,New Orleans Pelicans,98,Box Score,,17736,
Wed Jan 18 2023,8:00p,Indiana Pacers,106,Oklahoma City Thunder,126,Box Score,,14748,
Wed Jan 18 2023,9:00p,Los Angeles Clippers,103,Utah Jazz,126,Box Score,,18206,
Wed Jan 18 2023,10:00p,Minnesota Timberwolves,118,Denver Nuggets,122,Box Score,,16112,
Wed Jan 18 2023,10:30p,Sacramento Kings,116,Los Angeles Lakers,111,Box Score,,18142,
Thu Jan 19 2023,3:00p,Chicago Bulls,126,Detroit Pistons,108,Box Score,,15885,
Thu Jan 19 2023,7:30p,Golden State Warriors,118,Boston Celtics,121,Box Score,OT,19156,
Thu Jan 19 2023,8:00p,Toronto Raptors,126,Minnesota Timberwolves,128,Box Score,,16318,
Thu Jan 19 2023,10:00p,Brooklyn Nets,112,Phoenix Suns,117,Box Score,,17071,
Thu Jan 19 2023,10:00p,Philadelphia 76ers,105,Portland Trail Blazers,95,Box Score,,18113,
Fri Jan 20 2023,7:00p,New Orleans Pelicans,110,Orlando Magic,123,Box Score,,19025,
Fri Jan 20 2023,7:30p,New York Knicks,124,Atlanta Hawks,139,Box Score,,17711,
Fri Jan 20 2023,7:30p,Golden State Warriors,120,Cleveland Cavaliers,114,Box Score,,19432,
Fri Jan 20 2023,7:30p,Miami Heat,90,Dallas Mavericks,115,Box Score,,20326,
Fri Jan 20 2023,8:00p,Los Angeles Clippers,131,San Antonio Spurs,126,Box Score,,15190,
Fri Jan 20 2023,9:00p,Indiana Pacers,111,Denver Nuggets,134,Box Score,,19609,
Fri Jan 20 2023,9:00p,Brooklyn Nets,117,Utah Jazz,106,Box Score,,18206,
Fri Jan 20 2023,10:00p,Memphis Grizzlies,121,Los Angeles Lakers,122,Box Score,,18997,
Fri Jan 20 2023,10:00p,Oklahoma City Thunder,113,Sacramento Kings,118,Box Score,,17932,
Sat Jan 21 2023,5:00p,Boston Celtics,106,Toronto Raptors,104,Box Score,,19800,
Sat Jan 21 2023,7:00p,Orlando Magic,118,Washington Wizards,138,Box Score,,18171,
Sat Jan 21 2023,7:30p,Charlotte Hornets,122,Atlanta Hawks,118,Box Score,,17928,
Sat Jan 21 2023,7:30p,Milwaukee Bucks,102,Cleveland Cavaliers,114,Box Score,,19432,
Sat Jan 21 2023,8:00p,Houston Rockets,104,Minnesota Timberwolves,113,Box Score,,17136,
Sat Jan 21 2023,9:00p,Indiana Pacers,107,Phoenix Suns,112,Box Score,,17071,
Sat Jan 21 2023,10:00p,Philadelphia 76ers,129,Sacramento Kings,127,Box Score,,17861,
Sun Jan 22 2023,2:30p,Los Angeles Clippers,112,Dallas Mavericks,98,Box Score,,20026,
Sun Jan 22 2023,3:30p,New Orleans Pelicans,96,Miami Heat,100,Box Score,,19600,
Sun Jan 22 2023,6:00p,New York Knicks,116,Toronto Raptors,125,Box Score,,19261,
Sun Jan 22 2023,8:00p,Oklahoma City Thunder,101,Denver Nuggets,99,Box Score,,19557,
Sun Jan 22 2023,8:00p,Memphis Grizzlies,110,Phoenix Suns,112,Box Score,,17071,
Sun Jan 22 2023,8:30p,Brooklyn Nets,120,Golden State Warriors,116,Box Score,,18064,
Sun Jan 22 2023,9:00p,Los Angeles Lakers,121,Portland Trail Blazers,112,Box Score,,19393,
Mon Jan 23 2023,7:00p,Milwaukee Bucks,150,Detroit Pistons,130,Box Score,,18011,
Mon Jan 23 2023,7:00p,Boston Celtics,98,Orlando Magic,113,Box Score,,19196,
Mon Jan 23 2023,8:00p,Atlanta Hawks,100,Chicago Bulls,111,Box Score,,20938,
Mon Jan 23 2023,8:00p,Minnesota Timberwolves,114,Houston Rockets,119,Box Score,,13811,
Mon Jan 23 2023,9:00p,Charlotte Hornets,102,Utah Jazz,120,Box Score,,18206,
Mon Jan 23 2023,10:00p,San Antonio Spurs,127,Portland Trail Blazers,147,Box Score,,17874,
Mon Jan 23 2023,10:30p,Memphis Grizzlies,100,Sacramento Kings,133,Box Score,,17821,
Tue Jan 24 2023,7:00p,Chicago Bulls,110,Indiana Pacers,116,Box Score,,16102,
Tue Jan 24 2023,7:30p,Boston Celtics,95,Miami Heat,98,Box Score,,19705,
Tue Jan 24 2023,7:30p,Cleveland Cavaliers,103,New York Knicks,105,Box Score,,19812,
Tue Jan 24 2023,8:00p,Denver Nuggets,99,New Orleans Pelicans,98,Box Score,,14699,
Tue Jan 24 2023,8:30p,Washington Wizards,127,Dallas Mavericks,126,Box Score,,20077,
Tue Jan 24 2023,9:00p,Charlotte Hornets,97,Phoenix Suns,128,Box Score,,17071,
Tue Jan 24 2023,10:00p,Los Angeles Clippers,133,Los Angeles Lakers,115,Box Score,,17604,
Wed Jan 25 2023,7:00p,Indiana Pacers,120,Orlando Magic,126,Box Score,,18846,
Wed Jan 25 2023,7:30p,Brooklyn Nets,133,Philadelphia 76ers,137,Box Score,,19772,
Wed Jan 25 2023,8:00p,Washington Wizards,108,Houston Rockets,103,Box Score,,15302,
Wed Jan 25 2023,8:00p,Denver Nuggets,99,Milwaukee Bucks,107,Box Score,,17352,
Wed Jan 25 2023,8:00p,Minnesota Timberwolves,111,New Orleans Pelicans,102,Box Score,,14887,
Wed Jan 25 2023,8:00p,Atlanta Hawks,137,Oklahoma City Thunder,132,Box Score,,15079,
Wed Jan 25 2023,10:00p,Memphis Grizzlies,120,Golden State Warriors,122,Box Score,,18064,
Wed Jan 25 2023,10:00p,Utah Jazz,124,Portland Trail Blazers,134,Box Score,,18154,
Wed Jan 25 2023,10:00p,Toronto Raptors,113,Sacramento Kings,95,Box Score,,17767,
Wed Jan 25 2023,10:30p,San Antonio Spurs,104,Los Angeles Lakers,113,Box Score,,17955,
Thu Jan 26 2023,7:30p,New York Knicks,120,Boston Celtics,117,Box Score,OT,19156,
Thu Jan 26 2023,7:30p,Detroit Pistons,130,Brooklyn Nets,122,Box Score,,17732,
Thu Jan 26 2023,7:30p,Chicago Bulls,96,Charlotte Hornets,111,Box Score,,17697,
Thu Jan 26 2023,8:00p,Cleveland Cavaliers,113,Houston Rockets,95,Box Score,,16327,
Thu Jan 26 2023,10:00p,Dallas Mavericks,99,Phoenix Suns,95,Box Score,,17071,
Thu Jan 26 2023,10:30p,San Antonio Spurs,100,Los Angeles Clippers,138,Box Score,,16958,
Fri Jan 27 2023,7:00p,Milwaukee Bucks,141,Indiana Pacers,131,Box Score,,16090,
Fri Jan 27 2023,7:30p,Memphis Grizzlies,100,Minnesota Timberwolves,111,Box Score,,17136,
Fri Jan 27 2023,8:00p,Orlando Magic,105,Miami Heat,110,Box Score,,19788,
Fri Jan 27 2023,8:00p,Cleveland Cavaliers,100,Oklahoma City Thunder,112,Box Score,,16236,
Fri Jan 27 2023,10:00p,Toronto Raptors,117,Golden State Warriors,129,Box Score,,18064,
Sat Jan 28 2023,3:00p,Denver Nuggets,119,Philadelphia 76ers,126,Box Score,,21255,
Sat Jan 28 2023,5:30p,New York Knicks,115,Brooklyn Nets,122,Box Score,,18100,
Sat Jan 28 2023,7:00p,Houston Rockets,117,Detroit Pistons,114,Box Score,,19411,
Sat Jan 28 2023,7:00p,Chicago Bulls,128,Orlando Magic,109,Box Score,,18846,
Sat Jan 28 2023,7:30p,Los Angeles Clippers,120,Atlanta Hawks,113,Box Score,,18448,
Sat Jan 28 2023,8:00p,Sacramento Kings,110,Minnesota Timberwolves,117,Box Score,,17136,
Sat Jan 28 2023,8:00p,Washington Wizards,113,New Orleans Pelicans,103,Box Score,,17692,
Sat Jan 28 2023,8:00p,Phoenix Suns,128,San Antonio Spurs,118,Box Score,OT,18354,
Sat Jan 28 2023,8:30p,Los Angeles Lakers,121,Boston Celtics,125,Box Score,OT,19156,
Sat Jan 28 2023,9:00p,Dallas Mavericks,100,Utah Jazz,108,Box Score,,18206,
Sat Jan 28 2023,10:00p,Toronto Raptors,123,Portland Trail Blazers,105,Box Score,,19393,
Sun Jan 29 2023,1:00p,Miami Heat,117,Charlotte Hornets,122,Box Score,,19254,
Sun Jan 29 2023,6:00p,Indiana Pacers,100,Memphis Grizzlies,112,Box Score,,17794,
Sun Jan 29 2023,7:00p,Los Angeles Clippers,99,Cleveland Cavaliers,122,Box Score,,19432,
Sun Jan 29 2023,8:00p,New Orleans Pelicans,110,Milwaukee Bucks,135,Box Score,,17341,
Mon Jan 30 2023,7:00p,Orlando Magic,119,Philadelphia 76ers,109,Box Score,,19812,
Mon Jan 30 2023,7:30p,Los Angeles Lakers,104,Brooklyn Nets,121,Box Score,,17924,
Mon Jan 30 2023,8:00p,Sacramento Kings,118,Minnesota Timberwolves,111,Box Score,OT,15342,
Mon Jan 30 2023,8:00p,Golden State Warriors,128,Oklahoma City Thunder,120,Box Score,,16854,
Mon Jan 30 2023,8:00p,Washington Wizards,127,San Antonio Spurs,106,Box Score,,11970,
Mon Jan 30 2023,8:30p,Detroit Pistons,105,Dallas Mavericks,111,Box Score,,19777,
Mon Jan 30 2023,9:00p,Toronto Raptors,106,Phoenix Suns,114,Box Score,,17071,
Mon Jan 30 2023,10:00p,Atlanta Hawks,125,Portland Trail Blazers,129,Box Score,,18262,
Tue Jan 31 2023,7:00p,Miami Heat,100,Cleveland Cavaliers,97,Box Score,,19432,
Tue Jan 31 2023,7:30p,Los Angeles Lakers,129,New York Knicks,123,Box Score,OT,19812,
Tue Jan 31 2023,8:00p,Los Angeles Clippers,108,Chicago Bulls,103,Box Score,,20068,
Tue Jan 31 2023,8:00p,Charlotte Hornets,115,Milwaukee Bucks,124,Box Score,,17341,
Tue Jan 31 2023,10:00p,New Orleans Pelicans,113,Denver Nuggets,122,Box Score,,18868,
Wed Feb 1 2023,7:00p,Portland Trail Blazers,122,Memphis Grizzlies,112,Box Score,,14589,
Wed Feb 1 2023,7:00p,Orlando Magic,94,Philadelphia 76ers,105,Box Score,,20885,
Wed Feb 1 2023,7:30p,Brooklyn Nets,96,Boston Celtics,139,Box Score,,19156,
Wed Feb 1 2023,8:00p,Oklahoma City Thunder,106,Houston Rockets,112,Box Score,,15181,
Wed Feb 1 2023,8:00p,Golden State Warriors,114,Minnesota Timberwolves,119,Box Score,OT,17136,
Wed Feb 1 2023,8:00p,Sacramento Kings,119,San Antonio Spurs,109,Box Score,,13207,
Wed Feb 1 2023,9:00p,Toronto Raptors,128,Utah Jazz,131,Box Score,,18206,
Wed Feb 1 2023,10:00p,Atlanta Hawks,132,Phoenix Suns,100,Box Score,,17071,
Thu Feb 2 2023,7:00p,Los Angeles Lakers,112,Indiana Pacers,111,Box Score,,17274,
Thu Feb 2 2023,7:30p,Memphis Grizzlies,113,Cleveland Cavaliers,128,Box Score,,19432,
Thu Feb 2 2023,7:30p,Miami Heat,104,New York Knicks,106,Box Score,,19044,
Thu Feb 2 2023,8:00p,Charlotte Hornets,98,Chicago Bulls,114,Box Score,,20072,
Thu Feb 2 2023,8:30p,New Orleans Pelicans,106,Dallas Mavericks,111,Box Score,,19670,
Thu Feb 2 2023,9:00p,Golden State Warriors,117,Denver Nuggets,134,Box Score,,19555,
Thu Feb 2 2023,10:00p,Los Angeles Clippers,105,Milwaukee Bucks,106,Box Score,,17341,
Fri Feb 3 2023,7:00p,Charlotte Hornets,112,Detroit Pistons,118,Box Score,,18007,
Fri Feb 3 2023,7:00p,Sacramento Kings,104,Indiana Pacers,107,Box Score,,17274,
Fri Feb 3 2023,7:00p,Portland Trail Blazers,124,Washington Wizards,116,Box Score,,20476,
Fri Feb 3 2023,7:30p,Phoenix Suns,106,Boston Celtics,94,Box Score,,19156,
Fri Feb 3 2023,8:00p,Toronto Raptors,117,Houston Rockets,111,Box Score,,16585,
Fri Feb 3 2023,8:00p,Orlando Magic,127,Minnesota Timberwolves,120,Box Score,,17136,
Fri Feb 3 2023,8:00p,Philadelphia 76ers,137,San Antonio Spurs,125,Box Score,,15252,
Fri Feb 3 2023,9:00p,Atlanta Hawks,115,Utah Jazz,108,Box Score,,18206,
Sat Feb 4 2023,6:00p,Washington Wizards,123,Brooklyn Nets,125,Box Score,,17732,
Sat Feb 4 2023,6:00p,Los Angeles Lakers,126,New Orleans Pelicans,131,Box Score,,18886,
Sat Feb 4 2023,7:00p,Phoenix Suns,116,Detroit Pistons,100,Box Score,,19788,
Sat Feb 4 2023,7:00p,Los Angeles Clippers,134,New York Knicks,128,Box Score,OT,19812,
Sat Feb 4 2023,8:00p,Portland Trail Blazers,121,Chicago Bulls,129,Box Score,,20135,
Sat Feb 4 2023,8:00p,Miami Heat,115,Milwaukee Bucks,123,Box Score,,18008,
Sat Feb 4 2023,8:00p,Houston Rockets,121,Oklahoma City Thunder,153,Box Score,,16994,
Sat Feb 4 2023,8:30p,Dallas Mavericks,113,Golden State Warriors,119,Box Score,,18064,
Sat Feb 4 2023,9:00p,Atlanta Hawks,108,Denver Nuggets,128,Box Score,,19630,
Sun Feb 5 2023,1:00p,Orlando Magic,119,Charlotte Hornets,113,Box Score,,18510,
Sun Feb 5 2023,5:00p,Cleveland Cavaliers,122,Indiana Pacers,103,Box Score,,17274,
Sun Feb 5 2023,6:00p,Toronto Raptors,106,Memphis Grizzlies,103,Box Score,,17794,
Sun Feb 5 2023,6:00p,Philadelphia 76ers,97,New York Knicks,108,Box Score,,17586,
Sun Feb 5 2023,7:00p,Denver Nuggets,98,Minnesota Timberwolves,128,Box Score,,17136,
Sun Feb 5 2023,7:00p,Sacramento Kings,104,New Orleans Pelicans,136,Box Score,,17779,
Mon Feb 6 2023,7:00p,Boston Celtics,111,Detroit Pistons,99,Box Score,,17933,
Mon Feb 6 2023,7:00p,Cleveland Cavaliers,114,Washington Wizards,91,Box Score,,16744,
Mon Feb 6 2023,7:30p,Los Angeles Clippers,124,Brooklyn Nets,116,Box Score,,16981,
Mon Feb 6 2023,8:00p,San Antonio Spurs,104,Chicago Bulls,128,Box Score,,19291,
Mon Feb 6 2023,8:00p,Sacramento Kings,140,Houston Rockets,120,Box Score,,15405,
Mon Feb 6 2023,9:00p,Dallas Mavericks,124,Utah Jazz,111,Box Score,,18206,
Mon Feb 6 2023,10:00p,Oklahoma City Thunder,114,Golden State Warriors,141,Box Score,,18064,
Mon Feb 6 2023,10:00p,Milwaukee Bucks,127,Portland Trail Blazers,108,Box Score,,18110,
Tue Feb 7 2023,7:00p,New York Knicks,102,Orlando Magic,98,Box Score,,19438,
Tue Feb 7 2023,7:30p,Phoenix Suns,116,Brooklyn Nets,112,Box Score,,17093,
Tue Feb 7 2023,7:30p,Atlanta Hawks,107,New Orleans Pelicans,116,Box Score,,16669,
Tue Feb 7 2023,8:00p,Chicago Bulls,89,Memphis Grizzlies,104,Box Score,,17012,
Tue Feb 7 2023,9:00p,Minnesota Timberwolves,112,Denver Nuggets,146,Box Score,,18307,
Tue Feb 7 2023,10:00p,Oklahoma City Thunder,133,Los Angeles Lakers,130,Box Score,,18997,
Wed Feb 8 2023,7:00p,Detroit Pistons,85,Cleveland Cavaliers,113,Box Score,,19432,
Wed Feb 8 2023,7:00p,Charlotte Hornets,104,Washington Wizards,118,Box Score,,16097,
Wed Feb 8 2023,7:30p,Philadelphia 76ers,99,Boston Celtics,106,Box Score,,19156,
Wed Feb 8 2023,7:30p,Indiana Pacers,111,Miami Heat,116,Box Score,,19600,
Wed Feb 8 2023,7:30p,San Antonio Spurs,98,Toronto Raptors,112,Box Score,,19800,
Wed Feb 8 2023,8:00p,Sacramento Kings,130,Houston Rockets,128,Box Score,,15881,
Wed Feb 8 2023,9:00p,Minnesota Timberwolves,143,Utah Jazz,118,Box Score,,18206,
Wed Feb 8 2023,10:00p,Dallas Mavericks,110,Los Angeles Clippers,104,Box Score,,18377,
Wed Feb 8 2023,10:00p,Golden State Warriors,122,Portland Trail Blazers,125,Box Score,,18450,
Thu Feb 9 2023,7:00p,Denver Nuggets,104,Orlando Magic,115,Box Score,,18846,
Thu Feb 9 2023,7:30p,Phoenix Suns,107,Atlanta Hawks,116,Box Score,,17003,
Thu Feb 9 2023,7:30p,Chicago Bulls,105,Brooklyn Nets,116,Box Score,,16938,
Thu Feb 9 2023,10:00p,Milwaukee Bucks,115,Los Angeles Lakers,106,Box Score,,18997,
Fri Feb 10 2023,7:00p,San Antonio Spurs,131,Detroit Pistons,138,Box Score,2OT,17899,
Fri Feb 10 2023,7:00p,Phoenix Suns,117,Indiana Pacers,104,Box Score,,16522,
Fri Feb 10 2023,7:00p,New York Knicks,108,Philadelphia 76ers,119,Box Score,,21057,
Fri Feb 10 2023,7:30p,Charlotte Hornets,116,Boston Celtics,127,Box Score,,19156,
Fri Feb 10 2023,7:30p,Utah Jazz,122,Toronto Raptors,116,Box Score,,19800,
Fri Feb 10 2023,8:00p,Minnesota Timberwolves,107,Memphis Grizzlies,128,Box Score,,17794,
Fri Feb 10 2023,8:00p,Houston Rockets,95,Miami Heat,97,Box Score,,19600,
Fri Feb 10 2023,10:00p,Cleveland Cavaliers,118,New Orleans Pelicans,107,Box Score,,16398,
Fri Feb 10 2023,10:00p,Oklahoma City Thunder,138,Portland Trail Blazers,129,Box Score,,19424,
Fri Feb 10 2023,10:00p,Dallas Mavericks,122,Sacramento Kings,114,Box Score,,18111,
Fri Feb 10 2023,10:30p,Milwaukee Bucks,119,Los Angeles Clippers,106,Box Score,,16614,
Sat Feb 11 2023,6:00p,Philadelphia 76ers,101,Brooklyn Nets,98,Box Score,,17732,
Sat Feb 11 2023,7:00p,Denver Nuggets,119,Charlotte Hornets,105,Box Score,,19256,
Sat Feb 11 2023,7:00p,Miami Heat,107,Orlando Magic,103,Box Score,OT,18223,
Sat Feb 11 2023,7:00p,Indiana Pacers,113,Washington Wizards,127,Box Score,,18387,
Sat Feb 11 2023,7:30p,San Antonio Spurs,106,Atlanta Hawks,125,Box Score,,17875,
Sat Feb 11 2023,7:30p,Utah Jazz,120,New York Knicks,126,Box Score,,19339,
Sat Feb 11 2023,8:00p,Chicago Bulls,89,Cleveland Cavaliers,97,Box Score,,19432,
Sat Feb 11 2023,8:30p,Los Angeles Lakers,109,Golden State Warriors,103,Box Score,,18064,
Sat Feb 11 2023,10:00p,Dallas Mavericks,128,Sacramento Kings,133,Box Score,OT,18111,
Sun Feb 12 2023,2:00p,Memphis Grizzlies,109,Boston Celtics,119,Box Score,,19156,
Sun Feb 12 2023,3:00p,Detroit Pistons,118,Toronto Raptors,119,Box Score,,19800,
Mon Feb 13 2023,7:00p,Atlanta Hawks,138,Charlotte Hornets,144,Box Score,,14078,
Mon Feb 13 2023,7:00p,San Antonio Spurs,109,Cleveland Cavaliers,117,Box Score,,19432,
Mon Feb 13 2023,7:00p,Utah Jazz,123,Indiana Pacers,117,Box Score,,15004,
Mon Feb 13 2023,7:00p,Houston Rockets,104,Philadelphia 76ers,123,Box Score,,19850,
Mon Feb 13 2023,7:30p,Denver Nuggets,112,Miami Heat,108,Box Score,,19755,
Mon Feb 13 2023,7:30p,Brooklyn Nets,106,New York Knicks,124,Box Score,,19812,
Mon Feb 13 2023,8:00p,Orlando Magic,100,Chicago Bulls,91,Box Score,,20767,
Mon Feb 13 2023,8:00p,New Orleans Pelicans,103,Oklahoma City Thunder,100,Box Score,,14920,
Mon Feb 13 2023,8:30p,Minnesota Timberwolves,124,Dallas Mavericks,121,Box Score,,20325,
Mon Feb 13 2023,10:00p,Washington Wizards,126,Golden State Warriors,135,Box Score,,18064,
Mon Feb 13 2023,10:00p,Los Angeles Lakers,115,Portland Trail Blazers,127,Box Score,,18299,
Tue Feb 14 2023,7:30p,Boston Celtics,125,Milwaukee Bucks,131,Box Score,OT,17623,
Tue Feb 14 2023,7:30p,Orlando Magic,113,Toronto Raptors,123,Box Score,,19800,
Tue Feb 14 2023,9:00p,Sacramento Kings,109,Phoenix Suns,120,Box Score,,17071,
Tue Feb 14 2023,10:00p,Golden State Warriors,124,Los Angeles Clippers,134,Box Score,,16741,
Tue Feb 14 2023,10:00p,Washington Wizards,126,Portland Trail Blazers,101,Box Score,,18004,
Wed Feb 15 2023,7:00p,San Antonio Spurs,110,Charlotte Hornets,120,Box Score,,14155,
Wed Feb 15 2023,7:00p,Chicago Bulls,113,Indiana Pacers,117,Box Score,,15599,
Wed Feb 15 2023,7:30p,New York Knicks,122,Atlanta Hawks,101,Box Score,,17771,
Wed Feb 15 2023,7:30p,Detroit Pistons,109,Boston Celtics,127,Box Score,,19156,
Wed Feb 15 2023,7:30p,Miami Heat,105,Brooklyn Nets,116,Box Score,,17963,
Wed Feb 15 2023,7:30p,Cleveland Cavaliers,112,Philadelphia 76ers,118,Box Score,,21134,
Wed Feb 15 2023,8:00p,Utah Jazz,111,Memphis Grizzlies,117,Box Score,,16748,
Wed Feb 15 2023,8:00p,Houston Rockets,96,Oklahoma City Thunder,133,Box Score,,14988,
Wed Feb 15 2023,9:00p,Dallas Mavericks,109,Denver Nuggets,118,Box Score,,19627,
Wed Feb 15 2023,10:00p,New Orleans Pelicans,102,Los Angeles Lakers,120,Box Score,,18997,
Thu Feb 16 2023,7:30p,Milwaukee Bucks,112,Chicago Bulls,100,Box Score,,20308,
Thu Feb 16 2023,8:00p,Washington Wizards,114,Minnesota Timberwolves,106,Box Score,,17136,
Thu Feb 16 2023,10:00p,Los Angeles Clippers,116,Phoenix Suns,107,Box Score,,17071,
Thu Feb 23 2023,7:00p,Denver Nuggets,115,Cleveland Cavaliers,109,Box Score,,19432,
Thu Feb 23 2023,7:00p,Boston Celtics,142,Indiana Pacers,138,Box Score,OT,16125,
Thu Feb 23 2023,7:00p,Detroit Pistons,106,Orlando Magic,108,Box Score,,18846,
Thu Feb 23 2023,7:30p,Memphis Grizzlies,105,Philadelphia 76ers,110,Box Score,,21205,
Thu Feb 23 2023,7:30p,New Orleans Pelicans,110,Toronto Raptors,115,Box Score,,19800,
Thu Feb 23 2023,8:30p,San Antonio Spurs,116,Dallas Mavericks,142,Box Score,,20287,
Thu Feb 23 2023,9:00p,Oklahoma City Thunder,119,Utah Jazz,120,Box Score,OT,18206,
Thu Feb 23 2023,10:00p,Golden State Warriors,111,Los Angeles Lakers,124,Box Score,,18997,
Thu Feb 23 2023,10:00p,Portland Trail Blazers,116,Sacramento Kings,133,Box Score,,18041,
Fri Feb 24 2023,7:00p,New York Knicks,115,Washington Wizards,109,Box Score,,20476,
Fri Feb 24 2023,7:30p,Cleveland Cavaliers,119,Atlanta Hawks,136,Box Score,,18065,
Fri Feb 24 2023,7:30p,Miami Heat,99,Milwaukee Bucks,128,Box Score,,17676,
Fri Feb 24 2023,8:00p,Brooklyn Nets,87,Chicago Bulls,131,Box Score,,21286,
Fri Feb 24 2023,8:00p,Charlotte Hornets,121,Minnesota Timberwolves,113,Box Score,,17136,
Fri Feb 24 2023,10:00p,Houston Rockets,101,Golden State Warriors,116,Box Score,,18064,
Fri Feb 24 2023,10:00p,Oklahoma City Thunder,115,Phoenix Suns,124,Box Score,,17071,
Fri Feb 24 2023,10:30p,Sacramento Kings,176,Los Angeles Clippers,175,Box Score,2OT,19068,
Sat Feb 25 2023,12:00p,Toronto Raptors,95,Detroit Pistons,91,Box Score,,20190,
Sat Feb 25 2023,7:00p,Miami Heat,103,Charlotte Hornets,108,Box Score,,19109,
Sat Feb 25 2023,7:00p,Indiana Pacers,121,Orlando Magic,108,Box Score,,19231,
Sat Feb 25 2023,7:30p,New Orleans Pelicans,106,New York Knicks,128,Box Score,,19812,
Sat Feb 25 2023,8:00p,Denver Nuggets,94,Memphis Grizzlies,112,Box Score,,18302,
Sat Feb 25 2023,8:30p,Boston Celtics,110,Philadelphia 76ers,107,Box Score,,20993,
Sat Feb 25 2023,9:00p,San Antonio Spurs,102,Utah Jazz,118,Box Score,,18206,
Sun Feb 26 2023,1:00p,Phoenix Suns,101,Milwaukee Bucks,104,Box Score,,17636,
Sun Feb 26 2023,3:00p,Brooklyn Nets,127,Atlanta Hawks,129,Box Score,,16983,
Sun Feb 26 2023,3:30p,Washington Wizards,82,Chicago Bulls,102,Box Score,,21106,
Sun Feb 26 2023,3:30p,Los Angeles Lakers,111,Dallas Mavericks,108,Box Score,,20411,
Sun Feb 26 2023,6:00p,Toronto Raptors,93,Cleveland Cavaliers,118,Box Score,,19432,
Sun Feb 26 2023,7:00p,Sacramento Kings,124,Oklahoma City Thunder,115,Box Score,,15147,
Sun Feb 26 2023,7:30p,Minnesota Timberwolves,104,Golden State Warriors,109,Box Score,,18064,
Sun Feb 26 2023,9:00p,Houston Rockets,114,Portland Trail Blazers,131,Box Score,,19215,
Sun Feb 26 2023,10:00p,Los Angeles Clippers,124,Denver Nuggets,134,Box Score,OT,19689,
Mon Feb 27 2023,7:00p,Detroit Pistons,106,Charlotte Hornets,117,Box Score,,14184,
Mon Feb 27 2023,7:00p,Miami Heat,101,Philadelphia 76ers,99,Box Score,,20859,
Mon Feb 27 2023,7:30p,Boston Celtics,94,New York Knicks,109,Box Score,,19812,
Mon Feb 27 2023,8:00p,Orlando Magic,101,New Orleans Pelicans,93,Box Score,,16038,
Tue Feb 28 2023,7:30p,Washington Wizards,119,Atlanta Hawks,116,Box Score,,17395,
Tue Feb 28 2023,7:30p,Milwaukee Bucks,118,Brooklyn Nets,104,Box Score,,17732,
Tue Feb 28 2023,7:30p,Los Angeles Lakers,109,Memphis Grizzlies,121,Box Score,,17794,
Tue Feb 28 2023,7:30p,Chicago Bulls,98,Toronto Raptors,104,Box Score,,19800,
Tue Feb 28 2023,8:00p,Denver Nuggets,133,Houston Rockets,112,Box Score,,15368,
Tue Feb 28 2023,8:00p,Sacramento Kings,123,Oklahoma City Thunder,117,Box Score,,13353,
Tue Feb 28 2023,8:30p,Indiana Pacers,124,Dallas Mavericks,122,Box Score,,20277,
Tue Feb 28 2023,9:00p,San Antonio Spurs,102,Utah Jazz,94,Box Score,,18206,
Tue Feb 28 2023,10:00p,Portland Trail Blazers,105,Golden State Warriors,123,Box Score,,18064,
Tue Feb 28 2023,10:00p,Minnesota Timberwolves,108,Los Angeles Clippers,101,Box Score,,17022,
Wed Mar 1 2023,7:00p,Phoenix Suns,105,Charlotte Hornets,91,Box Score,,19137,
Wed Mar 1 2023,7:00p,Chicago Bulls,117,Detroit Pistons,115,Box Score,,18098,
Wed Mar 1 2023,7:30p,Cleveland Cavaliers,113,Boston Celtics,117,Box Score,,19156,
Wed Mar 1 2023,7:30p,Philadelphia 76ers,119,Miami Heat,96,Box Score,,19600,
Wed Mar 1 2023,7:30p,Brooklyn Nets,118,New York Knicks,142,Box Score,,19812,
Wed Mar 1 2023,8:00p,Memphis Grizzlies,113,Houston Rockets,99,Box Score,,15919,
Wed Mar 1 2023,8:00p,Orlando Magic,117,Milwaukee Bucks,139,Box Score,,17354,
Wed Mar 1 2023,8:00p,Los Angeles Lakers,123,Oklahoma City Thunder,117,Box Score,,17114,
Wed Mar 1 2023,10:00p,New Orleans Pelicans,121,Portland Trail Blazers,110,Box Score,,18566,
Thu Mar 2 2023,7:00p,Toronto Raptors,108,Washington Wizards,119,Box Score,,14643,
Thu Mar 2 2023,7:30p,Philadelphia 76ers,126,Dallas Mavericks,133,Box Score,,20002,
Thu Mar 2 2023,8:30p,Indiana Pacers,99,San Antonio Spurs,110,Box Score,,14617,
Thu Mar 2 2023,10:00p,Los Angeles Clippers,91,Golden State Warriors,115,Box Score,,18064,
Fri Mar 3 2023,7:00p,Orlando Magic,117,Charlotte Hornets,106,Box Score,,16683,
Fri Mar 3 2023,7:30p,Portland Trail Blazers,111,Atlanta Hawks,129,Box Score,,17521,
Fri Mar 3 2023,7:30p,Brooklyn Nets,115,Boston Celtics,105,Box Score,,19156,
Fri Mar 3 2023,8:00p,Phoenix Suns,125,Chicago Bulls,104,Box Score,,21169,
Fri Mar 3 2023,8:00p,New York Knicks,122,Miami Heat,120,Box Score,,19600,
Fri Mar 3 2023,8:00p,Utah Jazz,103,Oklahoma City Thunder,130,Box Score,,16538,
Fri Mar 3 2023,10:00p,Memphis Grizzlies,97,Denver Nuggets,113,Box Score,,19641,
Fri Mar 3 2023,10:00p,New Orleans Pelicans,99,Golden State Warriors,108,Box Score,,18064,
Fri Mar 3 2023,10:00p,Los Angeles Clippers,127,Sacramento Kings,128,Box Score,,18111,
Fri Mar 3 2023,10:30p,Minnesota Timberwolves,110,Los Angeles Lakers,102,Box Score,,18997,
Sat Mar 4 2023,5:00p,Toronto Raptors,116,Washington Wizards,109,Box Score,OT,18174,
Sat Mar 4 2023,7:30p,Detroit Pistons,90,Cleveland Cavaliers,114,Box Score,,19432,
Sat Mar 4 2023,8:00p,Atlanta Hawks,109,Miami Heat,117,Box Score,,19600,
Sat Mar 4 2023,8:00p,Houston Rockets,122,San Antonio Spurs,110,Box Score,,18354,
Sat Mar 4 2023,8:30p,Philadelphia 76ers,133,Milwaukee Bucks,130,Box Score,,18100,
Sat Mar 4 2023,10:00p,Minnesota Timberwolves,138,Sacramento Kings,134,Box Score,,18111,
Sun Mar 5 2023,1:00p,Phoenix Suns,130,Dallas Mavericks,126,Box Score,,20311,
Sun Mar 5 2023,3:30p,Indiana Pacers,125,Chicago Bulls,122,Box Score,,21225,
Sun Mar 5 2023,3:30p,Golden State Warriors,105,Los Angeles Lakers,113,Box Score,,18997,
Sun Mar 5 2023,6:00p,Charlotte Hornets,86,Brooklyn Nets,102,Box Score,,17921,
Sun Mar 5 2023,6:00p,Portland Trail Blazers,122,Orlando Magic,119,Box Score,,18846,
Sun Mar 5 2023,7:00p,San Antonio Spurs,110,Houston Rockets,142,Box Score,,16721,
Sun Mar 5 2023,7:00p,Utah Jazz,119,Oklahoma City Thunder,129,Box Score,,14778,
Sun Mar 5 2023,7:30p,New York Knicks,131,Boston Celtics,129,Box Score,2OT,19156,
Sun Mar 5 2023,7:30p,Milwaukee Bucks,117,Washington Wizards,111,Box Score,,18746,
Sun Mar 5 2023,10:00p,Memphis Grizzlies,129,Los Angeles Clippers,135,Box Score,,19068,
Mon Mar 6 2023,7:00p,Boston Celtics,114,Cleveland Cavaliers,118,Box Score,OT,19432,
Mon Mar 6 2023,7:00p,Portland Trail Blazers,110,Detroit Pistons,104,Box Score,,16989,
Mon Mar 6 2023,7:00p,Philadelphia 76ers,147,Indiana Pacers,143,Box Score,,15008,
Mon Mar 6 2023,7:30p,Atlanta Hawks,128,Miami Heat,130,Box Score,,19600,
Mon Mar 6 2023,9:00p,Toronto Raptors,113,Denver Nuggets,118,Box Score,,19520,
Mon Mar 6 2023,10:00p,New Orleans Pelicans,108,Sacramento Kings,123,Box Score,,17708,
Tue Mar 7 2023,7:00p,Washington Wizards,119,Detroit Pistons,117,Box Score,,17855,
Tue Mar 7 2023,7:00p,Milwaukee Bucks,134,Orlando Magic,123,Box Score,,16110,
Tue Mar 7 2023,7:30p,Philadelphia 76ers,117,Minnesota Timberwolves,94,Box Score,,17136,
Tue Mar 7 2023,7:30p,Charlotte Hornets,112,New York Knicks,105,Box Score,,19812,
Tue Mar 7 2023,8:00p,Brooklyn Nets,118,Houston Rockets,96,Box Score,,14833,
Tue Mar 7 2023,8:00p,Golden State Warriors,128,Oklahoma City Thunder,137,Box Score,,16142,
Tue Mar 7 2023,8:30p,Utah Jazz,116,Dallas Mavericks,120,Box Score,,20277,
Tue Mar 7 2023,10:00p,Memphis Grizzlies,103,Los Angeles Lakers,112,Box Score,,18997,
Wed Mar 8 2023,7:00p,Atlanta Hawks,122,Washington Wizards,120,Box Score,,15087,
Wed Mar 8 2023,7:30p,Portland Trail Blazers,93,Boston Celtics,115,Box Score,,19156,
Wed Mar 8 2023,7:30p,Cleveland Cavaliers,104,Miami Heat,100,Box Score,,19600,
Wed Mar 8 2023,7:30p,Dallas Mavericks,106,New Orleans Pelicans,113,Box Score,,17473,
Wed Mar 8 2023,9:00p,Chicago Bulls,117,Denver Nuggets,96,Box Score,,19896,
Wed Mar 8 2023,9:00p,Oklahoma City Thunder,101,Phoenix Suns,132,Box Score,,17071,
Wed Mar 8 2023,10:00p,Toronto Raptors,100,Los Angeles Clippers,108,Box Score,,17397,
Thu Mar 9 2023,7:00p,Charlotte Hornets,113,Detroit Pistons,103,Box Score,,17121,
Thu Mar 9 2023,7:00p,Houston Rockets,125,Indiana Pacers,134,Box Score,OT,16027,
Thu Mar 9 2023,7:00p,Utah Jazz,131,Orlando Magic,124,Box Score,,16552,
Thu Mar 9 2023,7:30p,Golden State Warriors,110,Memphis Grizzlies,131,Box Score,,17794,
Thu Mar 9 2023,8:00p,Brooklyn Nets,113,Milwaukee Bucks,118,Box Score,,17341,
Thu Mar 9 2023,10:00p,New York Knicks,117,Sacramento Kings,122,Box Score,,18068,
Fri Mar 10 2023,7:00p,Portland Trail Blazers,119,Philadelphia 76ers,120,Box Score,,21001,
Fri Mar 10 2023,7:00p,Atlanta Hawks,114,Washington Wizards,107,Box Score,,18161,
Fri Mar 10 2023,8:00p,Cleveland Cavaliers,115,Miami Heat,119,Box Score,,19757,
Fri Mar 10 2023,8:00p,Brooklyn Nets,124,Minnesota Timberwolves,123,Box Score,OT,17136,
Fri Mar 10 2023,8:00p,Denver Nuggets,120,San Antonio Spurs,128,Box Score,,18354,
Fri Mar 10 2023,10:30p,Toronto Raptors,112,Los Angeles Lakers,122,Box Score,,18322,
Sat Mar 11 2023,4:00p,New York Knicks,95,Los Angeles Clippers,106,Box Score,,19068,
Sat Mar 11 2023,7:00p,Utah Jazz,119,Charlotte Hornets,111,Box Score,,17221,
Sat Mar 11 2023,7:00p,Indiana Pacers,121,Detroit Pistons,115,Box Score,,20190,
Sat Mar 11 2023,7:00p,Miami Heat,114,Orlando Magic,126,Box Score,OT,17347,
Sat Mar 11 2023,7:30p,Boston Celtics,134,Atlanta Hawks,125,Box Score,,17884,
Sat Mar 11 2023,8:00p,Chicago Bulls,119,Houston Rockets,111,Box Score,,18055,
Sat Mar 11 2023,8:00p,Dallas Mavericks,108,Memphis Grizzlies,112,Box Score,,17794,
Sat Mar 11 2023,8:30p,Milwaukee Bucks,116,Golden State Warriors,125,Box Score,OT,18064,
Sat Mar 11 2023,8:30p,Oklahoma City Thunder,110,New Orleans Pelicans,96,Box Score,,17606,
Sat Mar 11 2023,9:00p,Sacramento Kings,128,Phoenix Suns,119,Box Score,,17071,
Sun Mar 12 2023,3:30p,Brooklyn Nets,122,Denver Nuggets,120,Box Score,,19739,
Sun Mar 12 2023,5:00p,Cleveland Cavaliers,114,Charlotte Hornets,108,Box Score,,17342,
Sun Mar 12 2023,6:00p,Washington Wizards,93,Philadelphia 76ers,112,Box Score,,21220,
Sun Mar 12 2023,7:00p,Portland Trail Blazers,110,New Orleans Pelicans,127,Box Score,,16676,
Sun Mar 12 2023,7:00p,Oklahoma City Thunder,102,San Antonio Spurs,90,Box Score,,17314,
Sun Mar 12 2023,9:00p,New York Knicks,112,Los Angeles Lakers,108,Box Score,,18997,
Mon Mar 13 2023,7:00p,Indiana Pacers,97,Detroit Pistons,117,Box Score,,18313,
Mon Mar 13 2023,7:30p,Minnesota Timberwolves,136,Atlanta Hawks,115,Box Score,,17799,
Mon Mar 13 2023,7:30p,Memphis Grizzlies,104,Dallas Mavericks,88,Box Score,,20303,
Mon Mar 13 2023,7:30p,Utah Jazz,115,Miami Heat,119,Box Score,,19721,
Mon Mar 13 2023,8:00p,Boston Celtics,109,Houston Rockets,111,Box Score,,18055,
Mon Mar 13 2023,10:00p,Phoenix Suns,112,Golden State Warriors,123,Box Score,,18064,
Mon Mar 13 2023,10:00p,Milwaukee Bucks,133,Sacramento Kings,124,Box Score,,18111,
Tue Mar 14 2023,7:00p,Cleveland Cavaliers,120,Charlotte Hornets,104,Box Score,,14690,
Tue Mar 14 2023,7:00p,Detroit Pistons,97,Washington Wizards,117,Box Score,,15279,
Tue Mar 14 2023,7:30p,Denver Nuggets,110,Toronto Raptors,125,Box Score,,19800,
Tue Mar 14 2023,8:00p,Los Angeles Lakers,123,New Orleans Pelicans,108,Box Score,,18625,
Tue Mar 14 2023,8:00p,Brooklyn Nets,107,Oklahoma City Thunder,121,Box Score,,16976,
Tue Mar 14 2023,8:00p,Orlando Magic,114,San Antonio Spurs,132,Box Score,,13708,
Tue Mar 14 2023,10:00p,Milwaukee Bucks,116,Phoenix Suns,104,Box Score,,17071,
Tue Mar 14 2023,10:00p,New York Knicks,123,Portland Trail Blazers,107,Box Score,,19488,
Wed Mar 15 2023,7:30p,Philadelphia 76ers,118,Cleveland Cavaliers,109,Box Score,,19432,
Wed Mar 15 2023,7:30p,Memphis Grizzlies,119,Miami Heat,138,Box Score,,19794,
Wed Mar 15 2023,8:00p,Sacramento Kings,117,Chicago Bulls,114,Box Score,,21886,
Wed Mar 15 2023,8:00p,Los Angeles Lakers,110,Houston Rockets,114,Box Score,,18055,
Wed Mar 15 2023,8:00p,Boston Celtics,104,Minnesota Timberwolves,102,Box Score,,17136,
Wed Mar 15 2023,8:30p,Dallas Mavericks,137,San Antonio Spurs,128,Box Score,OT,18354,
Wed Mar 15 2023,10:00p,Golden State Warriors,126,Los Angeles Clippers,134,Box Score,,19068,
Thu Mar 16 2023,7:00p,Denver Nuggets,119,Detroit Pistons,100,Box Score,,17987,
Thu Mar 16 2023,7:30p,Sacramento Kings,101,Brooklyn Nets,96,Box Score,,18172,
Thu Mar 16 2023,7:30p,Oklahoma City Thunder,111,Toronto Raptors,128,Box Score,,19800,
Thu Mar 16 2023,8:00p,Indiana Pacers,139,Milwaukee Bucks,123,Box Score,,17797,
Thu Mar 16 2023,10:00p,Orlando Magic,113,Phoenix Suns,116,Box Score,,17071,
Fri Mar 17 2023,7:00p,Philadelphia 76ers,121,Charlotte Hornets,82,Box Score,,19096,
Fri Mar 17 2023,7:30p,Golden State Warriors,119,Atlanta Hawks,127,Box Score,,18201,
Fri Mar 17 2023,7:30p,Washington Wizards,94,Cleveland Cavaliers,117,Box Score,,19432,
Fri Mar 17 2023,8:00p,Minnesota Timberwolves,131,Chicago Bulls,139,Box Score,2OT,20109,
Fri Mar 17 2023,8:00p,New Orleans Pelicans,112,Houston Rockets,114,Box Score,,15841,
Fri Mar 17 2023,8:00p,Memphis Grizzlies,126,San Antonio Spurs,120,Box Score,OT,15221,
Fri Mar 17 2023,10:00p,Boston Celtics,126,Portland Trail Blazers,112,Box Score,,19393,
Fri Mar 17 2023,10:30p,Dallas Mavericks,111,Los Angeles Lakers,110,Box Score,,18997,
Sat Mar 18 2023,1:00p,Denver Nuggets,110,New York Knicks,116,Box Score,,19812,
Sat Mar 18 2023,3:00p,Orlando Magic,113,Los Angeles Clippers,108,Box Score,,17533,
Sat Mar 18 2023,7:00p,Philadelphia 76ers,141,Indiana Pacers,121,Box Score,,17274,
Sat Mar 18 2023,7:00p,Minnesota Timberwolves,107,Toronto Raptors,122,Box Score,,19800,
Sat Mar 18 2023,8:00p,Miami Heat,99,Chicago Bulls,113,Box Score,,20094,
Sat Mar 18 2023,8:00p,Golden State Warriors,119,Memphis Grizzlies,133,Box Score,,18396,
Sat Mar 18 2023,8:00p,Sacramento Kings,132,Washington Wizards,118,Box Score,,18529,
Sat Mar 18 2023,9:00p,Boston Celtics,117,Utah Jazz,118,Box Score,,18206,
Sun Mar 19 2023,3:30p,Denver Nuggets,108,Brooklyn Nets,102,Box Score,,18235,
Sun Mar 19 2023,3:30p,Phoenix Suns,120,Oklahoma City Thunder,124,Box Score,,17897,
Sun Mar 19 2023,4:00p,Atlanta Hawks,118,San Antonio Spurs,126,Box Score,,16311,
Sun Mar 19 2023,6:00p,Miami Heat,112,Detroit Pistons,100,Box Score,,20190,
Sun Mar 19 2023,7:00p,New Orleans Pelicans,117,Houston Rockets,107,Box Score,,14209,
Sun Mar 19 2023,8:00p,Toronto Raptors,111,Milwaukee Bucks,118,Box Score,,17341,
Sun Mar 19 2023,9:00p,Los Angeles Clippers,117,Portland Trail Blazers,102,Box Score,,18714,
Sun Mar 19 2023,9:30p,Orlando Magic,105,Los Angeles Lakers,111,Box Score,,18997,
Mon Mar 20 2023,7:00p,Indiana Pacers,109,Charlotte Hornets,115,Box Score,,12449,
Mon Mar 20 2023,7:00p,Chicago Bulls,109,Philadelphia 76ers,105,Box Score,2OT,21145,
Mon Mar 20 2023,7:30p,Minnesota Timberwolves,140,New York Knicks,134,Box Score,,19812,
Mon Mar 20 2023,8:00p,Golden State Warriors,121,Houston Rockets,108,Box Score,,16116,
Mon Mar 20 2023,8:00p,Dallas Mavericks,108,Memphis Grizzlies,112,Box Score,,17794,
Mon Mar 20 2023,9:00p,Sacramento Kings,120,Utah Jazz,128,Box Score,,18206,
Tue Mar 21 2023,7:00p,Washington Wizards,112,Orlando Magic,122,Box Score,,16096,
Tue Mar 21 2023,7:30p,Detroit Pistons,107,Atlanta Hawks,129,Box Score,,17129,
Tue Mar 21 2023,7:30p,Cleveland Cavaliers,115,Brooklyn Nets,109,Box Score,,17732,
Tue Mar 21 2023,8:00p,San Antonio Spurs,84,New Orleans Pelicans,119,Box Score,,15466,
Tue Mar 21 2023,10:00p,Boston Celtics,132,Sacramento Kings,109,Box Score,,18111,
Tue Mar 21 2023,10:30p,Oklahoma City Thunder,101,Los Angeles Clippers,100,Box Score,,19068,
Wed Mar 22 2023,7:00p,Denver Nuggets,118,Washington Wizards,104,Box Score,,16508,
Wed Mar 22 2023,7:30p,Golden State Warriors,127,Dallas Mavericks,125,Box Score,,20377,
Wed Mar 22 2023,7:30p,New York Knicks,120,Miami Heat,127,Box Score,,19863,
Wed Mar 22 2023,7:30p,Indiana Pacers,118,Toronto Raptors,114,Box Score,,19800,
Wed Mar 22 2023,8:00p,Philadelphia 76ers,116,Chicago Bulls,91,Box Score,,20946,
Wed Mar 22 2023,8:00p,Houston Rockets,125,Memphis Grizzlies,130,Box Score,,17794,
Wed Mar 22 2023,8:00p,San Antonio Spurs,94,Milwaukee Bucks,130,Box Score,,17756,
Wed Mar 22 2023,8:00p,Atlanta Hawks,124,Minnesota Timberwolves,125,Box Score,,17136,
Wed Mar 22 2023,9:00p,Portland Trail Blazers,127,Utah Jazz,115,Box Score,,,
Wed Mar 22 2023,10:00p,Phoenix Suns,111,Los Angeles Lakers,122,Box Score,,18435,
Thu Mar 23 2023,7:00p,New York Knicks,106,Orlando Magic,111,Box Score,,17607,
Thu Mar 23 2023,7:30p,Cleveland Cavaliers,116,Brooklyn Nets,114,Box Score,,17732,
Thu Mar 23 2023,8:00p,Charlotte Hornets,96,New Orleans Pelicans,115,Box Score,,15749,
Thu Mar 23 2023,10:30p,Oklahoma City Thunder,105,Los Angeles Clippers,127,Box Score,,17307,
Fri Mar 24 2023,7:00p,Indiana Pacers,95,Boston Celtics,120,Box Score,,19156,
Fri Mar 24 2023,7:00p,San Antonio Spurs,124,Washington Wizards,136,Box Score,,17004,
Fri Mar 24 2023,7:30p,Detroit Pistons,97,Toronto Raptors,118,Box Score,,19800,
Fri Mar 24 2023,8:00p,Houston Rockets,114,Memphis Grizzlies,151,Box Score,,17851,
Fri Mar 24 2023,8:30p,Charlotte Hornets,117,Dallas Mavericks,109,Box Score,,20347,
Fri Mar 24 2023,9:00p,Milwaukee Bucks,144,Utah Jazz,116,Box Score,,18206,
Fri Mar 24 2023,10:00p,Philadelphia 76ers,112,Golden State Warriors,120,Box Score,,18064,
Fri Mar 24 2023,10:00p,Chicago Bulls,124,Portland Trail Blazers,96,Box Score,,19393,
Fri Mar 24 2023,10:00p,Phoenix Suns,127,Sacramento Kings,135,Box Score,,18151,
Fri Mar 24 2023,10:30p,Oklahoma City Thunder,111,Los Angeles Lakers,116,Box Score,,18997,
Sat Mar 25 2023,5:00p,Indiana Pacers,130,Atlanta Hawks,143,Box Score,,17699,
Sat Mar 25 2023,8:00p,Brooklyn Nets,129,Miami Heat,100,Box Score,,19680,
Sat Mar 25 2023,9:00p,Milwaukee Bucks,106,Denver Nuggets,129,Box Score,,19919,
Sat Mar 25 2023,10:00p,Philadelphia 76ers,105,Phoenix Suns,125,Box Score,,17071,
Sat Mar 25 2023,10:00p,Utah Jazz,113,Sacramento Kings,121,Box Score,,18151,
Sat Mar 25 2023,10:30p,New Orleans Pelicans,131,Los Angeles Clippers,110,Box Score,,17702,
Sun Mar 26 2023,1:00p,Dallas Mavericks,104,Charlotte Hornets,110,Box Score,,19264,
Sun Mar 26 2023,3:30p,Chicago Bulls,118,Los Angeles Lakers,108,Box Score,,18997,
Sun Mar 26 2023,6:00p,Memphis Grizzlies,123,Atlanta Hawks,119,Box Score,,18056,
Sun Mar 26 2023,6:00p,San Antonio Spurs,93,Boston Celtics,137,Box Score,,19156,
Sun Mar 26 2023,6:00p,Houston Rockets,91,Cleveland Cavaliers,108,Box Score,,19432,
Sun Mar 26 2023,6:00p,Brooklyn Nets,106,Orlando Magic,119,Box Score,,17862,
Sun Mar 26 2023,6:00p,Washington Wizards,104,Toronto Raptors,114,Box Score,,19800,
Sun Mar 26 2023,7:00p,Oklahoma City Thunder,118,Portland Trail Blazers,112,Box Score,,18626,
Sun Mar 26 2023,8:30p,Minnesota Timberwolves,99,Golden State Warriors,96,Box Score,,18064,
Mon Mar 27 2023,7:00p,Milwaukee Bucks,126,Detroit Pistons,117,Box Score,,21090,
Mon Mar 27 2023,7:00p,Dallas Mavericks,127,Indiana Pacers,104,Box Score,,17022,
Mon Mar 27 2023,7:30p,Houston Rockets,115,New York Knicks,137,Box Score,,19812,
Mon Mar 27 2023,9:00p,Phoenix Suns,117,Utah Jazz,103,Box Score,,18206,
Mon Mar 27 2023,9:30p,Philadelphia 76ers,111,Denver Nuggets,116,Box Score,,19781,
Mon Mar 27 2023,10:00p,New Orleans Pelicans,124,Portland Trail Blazers,90,Box Score,,17943,
Mon Mar 27 2023,10:00p,Minnesota Timberwolves,119,Sacramento Kings,115,Box Score,,18151,
Mon Mar 27 2023,10:30p,Chicago Bulls,112,Los Angeles Clippers,124,Box Score,,19068,
Tue Mar 28 2023,7:00p,Boston Celtics,111,Washington Wizards,130,Box Score,,20476,
Tue Mar 28 2023,7:30p,Cleveland Cavaliers,118,Atlanta Hawks,120,Box Score,,17748,
Tue Mar 28 2023,7:30p,Miami Heat,92,Toronto Raptors,106,Box Score,,19800,
Tue Mar 28 2023,8:00p,Orlando Magic,108,Memphis Grizzlies,113,Box Score,,16507,
Tue Mar 28 2023,8:00p,Charlotte Hornets,137,Oklahoma City Thunder,134,Box Score,,15428,
Tue Mar 28 2023,10:00p,New Orleans Pelicans,109,Golden State Warriors,120,Box Score,,18064,
Wed Mar 29 2023,7:00p,Milwaukee Bucks,149,Indiana Pacers,136,Box Score,,16524,
Wed Mar 29 2023,7:30p,Houston Rockets,114,Brooklyn Nets,123,Box Score,,17074,
Wed Mar 29 2023,7:30p,Miami Heat,92,New York Knicks,101,Box Score,,19812,
Wed Mar 29 2023,7:30p,Dallas Mavericks,108,Philadelphia 76ers,116,Box Score,,20583,
Wed Mar 29 2023,8:00p,Los Angeles Lakers,121,Chicago Bulls,110,Box Score,,21739,
Wed Mar 29 2023,8:00p,Los Angeles Clippers,141,Memphis Grizzlies,132,Box Score,,16775,
Wed Mar 29 2023,8:00p,Detroit Pistons,106,Oklahoma City Thunder,107,Box Score,,15047,
Wed Mar 29 2023,8:00p,Utah Jazz,128,San Antonio Spurs,117,Box Score,,18354,
Wed Mar 29 2023,10:00p,Minnesota Timberwolves,100,Phoenix Suns,107,Box Score,,17071,
Wed Mar 29 2023,10:00p,Sacramento Kings,120,Portland Trail Blazers,80,Box Score,,18550,
Thu Mar 30 2023,7:30p,Boston Celtics,140,Milwaukee Bucks,99,Box Score,,18073,
Thu Mar 30 2023,10:00p,New Orleans Pelicans,107,Denver Nuggets,88,Box Score,,19728,
Fri Mar 31 2023,7:00p,Chicago Bulls,121,Charlotte Hornets,91,Box Score,,18768,
Fri Mar 31 2023,7:00p,Oklahoma City Thunder,117,Indiana Pacers,121,Box Score,,16506,
Fri Mar 31 2023,7:00p,Toronto Raptors,110,Philadelphia 76ers,117,Box Score,,20993,
Fri Mar 31 2023,7:00p,Orlando Magic,116,Washington Wizards,109,Box Score,,16411,
Fri Mar 31 2023,7:30p,Utah Jazz,114,Boston Celtics,122,Box Score,,19156,
Fri Mar 31 2023,7:30p,Atlanta Hawks,107,Brooklyn Nets,124,Box Score,,17849,
Fri Mar 31 2023,7:30p,New York Knicks,130,Cleveland Cavaliers,116,Box Score,,19432,
Fri Mar 31 2023,8:00p,Detroit Pistons,115,Houston Rockets,121,Box Score,,15844,
Fri Mar 31 2023,8:00p,Los Angeles Clippers,94,Memphis Grizzlies,108,Box Score,,16376,
Fri Mar 31 2023,8:00p,Los Angeles Lakers,123,Minnesota Timberwolves,111,Box Score,,18978,
Fri Mar 31 2023,10:00p,San Antonio Spurs,115,Golden State Warriors,130,Box Score,,18064,
Fri Mar 31 2023,10:00p,Sacramento Kings,138,Portland Trail Blazers,114,Box Score,,18389,
Fri Mar 31 2023,10:30p,Denver Nuggets,93,Phoenix Suns,100,Box Score,,17071,
Sat Apr 1 2023,7:30p,Dallas Mavericks,122,Miami Heat,129,Box Score,,20011,
Sat Apr 1 2023,8:30p,Los Angeles Clippers,114,New Orleans Pelicans,122,Box Score,,18399,
Sun Apr 2 2023,1:00p,Toronto Raptors,128,Charlotte Hornets,108,Box Score,,16052,
Sun Apr 2 2023,3:30p,Utah Jazz,110,Brooklyn Nets,111,Box Score,,17732,
Sun Apr 2 2023,3:30p,Memphis Grizzlies,107,Chicago Bulls,128,Box Score,,20944,
Sun Apr 2 2023,3:30p,Portland Trail Blazers,107,Minnesota Timberwolves,105,Box Score,,18978,
Sun Apr 2 2023,6:00p,Dallas Mavericks,130,Atlanta Hawks,132,Box Score,OT,17678,
Sun Apr 2 2023,6:00p,Washington Wizards,109,New York Knicks,118,Box Score,,19812,
Sun Apr 2 2023,6:00p,Detroit Pistons,102,Orlando Magic,128,Box Score,,19431,
Sun Apr 2 2023,6:00p,San Antonio Spurs,142,Sacramento Kings,134,Box Score,OT,18183,
Sun Apr 2 2023,7:00p,Los Angeles Lakers,134,Houston Rockets,109,Box Score,,18204,
Sun Apr 2 2023,7:00p,Phoenix Suns,128,Oklahoma City Thunder,118,Box Score,,17981,
Sun Apr 2 2023,8:00p,Indiana Pacers,105,Cleveland Cavaliers,115,Box Score,,19432,
Sun Apr 2 2023,8:00p,Philadelphia 76ers,104,Milwaukee Bucks,117,Box Score,,17532,
Sun Apr 2 2023,8:30p,Golden State Warriors,110,Denver Nuggets,112,Box Score,,19752,
Tue Apr 4 2023,7:00p,Toronto Raptors,120,Charlotte Hornets,100,Box Score,,14965,
Tue Apr 4 2023,7:00p,Miami Heat,118,Detroit Pistons,105,Box Score,,18453,
Tue Apr 4 2023,7:00p,Cleveland Cavaliers,117,Orlando Magic,113,Box Score,,19449,
Tue Apr 4 2023,7:00p,Milwaukee Bucks,140,Washington Wizards,128,Box Score,,19098,
Tue Apr 4 2023,7:30p,Minnesota Timberwolves,107,Brooklyn Nets,102,Box Score,,17893,
Tue Apr 4 2023,8:00p,Atlanta Hawks,123,Chicago Bulls,105,Box Score,,21717,
Tue Apr 4 2023,8:00p,Denver Nuggets,103,Houston Rockets,124,Box Score,,16924,
Tue Apr 4 2023,8:00p,Portland Trail Blazers,109,Memphis Grizzlies,119,Box Score,,17558,
Tue Apr 4 2023,8:00p,Sacramento Kings,121,New Orleans Pelicans,103,Box Score,,15799,
Tue Apr 4 2023,8:00p,Boston Celtics,101,Philadelphia 76ers,103,Box Score,,21104,
Tue Apr 4 2023,9:00p,Los Angeles Lakers,135,Utah Jazz,133,Box Score,OT,18206,
Tue Apr 4 2023,10:00p,Oklahoma City Thunder,125,Golden State Warriors,136,Box Score,,18064,
Tue Apr 4 2023,10:00p,San Antonio Spurs,94,Phoenix Suns,115,Box Score,,17071,
Wed Apr 5 2023,7:00p,Brooklyn Nets,123,Detroit Pistons,108,Box Score,,18313,
Wed Apr 5 2023,7:00p,New York Knicks,138,Indiana Pacers,129,Box Score,,16789,
Wed Apr 5 2023,7:30p,Washington Wizards,116,Atlanta Hawks,134,Box Score,,17727,
Wed Apr 5 2023,7:30p,Toronto Raptors,93,Boston Celtics,97,Box Score,,19156,
Wed Apr 5 2023,7:30p,Chicago Bulls,92,Milwaukee Bucks,105,Box Score,,17679,
Wed Apr 5 2023,8:00p,Memphis Grizzlies,131,New Orleans Pelicans,138,Box Score,OT,17232,
Wed Apr 5 2023,8:30p,Sacramento Kings,119,Dallas Mavericks,123,Box Score,,20271,
Wed Apr 5 2023,10:00p,Los Angeles Lakers,118,Los Angeles Clippers,125,Box Score,,19068,
Thu Apr 6 2023,7:00p,Cleveland Cavaliers,118,Orlando Magic,94,Box Score,,19235,
Thu Apr 6 2023,7:30p,Miami Heat,129,Philadelphia 76ers,101,Box Score,,21178,
Thu Apr 6 2023,8:00p,Portland Trail Blazers,127,San Antonio Spurs,129,Box Score,,16023,
Thu Apr 6 2023,9:00p,Oklahoma City Thunder,114,Utah Jazz,98,Box Score,,18206,
Thu Apr 6 2023,10:00p,Denver Nuggets,115,Phoenix Suns,119,Box Score,,17071,
Fri Apr 7 2023,7:00p,Houston Rockets,112,Charlotte Hornets,109,Box Score,,19102,
Fri Apr 7 2023,7:00p,Detroit Pistons,122,Indiana Pacers,115,Box Score,,17274,
Fri Apr 7 2023,7:00p,Miami Heat,108,Washington Wizards,114,Box Score,,20476,
Fri Apr 7 2023,7:30p,Philadelphia 76ers,136,Atlanta Hawks,131,Box Score,OT,17627,
Fri Apr 7 2023,7:30p,Toronto Raptors,102,Boston Celtics,121,Box Score,,19156,
Fri Apr 7 2023,7:30p,Orlando Magic,84,Brooklyn Nets,101,Box Score,,18177,
Fri Apr 7 2023,8:00p,Memphis Grizzlies,137,Milwaukee Bucks,114,Box Score,,18010,
Fri Apr 7 2023,8:00p,New York Knicks,105,New Orleans Pelicans,113,Box Score,,18656,
Fri Apr 7 2023,8:30p,Chicago Bulls,115,Dallas Mavericks,112,Box Score,,20313,
Fri Apr 7 2023,10:00p,Golden State Warriors,119,Sacramento Kings,97,Box Score,,18253,
Fri Apr 7 2023,10:30p,Phoenix Suns,107,Los Angeles Lakers,121,Box Score,,18997,
Sat Apr 8 2023,3:30p,Denver Nuggets,114,Utah Jazz,118,Box Score,,18206,
Sat Apr 8 2023,4:00p,Portland Trail Blazers,125,Los Angeles Clippers,136,Box Score,,19068,
Sat Apr 8 2023,4:00p,Minnesota Timberwolves,151,San Antonio Spurs,131,Box Score,,16148,
Sun Apr 9 2023,1:00p,Atlanta Hawks,114,Boston Celtics,120,Box Score,,19156,
Sun Apr 9 2023,1:00p,Philadelphia 76ers,134,Brooklyn Nets,105,Box Score,,17732,
Sun Apr 9 2023,1:00p,Detroit Pistons,81,Chicago Bulls,103,Box Score,,21530,
Sun Apr 9 2023,1:00p,Charlotte Hornets,106,Cleveland Cavaliers,95,Box Score,,19432,
Sun Apr 9 2023,1:00p,Orlando Magic,110,Miami Heat,123,Box Score,,19894,
Sun Apr 9 2023,1:00p,Indiana Pacers,141,New York Knicks,136,Box Score,,19812,
Sun Apr 9 2023,1:00p,Milwaukee Bucks,105,Toronto Raptors,121,Box Score,,19800,
Sun Apr 9 2023,1:00p,Houston Rockets,114,Washington Wizards,109,Box Score,,15233,
Sun Apr 9 2023,3:30p,San Antonio Spurs,138,Dallas Mavericks,117,Box Score,,20141,
Sun Apr 9 2023,3:30p,Sacramento Kings,95,Denver Nuggets,109,Box Score,,19652,
Sun Apr 9 2023,3:30p,Utah Jazz,117,Los Angeles Lakers,128,Box Score,,18997,
Sun Apr 9 2023,3:30p,New Orleans Pelicans,108,Minnesota Timberwolves,113,Box Score,,18978,
Sun Apr 9 2023,3:30p,Memphis Grizzlies,100,Oklahoma City Thunder,115,Box Score,,16601,
Sun Apr 9 2023,3:30p,Los Angeles Clippers,119,Phoenix Suns,114,Box Score,,17071,
Sun Apr 9 2023,3:30p,Golden State Warriors,157,Portland Trail Blazers,101,Box Score,,19731,
