Date,Time,Team1,Score1,Team2,Score2,Label,OT,Attendance,Misc
Tue Oct 21 2025,7:30p,Houston Rockets,124,Oklahoma City Thunder,125,Box Score,2OT,18203,
Tue Oct 21 2025,10:00p,Golden State Warriors,119,Los Angeles Lakers,109,Box Score,,18997,
Wed Oct 22 2025,7:00p,Brooklyn Nets,117,Charlotte Hornets,136,Box Score,,19516,
Wed Oct 22 2025,7:00p,Cleveland Cavaliers,111,New York Knicks,119,Box Score,,19812,
Wed Oct 22 2025,7:00p,Miami Heat,121,Orlando Magic,125,Box Score,,19186,
Wed Oct 22 2025,7:30p,Philadelphia 76ers,117,Boston Celtics,116,Box Score,,19156,
Wed Oct 22 2025,7:30p,Toronto Raptors,138,Atlanta Hawks,118,Box Score,,17811,
Wed Oct 22 2025,8:00p,Detroit Pistons,111,Chicago Bulls,115,Box Score,,21381,
Wed Oct 22 2025,8:00p,New Orleans Pelicans,122,Memphis Grizzlies,128,Box Score,,17794,
Wed Oct 22 2025,8:00p,Washington Wizards,120,Milwaukee Bucks,133,Box Score,,17341,
Wed Oct 22 2025,9:00p,Los Angeles Clippers,108,Utah Jazz,129,Box Score,,18186,
Wed Oct 22 2025,9:30p,San Antonio Spurs,125,Dallas Mavericks,92,Box Score,,20122,
Wed Oct 22 2025,10:00p,Minnesota Timberwolves,118,Portland Trail Blazers,114,Box Score,,19335,
Wed Oct 22 2025,10:00p,Sacramento Kings,116,Phoenix Suns,120,Box Score,,17071,
Thu Oct 23 2025,7:30p,Oklahoma City Thunder,141,Indiana Pacers,135,Box Score,2OT,17274,
Thu Oct 23 2025,10:00p,Denver Nuggets,131,Golden State Warriors,137,Box Score,OT,18064,
Fri Oct 24 2025,6:30p,Milwaukee Bucks,122,Toronto Raptors,116,Box Score,,19615,
Fri Oct 24 2025,7:00p,Atlanta Hawks,111,Orlando Magic,107,Box Score,,18004,
Fri Oct 24 2025,7:30p,Cleveland Cavaliers,131,Brooklyn Nets,124,Box Score,,17548,
Fri Oct 24 2025,7:30p,Boston Celtics,95,New York Knicks,105,Box Score,,19812,
Fri Oct 24 2025,8:00p,Detroit Pistons,115,Houston Rockets,111,Box Score,,18055,
Fri Oct 24 2025,8:00p,San Antonio Spurs,120,New Orleans Pelicans,116,Box Score,OT,18363,
Fri Oct 24 2025,8:00p,Miami Heat,146,Memphis Grizzlies,114,Box Score,,14641,
Fri Oct 24 2025,8:30p,Washington Wizards,117,Dallas Mavericks,107,Box Score,,19225,
Fri Oct 24 2025,10:00p,Minnesota Timberwolves,110,Los Angeles Lakers,128,Box Score,,18642,
Fri Oct 24 2025,10:00p,Golden State Warriors,119,Portland Trail Blazers,139,Box Score,,18090,
Fri Oct 24 2025,10:00p,Utah Jazz,104,Sacramento Kings,105,Box Score,,17832,
Fri Oct 24 2025,10:30p,Phoenix Suns,102,Los Angeles Clippers,129,Box Score,,17927,
Sat Oct 25 2025,7:00p,Chicago Bulls,110,Orlando Magic,98,Box Score,,19117,
Sat Oct 25 2025,7:30p,Oklahoma City Thunder,117,Atlanta Hawks,100,Box Score,,16450,
Sat Oct 25 2025,7:30p,Charlotte Hornets,121,Philadelphia 76ers,125,Box Score,,19124,
Sat Oct 25 2025,8:00p,Indiana Pacers,103,Memphis Grizzlies,128,Box Score,,15441,
Sat Oct 25 2025,9:00p,Phoenix Suns,111,Denver Nuggets,133,Box Score,,20025,
Sun Oct 26 2025,2:00p,Brooklyn Nets,107,San Antonio Spurs,118,Box Score,,19016,
Sun Oct 26 2025,3:30p,Boston Celtics,113,Detroit Pistons,119,Box Score,,20062,
Sun Oct 26 2025,6:00p,Charlotte Hornets,139,Washington Wizards,113,Box Score,,16307,
Sun Oct 26 2025,6:00p,New York Knicks,107,Miami Heat,115,Box Score,,19600,
Sun Oct 26 2025,6:00p,Milwaukee Bucks,113,Cleveland Cavaliers,118,Box Score,,19432,
Sun Oct 26 2025,7:00p,Indiana Pacers,110,Minnesota Timberwolves,114,Box Score,,18978,
Sun Oct 26 2025,7:30p,Toronto Raptors,129,Dallas Mavericks,139,Box Score,,19232,
Sun Oct 26 2025,9:00p,Los Angeles Lakers,127,Sacramento Kings,120,Box Score,,17832,
Sun Oct 26 2025,9:00p,Portland Trail Blazers,107,Los Angeles Clippers,114,Box Score,,17927,
Mon Oct 27 2025,7:00p,Cleveland Cavaliers,116,Detroit Pistons,95,Box Score,,18933,
Mon Oct 27 2025,7:00p,Orlando Magic,124,Philadelphia 76ers,136,Box Score,,18377,
Mon Oct 27 2025,8:00p,Atlanta Hawks,123,Chicago Bulls,128,Box Score,,18094,
Mon Oct 27 2025,8:00p,Brooklyn Nets,109,Houston Rockets,137,Box Score,,18055,
Mon Oct 27 2025,8:00p,Boston Celtics,122,New Orleans Pelicans,90,Box Score,,16787,
Mon Oct 27 2025,8:00p,Toronto Raptors,103,San Antonio Spurs,121,Box Score,,18354,
Mon Oct 27 2025,8:30p,Oklahoma City Thunder,101,Dallas Mavericks,94,Box Score,,19303,
Mon Oct 27 2025,9:00p,Phoenix Suns,134,Utah Jazz,138,Box Score,OT,18186,
Mon Oct 27 2025,9:30p,Denver Nuggets,127,Minnesota Timberwolves,114,Box Score,,14018,
Mon Oct 27 2025,10:00p,Memphis Grizzlies,118,Golden State Warriors,131,Box Score,,18064,
Mon Oct 27 2025,10:30p,Portland Trail Blazers,122,Los Angeles Lakers,108,Box Score,,18512,
Tue Oct 28 2025,7:00p,Philadelphia 76ers,139,Washington Wizards,134,Box Score,OT,15529,
Tue Oct 28 2025,7:30p,Charlotte Hornets,117,Miami Heat,144,Box Score,,19600,
Tue Oct 28 2025,8:00p,New York Knicks,111,Milwaukee Bucks,121,Box Score,,16309,
Tue Oct 28 2025,8:00p,Sacramento Kings,101,Oklahoma City Thunder,107,Box Score,,18203,
Tue Oct 28 2025,11:00p,Los Angeles Clippers,79,Golden State Warriors,98,Box Score,,18064,
Wed Oct 29 2025,6:30p,Houston Rockets,139,Toronto Raptors,121,Box Score,,17234,
Wed Oct 29 2025,7:00p,Cleveland Cavaliers,105,Boston Celtics,125,Box Score,,19156,
Wed Oct 29 2025,7:00p,Orlando Magic,116,Detroit Pistons,135,Box Score,,19244,
Wed Oct 29 2025,7:30p,Atlanta Hawks,117,Brooklyn Nets,112,Box Score,,17548,
Wed Oct 29 2025,8:00p,Sacramento Kings,113,Chicago Bulls,126,Box Score,,19017,
Wed Oct 29 2025,8:30p,Indiana Pacers,105,Dallas Mavericks,107,Box Score,,19141,
Wed Oct 29 2025,9:00p,Portland Trail Blazers,136,Utah Jazz,134,Box Score,,18186,
Wed Oct 29 2025,9:00p,New Orleans Pelicans,88,Denver Nuggets,122,Box Score,,19533,
Wed Oct 29 2025,9:30p,Los Angeles Lakers,116,Minnesota Timberwolves,115,Box Score,,15308,
Wed Oct 29 2025,10:00p,Memphis Grizzlies,114,Phoenix Suns,113,Box Score,,17071,
Thu Oct 30 2025,7:00p,Orlando Magic,123,Charlotte Hornets,107,Box Score,,18478,
Thu Oct 30 2025,8:00p,Golden State Warriors,110,Milwaukee Bucks,120,Box Score,,17341,
Thu Oct 30 2025,8:00p,Washington Wizards,108,Oklahoma City Thunder,127,Box Score,,18203,
Thu Oct 30 2025,8:30p,Miami Heat,101,San Antonio Spurs,107,Box Score,,18702,
Fri Oct 31 2025,7:00p,Atlanta Hawks,128,Indiana Pacers,108,Box Score,,16212,NBA Cup
Fri Oct 31 2025,7:00p,Boston Celtics,109,Philadelphia 76ers,108,Box Score,,19746,NBA Cup
Fri Oct 31 2025,7:30p,Toronto Raptors,112,Cleveland Cavaliers,101,Box Score,,19432,NBA Cup
Fri Oct 31 2025,8:00p,New York Knicks,125,Chicago Bulls,135,Box Score,,18330,NBA Cup
Fri Oct 31 2025,9:30p,Los Angeles Lakers,117,Memphis Grizzlies,112,Box Score,,16122,NBA Cup
Fri Oct 31 2025,10:00p,Utah Jazz,96,Phoenix Suns,118,Box Score,,17071,NBA Cup
Fri Oct 31 2025,10:00p,Denver Nuggets,107,Portland Trail Blazers,109,Box Score,,16382,NBA Cup
Fri Oct 31 2025,10:30p,New Orleans Pelicans,124,Los Angeles Clippers,126,Box Score,,16083,NBA Cup
Sat Nov 1 2025,5:00p,Sacramento Kings,135,Milwaukee Bucks,133,Box Score,,17341,
Sat Nov 1 2025,6:00p,Minnesota Timberwolves,122,Charlotte Hornets,105,Box Score,,19444,
Sat Nov 1 2025,7:00p,Golden State Warriors,109,Indiana Pacers,114,Box Score,,17274,
Sat Nov 1 2025,7:00p,Orlando Magic,125,Washington Wizards,94,Box Score,,14602,
Sat Nov 1 2025,8:00p,Houston Rockets,128,Boston Celtics,101,Box Score,,19156,
Sat Nov 1 2025,10:00p,Dallas Mavericks,110,Detroit Pistons,122,Box Score,,20385,
Sun Nov 2 2025,3:30p,New Orleans Pelicans,106,Oklahoma City Thunder,137,Box Score,,18203,
Sun Nov 2 2025,6:00p,Philadelphia 76ers,129,Brooklyn Nets,105,Box Score,,17548,
Sun Nov 2 2025,6:00p,Utah Jazz,103,Charlotte Hornets,126,Box Score,,17123,
Sun Nov 2 2025,6:00p,Atlanta Hawks,109,Cleveland Cavaliers,117,Box Score,,19432,
Sun Nov 2 2025,6:00p,Memphis Grizzlies,104,Toronto Raptors,117,Box Score,,16746,
Sun Nov 2 2025,7:00p,Chicago Bulls,116,New York Knicks,128,Box Score,,19812,
Sun Nov 2 2025,8:00p,San Antonio Spurs,118,Phoenix Suns,130,Box Score,,17071,
Sun Nov 2 2025,9:30p,Miami Heat,120,Los Angeles Lakers,130,Box Score,,18831,
Mon Nov 3 2025,7:00p,Minnesota Timberwolves,125,Brooklyn Nets,109,Box Score,,17287,
Mon Nov 3 2025,7:00p,Milwaukee Bucks,117,Indiana Pacers,115,Box Score,,17016,
Mon Nov 3 2025,7:30p,Utah Jazz,105,Boston Celtics,103,Box Score,,19156,
Mon Nov 3 2025,7:30p,Washington Wizards,102,New York Knicks,119,Box Score,,19812,
Mon Nov 3 2025,8:00p,Dallas Mavericks,102,Houston Rockets,110,Box Score,,18055,
Mon Nov 3 2025,8:00p,Detroit Pistons,114,Memphis Grizzlies,106,Box Score,,13822,
Mon Nov 3 2025,9:00p,Sacramento Kings,124,Denver Nuggets,130,Box Score,,19653,
Mon Nov 3 2025,10:00p,Los Angeles Lakers,123,Portland Trail Blazers,115,Box Score,,17083,
Mon Nov 3 2025,10:30p,Miami Heat,120,Los Angeles Clippers,119,Box Score,,17045,
Tue Nov 4 2025,7:30p,Milwaukee Bucks,100,Toronto Raptors,128,Box Score,,18357,
Tue Nov 4 2025,8:00p,Orlando Magic,112,Atlanta Hawks,127,Box Score,,15821,
Tue Nov 4 2025,8:00p,Philadelphia 76ers,111,Chicago Bulls,113,Box Score,,21016,
Tue Nov 4 2025,8:00p,Charlotte Hornets,112,New Orleans Pelicans,116,Box Score,,15555,
Tue Nov 4 2025,10:00p,Phoenix Suns,107,Golden State Warriors,118,Box Score,,18064,
Tue Nov 4 2025,11:00p,Oklahoma City Thunder,126,Los Angeles Clippers,107,Box Score,,17195,
Wed Nov 5 2025,7:00p,Philadelphia 76ers,121,Cleveland Cavaliers,132,Box Score,,19432,
Wed Nov 5 2025,7:00p,Utah Jazz,103,Detroit Pistons,114,Box Score,,18403,
Wed Nov 5 2025,7:00p,Brooklyn Nets,112,Indiana Pacers,103,Box Score,,16103,
Wed Nov 5 2025,7:30p,Washington Wizards,107,Boston Celtics,136,Box Score,,19156,
Wed Nov 5 2025,7:30p,Minnesota Timberwolves,114,New York Knicks,137,Box Score,,19812,
Wed Nov 5 2025,8:00p,Houston Rockets,124,Memphis Grizzlies,109,Box Score,,15119,
Wed Nov 5 2025,8:30p,New Orleans Pelicans,101,Dallas Mavericks,99,Box Score,,18925,
Wed Nov 5 2025,9:00p,Miami Heat,112,Denver Nuggets,122,Box Score,,19862,
Wed Nov 5 2025,10:00p,San Antonio Spurs,116,Los Angeles Lakers,118,Box Score,,18997,
Wed Nov 5 2025,10:00p,Oklahoma City Thunder,119,Portland Trail Blazers,121,Box Score,,16822,
Wed Nov 5 2025,10:00p,Golden State Warriors,116,Sacramento Kings,121,Box Score,,17832,
Thu Nov 6 2025,9:00p,Los Angeles Clippers,102,Phoenix Suns,115,Box Score,,17071,
Fri Nov 7 2025,7:00p,Boston Celtics,110,Orlando Magic,123,Box Score,,19154,NBA Cup
Fri Nov 7 2025,7:00p,Cleveland Cavaliers,148,Washington Wizards,115,Box Score,,14054,NBA Cup
Fri Nov 7 2025,7:30p,Toronto Raptors,109,Atlanta Hawks,97,Box Score,,16340,NBA Cup
Fri Nov 7 2025,7:30p,Detroit Pistons,125,Brooklyn Nets,107,Box Score,,17548,NBA Cup
Fri Nov 7 2025,7:30p,Houston Rockets,110,San Antonio Spurs,121,Box Score,,19035,NBA Cup
Fri Nov 7 2025,8:00p,Dallas Mavericks,104,Memphis Grizzlies,118,Box Score,,15028,NBA Cup
Fri Nov 7 2025,8:00p,Charlotte Hornets,108,Miami Heat,126,Box Score,,19600,NBA Cup
Fri Nov 7 2025,8:00p,Chicago Bulls,110,Milwaukee Bucks,126,Box Score,,17839,NBA Cup
Fri Nov 7 2025,8:00p,Utah Jazz,97,Minnesota Timberwolves,137,Box Score,,17924,NBA Cup
Fri Nov 7 2025,10:00p,Golden State Warriors,104,Denver Nuggets,129,Box Score,,19969,NBA Cup
Fri Nov 7 2025,10:00p,Oklahoma City Thunder,132,Sacramento Kings,101,Box Score,,15767,NBA Cup
Sat Nov 8 2025,7:00p,Dallas Mavericks,111,Washington Wizards,105,Box Score,,16258,
Sat Nov 8 2025,7:30p,Toronto Raptors,120,Philadelphia 76ers,130,Box Score,,19746,
Sat Nov 8 2025,8:00p,Los Angeles Lakers,102,Atlanta Hawks,122,Box Score,,17194,
Sat Nov 8 2025,8:00p,Chicago Bulls,122,Cleveland Cavaliers,128,Box Score,,19432,
Sat Nov 8 2025,8:00p,Portland Trail Blazers,131,Miami Heat,136,Box Score,,19600,
Sat Nov 8 2025,8:00p,New Orleans Pelicans,119,San Antonio Spurs,126,Box Score,,18611,
Sat Nov 8 2025,9:00p,Indiana Pacers,100,Denver Nuggets,117,Box Score,,19954,
Sat Nov 8 2025,10:30p,Phoenix Suns,114,Los Angeles Clippers,103,Box Score,,17927,
Sun Nov 9 2025,3:30p,Houston Rockets,122,Milwaukee Bucks,115,Box Score,,17341,
Sun Nov 9 2025,6:00p,Oklahoma City Thunder,114,Memphis Grizzlies,100,Box Score,,14532,
Sun Nov 9 2025,6:00p,Brooklyn Nets,98,New York Knicks,134,Box Score,,19812,
Sun Nov 9 2025,6:00p,Boston Celtics,111,Orlando Magic,107,Box Score,,18096,
Sun Nov 9 2025,7:30p,Detroit Pistons,111,Philadelphia 76ers,108,Box Score,,18520,
Sun Nov 9 2025,8:30p,Indiana Pacers,83,Golden State Warriors,114,Box Score,,18064,
Sun Nov 9 2025,9:00p,Minnesota Timberwolves,144,Sacramento Kings,117,Box Score,,15227,
Mon Nov 10 2025,7:00p,Los Angeles Lakers,121,Charlotte Hornets,111,Box Score,,19537,
Mon Nov 10 2025,7:00p,Washington Wizards,135,Detroit Pistons,137,Box Score,OT,17994,
Mon Nov 10 2025,7:00p,Portland Trail Blazers,112,Orlando Magic,115,Box Score,,17989,
Mon Nov 10 2025,7:30p,Cleveland Cavaliers,138,Miami Heat,140,Box Score,OT,19600,
Mon Nov 10 2025,8:00p,San Antonio Spurs,121,Chicago Bulls,117,Box Score,,21672,
Mon Nov 10 2025,8:30p,Milwaukee Bucks,116,Dallas Mavericks,114,Box Score,,19132,
Mon Nov 10 2025,9:00p,New Orleans Pelicans,98,Phoenix Suns,121,Box Score,,17071,
Mon Nov 10 2025,9:00p,Minnesota Timberwolves,120,Utah Jazz,113,Box Score,,18186,
Mon Nov 10 2025,10:30p,Atlanta Hawks,105,Los Angeles Clippers,102,Box Score,,16368,
Tue Nov 11 2025,7:30p,Toronto Raptors,119,Brooklyn Nets,109,Box Score,,17233,
Tue Nov 11 2025,7:30p,Memphis Grizzlies,120,New York Knicks,133,Box Score,,19812,
Tue Nov 11 2025,8:00p,Golden State Warriors,102,Oklahoma City Thunder,126,Box Score,,18203,
Tue Nov 11 2025,8:00p,Boston Celtics,100,Philadelphia 76ers,102,Box Score,,19746,
Tue Nov 11 2025,9:00p,Indiana Pacers,128,Utah Jazz,152,Box Score,,18186,
Tue Nov 11 2025,11:00p,Denver Nuggets,122,Sacramento Kings,108,Box Score,,15106,
Wed Nov 12 2025,7:00p,Milwaukee Bucks,100,Charlotte Hornets,111,Box Score,,17142,
Wed Nov 12 2025,7:00p,Chicago Bulls,113,Detroit Pistons,124,Box Score,,19023,
Wed Nov 12 2025,7:00p,Orlando Magic,124,New York Knicks,107,Box Score,,19812,
Wed Nov 12 2025,7:30p,Memphis Grizzlies,95,Boston Celtics,131,Box Score,,19156,
Wed Nov 12 2025,7:30p,Cleveland Cavaliers,130,Miami Heat,116,Box Score,,19600,
Wed Nov 12 2025,8:00p,Washington Wizards,112,Houston Rockets,135,Box Score,,18055,
Wed Nov 12 2025,8:00p,Portland Trail Blazers,125,New Orleans Pelicans,117,Box Score,,15896,
Wed Nov 12 2025,8:00p,Golden State Warriors,125,San Antonio Spurs,120,Box Score,,18578,
Wed Nov 12 2025,8:30p,Phoenix Suns,123,Dallas Mavericks,114,Box Score,,19501,
Wed Nov 12 2025,9:30p,Los Angeles Lakers,92,Oklahoma City Thunder,121,Box Score,,18203,
Wed Nov 12 2025,10:00p,Atlanta Hawks,133,Sacramento Kings,100,Box Score,,15008,
Wed Nov 12 2025,10:30p,Denver Nuggets,130,Los Angeles Clippers,116,Box Score,,17927,
Thu Nov 13 2025,7:00p,Toronto Raptors,126,Cleveland Cavaliers,113,Box Score,,19432,
Thu Nov 13 2025,9:00p,Indiana Pacers,98,Phoenix Suns,133,Box Score,,17071,
Thu Nov 13 2025,9:00p,Atlanta Hawks,132,Utah Jazz,122,Box Score,,18186,
Fri Nov 14 2025,7:00p,Miami Heat,132,New York Knicks,140,Box Score,,19812,NBA Cup
Fri Nov 14 2025,7:00p,Brooklyn Nets,98,Orlando Magic,105,Box Score,,17902,NBA Cup
Fri Nov 14 2025,7:30p,Philadelphia 76ers,105,Detroit Pistons,114,Box Score,,20062,NBA Cup
Fri Nov 14 2025,8:00p,Portland Trail Blazers,116,Houston Rockets,140,Box Score,,18055,NBA Cup
Fri Nov 14 2025,8:00p,Charlotte Hornets,134,Milwaukee Bucks,147,Box Score,OT,17341,NBA Cup
Fri Nov 14 2025,8:00p,Sacramento Kings,110,Minnesota Timberwolves,124,Box Score,,16962,NBA Cup
Fri Nov 14 2025,8:00p,Los Angeles Lakers,118,New Orleans Pelicans,104,Box Score,,18102,NBA Cup
Fri Nov 14 2025,8:30p,Los Angeles Clippers,133,Dallas Mavericks,127,Box Score,2OT,18624,NBA Cup
Fri Nov 14 2025,9:30p,Golden State Warriors,109,San Antonio Spurs,108,Box Score,,19059,NBA Cup
Sat Nov 15 2025,5:00p,Memphis Grizzlies,100,Cleveland Cavaliers,108,Box Score,,19432,
Sat Nov 15 2025,7:00p,Oklahoma City Thunder,109,Charlotte Hornets,96,Box Score,,19469,
Sat Nov 15 2025,7:00p,Toronto Raptors,129,Indiana Pacers,111,Box Score,,17274,
Sat Nov 15 2025,8:00p,Los Angeles Lakers,119,Milwaukee Bucks,95,Box Score,,17341,
Sat Nov 15 2025,8:00p,Denver Nuggets,123,Minnesota Timberwolves,112,Box Score,,18978,
Sun Nov 16 2025,3:30p,Los Angeles Clippers,118,Boston Celtics,121,Box Score,,19156,
Sun Nov 16 2025,4:00p,Sacramento Kings,110,San Antonio Spurs,123,Box Score,,18354,
Sun Nov 16 2025,6:00p,Brooklyn Nets,129,Washington Wizards,106,Box Score,,14164,
Sun Nov 16 2025,7:00p,Orlando Magic,113,Houston Rockets,117,Box Score,OT,18055,
Sun Nov 16 2025,7:00p,Golden State Warriors,124,New Orleans Pelicans,106,Box Score,,18373,
Sun Nov 16 2025,7:30p,Portland Trail Blazers,133,Dallas Mavericks,138,Box Score,OT,18808,
Sun Nov 16 2025,8:00p,Atlanta Hawks,124,Phoenix Suns,122,Box Score,,17071,
Sun Nov 16 2025,8:00p,Chicago Bulls,147,Utah Jazz,150,Box Score,2OT,18186,
Mon Nov 17 2025,7:00p,Milwaukee Bucks,106,Cleveland Cavaliers,118,Box Score,,19432,
Mon Nov 17 2025,7:00p,Indiana Pacers,112,Detroit Pistons,127,Box Score,,19058,
Mon Nov 17 2025,7:00p,Los Angeles Clippers,108,Philadelphia 76ers,110,Box Score,,18008,
Mon Nov 17 2025,7:30p,New York Knicks,113,Miami Heat,115,Box Score,,19600,
Mon Nov 17 2025,7:30p,Charlotte Hornets,108,Toronto Raptors,110,Box Score,,19037,
Mon Nov 17 2025,8:00p,Dallas Mavericks,96,Minnesota Timberwolves,120,Box Score,,16712,
Mon Nov 17 2025,8:00p,Oklahoma City Thunder,126,New Orleans Pelicans,109,Box Score,,13757,
Mon Nov 17 2025,9:00p,Chicago Bulls,130,Denver Nuggets,127,Box Score,,19951,
Tue Nov 18 2025,7:00p,Golden State Warriors,113,Orlando Magic,121,Box Score,,18846,
Tue Nov 18 2025,7:30p,Detroit Pistons,120,Atlanta Hawks,112,Box Score,,17353,
Tue Nov 18 2025,7:30p,Boston Celtics,113,Brooklyn Nets,99,Box Score,,18118,
Tue Nov 18 2025,8:00p,Memphis Grizzlies,101,San Antonio Spurs,111,Box Score,,18354,
Tue Nov 18 2025,10:30p,Utah Jazz,126,Los Angeles Lakers,140,Box Score,,18997,
Tue Nov 18 2025,11:00p,Phoenix Suns,127,Portland Trail Blazers,110,Box Score,,17051,
Wed Nov 19 2025,7:00p,Houston Rockets,114,Cleveland Cavaliers,104,Box Score,,19432,
Wed Nov 19 2025,7:00p,Charlotte Hornets,118,Indiana Pacers,127,Box Score,,17003,
Wed Nov 19 2025,7:00p,Toronto Raptors,121,Philadelphia 76ers,112,Box Score,,17077,
Wed Nov 19 2025,7:30p,Golden State Warriors,96,Miami Heat,110,Box Score,,19600,
Wed Nov 19 2025,8:00p,Washington Wizards,109,Minnesota Timberwolves,120,Box Score,,16578,
Wed Nov 19 2025,8:00p,Denver Nuggets,125,New Orleans Pelicans,118,Box Score,,16484,
Wed Nov 19 2025,8:00p,Sacramento Kings,99,Oklahoma City Thunder,113,Box Score,,18203,
Wed Nov 19 2025,9:30p,New York Knicks,113,Dallas Mavericks,111,Box Score,,18513,
Wed Nov 19 2025,10:00p,Chicago Bulls,122,Portland Trail Blazers,121,Box Score,,17795,
Thu Nov 20 2025,7:00p,Los Angeles Clippers,101,Orlando Magic,129,Box Score,,17801,
Thu Nov 20 2025,8:00p,Sacramento Kings,96,Memphis Grizzlies,137,Box Score,,14704,
Thu Nov 20 2025,8:00p,Philadelphia 76ers,123,Milwaukee Bucks,114,Box Score,OT,16574,
Thu Nov 20 2025,8:00p,Atlanta Hawks,126,San Antonio Spurs,135,Box Score,,18354,
Fri Nov 21 2025,7:00p,Indiana Pacers,109,Cleveland Cavaliers,120,Box Score,,19432,NBA Cup
Fri Nov 21 2025,7:30p,Brooklyn Nets,113,Boston Celtics,105,Box Score,,19156,NBA Cup
Fri Nov 21 2025,7:30p,Washington Wizards,110,Toronto Raptors,140,Box Score,,19800,NBA Cup
Fri Nov 21 2025,8:00p,Miami Heat,143,Chicago Bulls,107,Box Score,,21313,NBA Cup
Fri Nov 21 2025,8:30p,New Orleans Pelicans,115,Dallas Mavericks,118,Box Score,,18506,NBA Cup
Fri Nov 21 2025,9:00p,Minnesota Timberwolves,113,Phoenix Suns,114,Box Score,,17071,NBA Cup
Fri Nov 21 2025,9:30p,Denver Nuggets,112,Houston Rockets,109,Box Score,,18108,NBA Cup
Fri Nov 21 2025,10:00p,Portland Trail Blazers,127,Golden State Warriors,123,Box Score,,18064,NBA Cup
Fri Nov 21 2025,10:00p,Oklahoma City Thunder,144,Utah Jazz,112,Box Score,,18186,NBA Cup
Sat Nov 22 2025,1:00p,Los Angeles Clippers,131,Charlotte Hornets,116,Box Score,,18721,
Sat Nov 22 2025,5:00p,New York Knicks,121,Orlando Magic,133,Box Score,,18014,
Sat Nov 22 2025,7:00p,Atlanta Hawks,115,New Orleans Pelicans,98,Box Score,,18397,
Sat Nov 22 2025,8:00p,Washington Wizards,120,Chicago Bulls,121,Box Score,,21302,
Sat Nov 22 2025,8:00p,Detroit Pistons,129,Milwaukee Bucks,116,Box Score,,17341,
Sat Nov 22 2025,8:30p,Memphis Grizzlies,102,Dallas Mavericks,96,Box Score,,19623,
Sat Nov 22 2025,10:00p,Sacramento Kings,128,Denver Nuggets,123,Box Score,,19893,
Sun Nov 23 2025,1:00p,Miami Heat,127,Philadelphia 76ers,117,Box Score,,18850,
Sun Nov 23 2025,6:00p,Charlotte Hornets,110,Atlanta Hawks,113,Box Score,,17460,
Sun Nov 23 2025,6:00p,Orlando Magic,129,Boston Celtics,138,Box Score,,19156,
Sun Nov 23 2025,6:00p,Los Angeles Clippers,105,Cleveland Cavaliers,120,Box Score,,19432,
Sun Nov 23 2025,6:00p,Brooklyn Nets,109,Toronto Raptors,119,Box Score,,18038,
Sun Nov 23 2025,7:00p,Portland Trail Blazers,95,Oklahoma City Thunder,122,Box Score,,18203,
Sun Nov 23 2025,8:00p,San Antonio Spurs,102,Phoenix Suns,111,Box Score,,17071,
Sun Nov 23 2025,8:00p,Los Angeles Lakers,108,Utah Jazz,106,Box Score,,18186,
Mon Nov 24 2025,7:00p,Detroit Pistons,122,Indiana Pacers,117,Box Score,,17009,
Mon Nov 24 2025,7:00p,Cleveland Cavaliers,99,Toronto Raptors,110,Box Score,,17127,
Mon Nov 24 2025,7:30p,New York Knicks,113,Brooklyn Nets,100,Box Score,,18019,
Mon Nov 24 2025,7:30p,Dallas Mavericks,102,Miami Heat,106,Box Score,,19600,
Mon Nov 24 2025,8:00p,Denver Nuggets,125,Memphis Grizzlies,115,Box Score,,15519,
Mon Nov 24 2025,8:00p,Portland Trail Blazers,115,Milwaukee Bucks,103,Box Score,,16526,
Mon Nov 24 2025,8:00p,Chicago Bulls,130,New Orleans Pelicans,143,Box Score,,16690,
Mon Nov 24 2025,9:30p,Houston Rockets,114,Phoenix Suns,92,Box Score,,17071,
Mon Nov 24 2025,10:00p,Utah Jazz,117,Golden State Warriors,134,Box Score,,18064,
Mon Nov 24 2025,10:00p,Minnesota Timberwolves,112,Sacramento Kings,117,Box Score,OT,16957,
Tue Nov 25 2025,7:00p,Atlanta Hawks,113,Washington Wizards,132,Box Score,,15522,NBA Cup
Tue Nov 25 2025,8:00p,Orlando Magic,144,Philadelphia 76ers,103,Box Score,,19746,NBA Cup
Tue Nov 25 2025,11:00p,Los Angeles Clippers,118,Los Angeles Lakers,135,Box Score,,18997,NBA Cup
Wed Nov 26 2025,5:00p,Detroit Pistons,114,Boston Celtics,117,Box Score,,19156,NBA Cup
Wed Nov 26 2025,7:00p,New York Knicks,129,Charlotte Hornets,101,Box Score,,19588,NBA Cup
Wed Nov 26 2025,7:30p,Milwaukee Bucks,103,Miami Heat,106,Box Score,,19600,NBA Cup
Wed Nov 26 2025,7:30p,Minnesota Timberwolves,105,Oklahoma City Thunder,113,Box Score,,18203,NBA Cup
Wed Nov 26 2025,7:30p,Indiana Pacers,95,Toronto Raptors,97,Box Score,,18484,NBA Cup
Wed Nov 26 2025,8:00p,Memphis Grizzlies,133,New Orleans Pelicans,128,Box Score,OT,17333,NBA Cup
Wed Nov 26 2025,10:00p,Houston Rockets,104,Golden State Warriors,100,Box Score,,18064,NBA Cup
Wed Nov 26 2025,10:00p,San Antonio Spurs,115,Portland Trail Blazers,102,Box Score,,19335,NBA Cup
Wed Nov 26 2025,10:00p,Phoenix Suns,112,Sacramento Kings,100,Box Score,,17961,NBA Cup
Fri Nov 28 2025,7:30p,Cleveland Cavaliers,123,Atlanta Hawks,130,Box Score,,16124,NBA Cup
Fri Nov 28 2025,7:30p,Philadelphia 76ers,115,Brooklyn Nets,103,Box Score,,17809,NBA Cup
Fri Nov 28 2025,7:30p,Chicago Bulls,116,Charlotte Hornets,123,Box Score,,19453,NBA Cup
Fri Nov 28 2025,7:30p,Orlando Magic,112,Detroit Pistons,109,Box Score,,20062,NBA Cup
Fri Nov 28 2025,7:30p,Washington Wizards,86,Indiana Pacers,119,Box Score,,16515,NBA Cup
Fri Nov 28 2025,7:30p,Milwaukee Bucks,109,New York Knicks,118,Box Score,,19812,NBA Cup
Fri Nov 28 2025,9:30p,San Antonio Spurs,139,Denver Nuggets,136,Box Score,,19936,NBA Cup
Fri Nov 28 2025,9:30p,Phoenix Suns,119,Oklahoma City Thunder,123,Box Score,,18203,NBA Cup
Fri Nov 28 2025,9:30p,Sacramento Kings,119,Utah Jazz,128,Box Score,,18186,NBA Cup
Fri Nov 28 2025,10:00p,Memphis Grizzlies,112,Los Angeles Clippers,107,Box Score,,17927,NBA Cup
Fri Nov 28 2025,10:00p,Dallas Mavericks,119,Los Angeles Lakers,129,Box Score,,18997,NBA Cup
Sat Nov 29 2025,5:00p,Boston Celtics,115,Minnesota Timberwolves,119,Box Score,,17344,
Sat Nov 29 2025,6:00p,Toronto Raptors,111,Charlotte Hornets,118,Box Score,OT,17060,
Sat Nov 29 2025,7:30p,Chicago Bulls,101,Indiana Pacers,103,Box Score,,17006,
Sat Nov 29 2025,8:00p,Detroit Pistons,138,Miami Heat,135,Box Score,,19600,
Sat Nov 29 2025,8:00p,Brooklyn Nets,99,Milwaukee Bucks,116,Box Score,,16396,
Sat Nov 29 2025,8:30p,New Orleans Pelicans,96,Golden State Warriors,104,Box Score,,18064,
Sat Nov 29 2025,9:00p,Denver Nuggets,130,Phoenix Suns,112,Box Score,,17071,
Sat Nov 29 2025,10:00p,Dallas Mavericks,114,Los Angeles Clippers,110,Box Score,,17927,
Sun Nov 30 2025,3:00p,Houston Rockets,129,Utah Jazz,101,Box Score,,18186,
Sun Nov 30 2025,6:00p,Boston Celtics,117,Cleveland Cavaliers,115,Box Score,,19432,
Sun Nov 30 2025,6:00p,Toronto Raptors,94,New York Knicks,116,Box Score,,19812,
Sun Nov 30 2025,6:00p,Atlanta Hawks,142,Philadelphia 76ers,134,Box Score,2OT,17225,
Sun Nov 30 2025,6:00p,Oklahoma City Thunder,123,Portland Trail Blazers,115,Box Score,,17597,
Sun Nov 30 2025,7:00p,San Antonio Spurs,112,Minnesota Timberwolves,125,Box Score,,16979,
Sun Nov 30 2025,9:00p,Memphis Grizzlies,115,Sacramento Kings,107,Box Score,,15901,
Sun Nov 30 2025,9:30p,New Orleans Pelicans,121,Los Angeles Lakers,133,Box Score,,18824,
Mon Dec 1 2025,7:00p,Atlanta Hawks,98,Detroit Pistons,99,Box Score,,19008,
Mon Dec 1 2025,7:00p,Cleveland Cavaliers,135,Indiana Pacers,119,Box Score,,15470,
Mon Dec 1 2025,7:00p,Milwaukee Bucks,126,Washington Wizards,129,Box Score,,13709,
Mon Dec 1 2025,7:30p,Charlotte Hornets,103,Brooklyn Nets,116,Box Score,,16443,
Mon Dec 1 2025,7:30p,Los Angeles Clippers,123,Miami Heat,140,Box Score,,19600,
Mon Dec 1 2025,7:30p,Chicago Bulls,120,Orlando Magic,125,Box Score,,18096,
Mon Dec 1 2025,9:00p,Dallas Mavericks,131,Denver Nuggets,121,Box Score,,19587,
Mon Dec 1 2025,9:00p,Houston Rockets,125,Utah Jazz,133,Box Score,,18186,
Mon Dec 1 2025,10:00p,Phoenix Suns,125,Los Angeles Lakers,108,Box Score,,18997,
Tue Dec 2 2025,7:00p,Washington Wizards,102,Philadelphia 76ers,121,Box Score,,16743,
Tue Dec 2 2025,7:30p,Portland Trail Blazers,118,Toronto Raptors,121,Box Score,,19203,
Tue Dec 2 2025,8:00p,New York Knicks,117,Boston Celtics,123,Box Score,,19156,
Tue Dec 2 2025,8:00p,Minnesota Timberwolves,149,New Orleans Pelicans,142,Box Score,OT,12770,
Tue Dec 2 2025,8:00p,Memphis Grizzlies,119,San Antonio Spurs,126,Box Score,,18354,
Tue Dec 2 2025,11:00p,Oklahoma City Thunder,124,Golden State Warriors,112,Box Score,,18064,
Wed Dec 3 2025,7:00p,Portland Trail Blazers,122,Cleveland Cavaliers,110,Box Score,,19432,
Wed Dec 3 2025,7:00p,Denver Nuggets,135,Indiana Pacers,120,Box Score,,15578,
Wed Dec 3 2025,7:00p,San Antonio Spurs,114,Orlando Magic,112,Box Score,,17643,
Wed Dec 3 2025,7:30p,Los Angeles Clippers,115,Atlanta Hawks,92,Box Score,,16470,
Wed Dec 3 2025,7:30p,Charlotte Hornets,104,New York Knicks,119,Box Score,,19812,
Wed Dec 3 2025,8:00p,Brooklyn Nets,113,Chicago Bulls,103,Box Score,,20633,
Wed Dec 3 2025,8:00p,Sacramento Kings,95,Houston Rockets,121,Box Score,,18055,
Wed Dec 3 2025,8:00p,Detroit Pistons,109,Milwaukee Bucks,113,Box Score,,16256,
Wed Dec 3 2025,8:30p,Miami Heat,108,Dallas Mavericks,118,Box Score,,19509,
Thu Dec 4 2025,7:00p,Golden State Warriors,98,Philadelphia 76ers,99,Box Score,,18221,
Thu Dec 4 2025,7:00p,Boston Celtics,146,Washington Wizards,101,Box Score,,16026,
Thu Dec 4 2025,7:30p,Utah Jazz,123,Brooklyn Nets,110,Box Score,,16485,
Thu Dec 4 2025,7:30p,Los Angeles Lakers,123,Toronto Raptors,120,Box Score,,19800,
Thu Dec 4 2025,8:00p,Minnesota Timberwolves,125,New Orleans Pelicans,116,Box Score,,16459,
Fri Dec 5 2025,7:00p,Los Angeles Lakers,105,Boston Celtics,126,Box Score,,19156,
Fri Dec 5 2025,7:00p,Miami Heat,105,Orlando Magic,106,Box Score,,17794,
Fri Dec 5 2025,7:30p,Denver Nuggets,134,Atlanta Hawks,133,Box Score,,16149,
Fri Dec 5 2025,7:30p,San Antonio Spurs,117,Cleveland Cavaliers,130,Box Score,,19432,
Fri Dec 5 2025,7:30p,Portland Trail Blazers,116,Detroit Pistons,122,Box Score,,19907,
Fri Dec 5 2025,7:30p,Utah Jazz,112,New York Knicks,146,Box Score,,19812,
Fri Dec 5 2025,7:30p,Charlotte Hornets,111,Toronto Raptors,86,Box Score,,19800,
Fri Dec 5 2025,8:00p,Indiana Pacers,120,Chicago Bulls,105,Box Score,,20471,
Fri Dec 5 2025,8:00p,Phoenix Suns,98,Houston Rockets,117,Box Score,,18055,
Fri Dec 5 2025,8:00p,Los Angeles Clippers,98,Memphis Grizzlies,107,Box Score,,15052,
Fri Dec 5 2025,8:00p,Philadelphia 76ers,116,Milwaukee Bucks,101,Box Score,,17341,
Fri Dec 5 2025,9:30p,Dallas Mavericks,111,Oklahoma City Thunder,132,Box Score,,18203,
Sat Dec 6 2025,5:00p,New Orleans Pelicans,101,Brooklyn Nets,119,Box Score,,17055,
Sat Dec 6 2025,7:00p,Atlanta Hawks,131,Washington Wizards,116,Box Score,,15596,
Sat Dec 6 2025,7:30p,Golden State Warriors,99,Cleveland Cavaliers,94,Box Score,,19432,
Sat Dec 6 2025,7:30p,Milwaukee Bucks,112,Detroit Pistons,124,Box Score,,19931,
Sat Dec 6 2025,8:00p,Sacramento Kings,127,Miami Heat,111,Box Score,,19700,
Sat Dec 6 2025,8:00p,Los Angeles Clippers,106,Minnesota Timberwolves,109,Box Score,,17506,
Sat Dec 6 2025,8:30p,Houston Rockets,109,Dallas Mavericks,122,Box Score,,19310,
Sun Dec 7 2025,12:00p,Orlando Magic,100,New York Knicks,106,Box Score,,19812,
Sun Dec 7 2025,3:30p,Boston Celtics,121,Toronto Raptors,113,Box Score,,18492,
Sun Dec 7 2025,6:00p,Denver Nuggets,115,Charlotte Hornets,106,Box Score,,18416,
Sun Dec 7 2025,6:00p,Portland Trail Blazers,96,Memphis Grizzlies,119,Box Score,,14189,
Sun Dec 7 2025,7:00p,Golden State Warriors,123,Chicago Bulls,91,Box Score,,18449,
Sun Dec 7 2025,7:30p,Los Angeles Lakers,112,Philadelphia 76ers,108,Box Score,,20431,
Sun Dec 7 2025,8:00p,Oklahoma City Thunder,131,Utah Jazz,101,Box Score,,18186,
Mon Dec 8 2025,7:00p,Sacramento Kings,105,Indiana Pacers,116,Box Score,,16465,
Mon Dec 8 2025,7:30p,Phoenix Suns,108,Minnesota Timberwolves,105,Box Score,,16046,
Mon Dec 8 2025,8:00p,San Antonio Spurs,135,New Orleans Pelicans,132,Box Score,,15783,
Tue Dec 9 2025,6:00p,Miami Heat,108,Orlando Magic,117,Box Score,,18605,NBA Cup
Tue Dec 9 2025,8:30p,New York Knicks,117,Toronto Raptors,101,Box Score,,17801,NBA Cup
Wed Dec 10 2025,7:30p,Phoenix Suns,89,Oklahoma City Thunder,138,Box Score,,18203,NBA Cup
Wed Dec 10 2025,10:00p,San Antonio Spurs,132,Los Angeles Lakers,119,Box Score,,18684,NBA Cup
Thu Dec 11 2025,8:00p,Los Angeles Clippers,113,Houston Rockets,115,Box Score,,18055,
Thu Dec 11 2025,8:00p,Boston Celtics,101,Milwaukee Bucks,116,Box Score,,15458,
Thu Dec 11 2025,8:00p,Portland Trail Blazers,120,New Orleans Pelicans,143,Box Score,,13448,
Thu Dec 11 2025,10:00p,Denver Nuggets,136,Sacramento Kings,105,Box Score,,16307,
Fri Dec 12 2025,7:00p,Chicago Bulls,129,Charlotte Hornets,126,Box Score,,16205,
Fri Dec 12 2025,7:00p,Atlanta Hawks,115,Detroit Pistons,142,Box Score,,18989,
Fri Dec 12 2025,7:00p,Indiana Pacers,105,Philadelphia 76ers,115,Box Score,,19746,
Fri Dec 12 2025,7:00p,Cleveland Cavaliers,130,Washington Wizards,126,Box Score,,15465,
Fri Dec 12 2025,8:00p,Utah Jazz,130,Memphis Grizzlies,126,Box Score,,15502,
Fri Dec 12 2025,8:30p,Brooklyn Nets,111,Dallas Mavericks,119,Box Score,,19032,
Fri Dec 12 2025,10:00p,Minnesota Timberwolves,127,Golden State Warriors,120,Box Score,,18064,
Sat Dec 13 2025,5:30p,New York Knicks,132,Orlando Magic,120,Box Score,,16697,NBA Cup
Sat Dec 13 2025,9:00p,San Antonio Spurs,111,Oklahoma City Thunder,109,Box Score,,18519,NBA Cup
Sun Dec 14 2025,3:00p,Washington Wizards,108,Indiana Pacers,89,Box Score,,16001,
Sun Dec 14 2025,3:30p,Charlotte Hornets,119,Cleveland Cavaliers,111,Box Score,OT,19432,
Sun Dec 14 2025,6:00p,Philadelphia 76ers,117,Atlanta Hawks,120,Box Score,,16250,
Sun Dec 14 2025,6:00p,Milwaukee Bucks,82,Brooklyn Nets,127,Box Score,,16439,
Sun Dec 14 2025,7:00p,New Orleans Pelicans,114,Chicago Bulls,104,Box Score,,18372,
Sun Dec 14 2025,7:00p,Sacramento Kings,103,Minnesota Timberwolves,117,Box Score,,15466,
Sun Dec 14 2025,8:00p,Los Angeles Lakers,116,Phoenix Suns,114,Box Score,,17071,
Sun Dec 14 2025,9:00p,Golden State Warriors,131,Portland Trail Blazers,136,Box Score,,19064,
Mon Dec 15 2025,7:00p,Detroit Pistons,112,Boston Celtics,105,Box Score,,19156,
Mon Dec 15 2025,7:30p,Toronto Raptors,106,Miami Heat,96,Box Score,,19600,
Mon Dec 15 2025,9:00p,Dallas Mavericks,133,Utah Jazz,140,Box Score,OT,18186,
Mon Dec 15 2025,9:30p,Houston Rockets,125,Denver Nuggets,128,Box Score,OT,19596,
Mon Dec 15 2025,10:30p,Memphis Grizzlies,121,Los Angeles Clippers,103,Box Score,,17927,
Wed Dec 17 2025,8:00p,Cleveland Cavaliers,111,Chicago Bulls,127,Box Score,,18872,
Wed Dec 17 2025,8:00p,Memphis Grizzlies,116,Minnesota Timberwolves,110,Box Score,,16287,
Thu Dec 18 2025,7:00p,Atlanta Hawks,126,Charlotte Hornets,133,Box Score,,16124,
Thu Dec 18 2025,7:00p,New York Knicks,114,Indiana Pacers,113,Box Score,,15660,
Thu Dec 18 2025,7:30p,Miami Heat,106,Brooklyn Nets,95,Box Score,,17548,
Thu Dec 18 2025,8:00p,Toronto Raptors,111,Milwaukee Bucks,105,Box Score,,17341,
Thu Dec 18 2025,8:00p,Houston Rockets,128,New Orleans Pelicans,133,Box Score,OT,16766,
Thu Dec 18 2025,8:00p,Los Angeles Clippers,101,Oklahoma City Thunder,122,Box Score,,18203,
Thu Dec 18 2025,8:00p,Washington Wizards,94,San Antonio Spurs,119,Box Score,,18754,
Thu Dec 18 2025,8:30p,Detroit Pistons,114,Dallas Mavericks,116,Box Score,OT,19600,
Thu Dec 18 2025,9:00p,Orlando Magic,115,Denver Nuggets,126,Box Score,,19731,
Thu Dec 18 2025,9:00p,Golden State Warriors,98,Phoenix Suns,99,Box Score,,17071,
Thu Dec 18 2025,9:00p,Los Angeles Lakers,143,Utah Jazz,135,Box Score,,18186,
Thu Dec 18 2025,10:00p,Sacramento Kings,133,Portland Trail Blazers,134,Box Score,OT,16382,
Fri Dec 19 2025,7:00p,Miami Heat,116,Boston Celtics,129,Box Score,,19156,
Fri Dec 19 2025,7:00p,Philadelphia 76ers,116,New York Knicks,107,Box Score,,19812,
Fri Dec 19 2025,7:30p,San Antonio Spurs,126,Atlanta Hawks,98,Box Score,,15505,
Fri Dec 19 2025,7:30p,Chicago Bulls,136,Cleveland Cavaliers,125,Box Score,,19432,
Fri Dec 19 2025,9:30p,Oklahoma City Thunder,107,Minnesota Timberwolves,112,Box Score,,18978,
Sat Dec 20 2025,5:00p,Houston Rockets,115,Denver Nuggets,101,Box Score,,19955,
Sat Dec 20 2025,7:00p,Indiana Pacers,109,New Orleans Pelicans,128,Box Score,,16434,
Sat Dec 20 2025,7:00p,Dallas Mavericks,114,Philadelphia 76ers,121,Box Score,,19056,
Sat Dec 20 2025,7:00p,Boston Celtics,112,Toronto Raptors,96,Box Score,,19533,
Sat Dec 20 2025,7:30p,Charlotte Hornets,86,Detroit Pistons,112,Box Score,,20062,
Sat Dec 20 2025,8:00p,Washington Wizards,130,Memphis Grizzlies,122,Box Score,,15780,
Sat Dec 20 2025,8:30p,Phoenix Suns,116,Golden State Warriors,119,Box Score,,18064,
Sat Dec 20 2025,9:30p,Orlando Magic,128,Utah Jazz,127,Box Score,OT,18186,
Sat Dec 20 2025,10:00p,Portland Trail Blazers,98,Sacramento Kings,93,Box Score,,15963,
Sat Dec 20 2025,10:30p,Los Angeles Lakers,88,Los Angeles Clippers,103,Box Score,,17927,
Sun Dec 21 2025,3:30p,Chicago Bulls,152,Atlanta Hawks,150,Box Score,,15110,
Sun Dec 21 2025,6:00p,Toronto Raptors,81,Brooklyn Nets,96,Box Score,,17548,
Sun Dec 21 2025,6:00p,Miami Heat,125,New York Knicks,132,Box Score,,19812,
Sun Dec 21 2025,7:00p,Milwaukee Bucks,100,Minnesota Timberwolves,103,Box Score,,18978,
Sun Dec 21 2025,7:00p,San Antonio Spurs,124,Washington Wizards,113,Box Score,,20028,
Sun Dec 21 2025,10:00p,Houston Rockets,124,Sacramento Kings,125,Box Score,OT,15796,
Mon Dec 22 2025,7:00p,Charlotte Hornets,132,Cleveland Cavaliers,139,Box Score,,19432,
Mon Dec 22 2025,7:30p,Indiana Pacers,95,Boston Celtics,103,Box Score,,19156,
Mon Dec 22 2025,8:00p,Dallas Mavericks,113,New Orleans Pelicans,119,Box Score,,16978,
Mon Dec 22 2025,9:00p,Utah Jazz,112,Denver Nuggets,135,Box Score,,19887,
Mon Dec 22 2025,9:30p,Memphis Grizzlies,103,Oklahoma City Thunder,119,Box Score,,18203,
Mon Dec 22 2025,10:00p,Orlando Magic,97,Golden State Warriors,120,Box Score,,18064,
Mon Dec 22 2025,10:00p,Detroit Pistons,110,Portland Trail Blazers,102,Box Score,,19335,
Tue Dec 23 2025,7:00p,Washington Wizards,109,Charlotte Hornets,126,Box Score,,18679,
Tue Dec 23 2025,7:00p,Brooklyn Nets,114,Philadelphia 76ers,106,Box Score,,19746,
Tue Dec 23 2025,7:30p,Chicago Bulls,126,Atlanta Hawks,123,Box Score,,15367,
Tue Dec 23 2025,7:30p,New Orleans Pelicans,118,Cleveland Cavaliers,141,Box Score,,19432,
Tue Dec 23 2025,7:30p,Milwaukee Bucks,111,Indiana Pacers,94,Box Score,,16509,
Tue Dec 23 2025,7:30p,Toronto Raptors,112,Miami Heat,91,Box Score,,19801,
Tue Dec 23 2025,8:00p,Denver Nuggets,130,Dallas Mavericks,131,Box Score,,19432,
Tue Dec 23 2025,8:00p,New York Knicks,104,Minnesota Timberwolves,115,Box Score,,18978,
Tue Dec 23 2025,8:30p,Oklahoma City Thunder,110,San Antonio Spurs,130,Box Score,,19133,
Tue Dec 23 2025,9:00p,Los Angeles Lakers,108,Phoenix Suns,132,Box Score,,17071,
Tue Dec 23 2025,9:00p,Memphis Grizzlies,137,Utah Jazz,128,Box Score,,18186,
Tue Dec 23 2025,10:00p,Orlando Magic,110,Portland Trail Blazers,106,Box Score,,17073,
Tue Dec 23 2025,10:00p,Detroit Pistons,136,Sacramento Kings,127,Box Score,,17832,
Tue Dec 23 2025,10:30p,Houston Rockets,108,Los Angeles Clippers,128,Box Score,,17927,
Thu Dec 25 2025,12:00p,Cleveland Cavaliers,124,New York Knicks,126,Box Score,,19812,
Thu Dec 25 2025,2:30p,San Antonio Spurs,117,Oklahoma City Thunder,102,Box Score,,18203,
Thu Dec 25 2025,5:00p,Dallas Mavericks,116,Golden State Warriors,126,Box Score,,18064,
Thu Dec 25 2025,8:00p,Houston Rockets,119,Los Angeles Lakers,96,Box Score,,18997,
Thu Dec 25 2025,10:30p,Minnesota Timberwolves,138,Denver Nuggets,142,Box Score,OT,20046,
Fri Dec 26 2025,7:00p,Miami Heat,126,Atlanta Hawks,111,Box Score,,15664,
Fri Dec 26 2025,7:00p,Boston Celtics,140,Indiana Pacers,122,Box Score,,17004,
Fri Dec 26 2025,7:00p,Charlotte Hornets,120,Orlando Magic,105,Box Score,,19397,
Fri Dec 26 2025,7:00p,Toronto Raptors,117,Washington Wizards,138,Box Score,,15575,
Fri Dec 26 2025,7:30p,Philadelphia 76ers,102,Chicago Bulls,109,Box Score,,20952,
Fri Dec 26 2025,8:00p,Milwaukee Bucks,104,Memphis Grizzlies,125,Box Score,,16617,
Fri Dec 26 2025,8:00p,Phoenix Suns,115,New Orleans Pelicans,108,Box Score,,16643,
Fri Dec 26 2025,9:30p,Detroit Pistons,129,Utah Jazz,131,Box Score,,18186,
Fri Dec 26 2025,10:00p,Los Angeles Clippers,119,Portland Trail Blazers,103,Box Score,,17839,
Sat Dec 27 2025,5:00p,Dallas Mavericks,107,Sacramento Kings,113,Box Score,,17832,
Sat Dec 27 2025,7:00p,Phoenix Suns,123,New Orleans Pelicans,114,Box Score,,16914,
Sat Dec 27 2025,7:00p,Denver Nuggets,126,Orlando Magic,127,Box Score,,19151,
Sat Dec 27 2025,8:00p,New York Knicks,128,Atlanta Hawks,125,Box Score,,17809,
Sat Dec 27 2025,8:00p,Milwaukee Bucks,112,Chicago Bulls,103,Box Score,,20934,
Sat Dec 27 2025,8:00p,Cleveland Cavaliers,100,Houston Rockets,117,Box Score,,18067,
Sat Dec 27 2025,8:00p,Indiana Pacers,116,Miami Heat,142,Box Score,,19715,
Sat Dec 27 2025,8:00p,Brooklyn Nets,123,Minnesota Timberwolves,107,Box Score,,18978,
Sat Dec 27 2025,8:00p,Utah Jazz,127,San Antonio Spurs,114,Box Score,,19060,
Sun Dec 28 2025,3:30p,Philadelphia 76ers,104,Oklahoma City Thunder,129,Box Score,,18203,
Sun Dec 28 2025,3:30p,Golden State Warriors,127,Toronto Raptors,141,Box Score,OT,19800,
Sun Dec 28 2025,6:00p,Boston Celtics,108,Portland Trail Blazers,114,Box Score,,17949,
Sun Dec 28 2025,6:00p,Memphis Grizzlies,112,Washington Wizards,116,Box Score,,16681,
Sun Dec 28 2025,9:00p,Detroit Pistons,99,Los Angeles Clippers,112,Box Score,,17927,
Sun Dec 28 2025,9:30p,Sacramento Kings,101,Los Angeles Lakers,125,Box Score,,18997,
Mon Dec 29 2025,7:00p,Milwaukee Bucks,123,Charlotte Hornets,113,Box Score,,19562,
Mon Dec 29 2025,7:00p,Phoenix Suns,115,Washington Wizards,101,Box Score,,16982,
Mon Dec 29 2025,7:30p,Golden State Warriors,120,Brooklyn Nets,107,Box Score,,18163,
Mon Dec 29 2025,7:30p,Denver Nuggets,123,Miami Heat,147,Box Score,,20047,
Mon Dec 29 2025,7:30p,Orlando Magic,106,Toronto Raptors,107,Box Score,,19800,
Mon Dec 29 2025,8:00p,Minnesota Timberwolves,136,Chicago Bulls,101,Box Score,,21429,
Mon Dec 29 2025,8:00p,Indiana Pacers,119,Houston Rockets,126,Box Score,,18055,
Mon Dec 29 2025,8:00p,New York Knicks,130,New Orleans Pelicans,125,Box Score,,17041,
Mon Dec 29 2025,8:00p,Atlanta Hawks,129,Oklahoma City Thunder,140,Box Score,,18203,
Mon Dec 29 2025,8:00p,Cleveland Cavaliers,113,San Antonio Spurs,101,Box Score,,19010,
Mon Dec 29 2025,10:30p,Dallas Mavericks,122,Portland Trail Blazers,125,Box Score,,18067,
Tue Dec 30 2025,8:00p,Philadelphia 76ers,139,Memphis Grizzlies,136,Box Score,OT,15668,
Tue Dec 30 2025,9:00p,Boston Celtics,129,Utah Jazz,119,Box Score,,18186,
Tue Dec 30 2025,10:30p,Detroit Pistons,128,Los Angeles Lakers,106,Box Score,,18997,
Tue Dec 30 2025,11:00p,Sacramento Kings,90,Los Angeles Clippers,131,Box Score,,17927,
Wed Dec 31 2025,1:00p,Golden State Warriors,132,Charlotte Hornets,125,Box Score,,19685,
Wed Dec 31 2025,3:00p,Minnesota Timberwolves,102,Atlanta Hawks,126,Box Score,,16345,
Wed Dec 31 2025,3:00p,Orlando Magic,112,Indiana Pacers,110,Box Score,,16504,
Wed Dec 31 2025,3:30p,Phoenix Suns,113,Cleveland Cavaliers,129,Box Score,,19432,
Wed Dec 31 2025,7:00p,New Orleans Pelicans,118,Chicago Bulls,134,Box Score,,20527,
Wed Dec 31 2025,7:00p,New York Knicks,132,San Antonio Spurs,134,Box Score,,18602,
Wed Dec 31 2025,7:30p,Denver Nuggets,106,Toronto Raptors,103,Box Score,,19181,
Wed Dec 31 2025,8:00p,Washington Wizards,114,Milwaukee Bucks,113,Box Score,,17341,
Wed Dec 31 2025,8:00p,Portland Trail Blazers,95,Oklahoma City Thunder,124,Box Score,,18203,
Thu Jan 1 2026,6:00p,Houston Rockets,120,Brooklyn Nets,96,Box Score,,18003,
Thu Jan 1 2026,7:00p,Miami Heat,118,Detroit Pistons,112,Box Score,,20062,
Thu Jan 1 2026,8:30p,Philadelphia 76ers,123,Dallas Mavericks,108,Box Score,,19832,
Thu Jan 1 2026,10:00p,Boston Celtics,120,Sacramento Kings,106,Box Score,,17832,
Thu Jan 1 2026,10:30p,Utah Jazz,101,Los Angeles Clippers,118,Box Score,,17927,
Fri Jan 2 2026,7:00p,San Antonio Spurs,123,Indiana Pacers,113,Box Score,,17013,
Fri Jan 2 2026,7:00p,Brooklyn Nets,99,Washington Wizards,119,Box Score,,16486,
Fri Jan 2 2026,7:30p,Denver Nuggets,108,Cleveland Cavaliers,113,Box Score,,19432,
Fri Jan 2 2026,7:30p,Atlanta Hawks,111,New York Knicks,99,Box Score,,19812,
Fri Jan 2 2026,8:00p,Orlando Magic,114,Chicago Bulls,121,Box Score,,21245,
Fri Jan 2 2026,8:00p,Charlotte Hornets,121,Milwaukee Bucks,122,Box Score,,17673,
Fri Jan 2 2026,8:00p,Portland Trail Blazers,122,New Orleans Pelicans,109,Box Score,,16812,
Fri Jan 2 2026,9:00p,Sacramento Kings,102,Phoenix Suns,129,Box Score,,17071,
Fri Jan 2 2026,10:00p,Oklahoma City Thunder,131,Golden State Warriors,94,Box Score,,18064,
Fri Jan 2 2026,10:30p,Memphis Grizzlies,121,Los Angeles Lakers,128,Box Score,,18997,
Sat Jan 3 2026,5:00p,Minnesota Timberwolves,125,Miami Heat,115,Box Score,,19893,
Sat Jan 3 2026,7:30p,Philadelphia 76ers,130,New York Knicks,119,Box Score,,19812,
Sat Jan 3 2026,7:30p,Atlanta Hawks,117,Toronto Raptors,134,Box Score,,19028,
Sat Jan 3 2026,8:00p,Charlotte Hornets,112,Chicago Bulls,99,Box Score,,21315,
Sat Jan 3 2026,8:00p,Portland Trail Blazers,115,San Antonio Spurs,110,Box Score,,18652,
Sat Jan 3 2026,8:30p,Houston Rockets,104,Dallas Mavericks,110,Box Score,,19703,
Sat Jan 3 2026,10:00p,Utah Jazz,114,Golden State Warriors,123,Box Score,,18064,
Sat Jan 3 2026,10:30p,Boston Celtics,146,Los Angeles Clippers,115,Box Score,,17927,
Sun Jan 4 2026,2:00p,Detroit Pistons,114,Cleveland Cavaliers,110,Box Score,,19432,
Sun Jan 4 2026,3:00p,Indiana Pacers,127,Orlando Magic,135,Box Score,,19382,
Sun Jan 4 2026,3:30p,Denver Nuggets,115,Brooklyn Nets,127,Box Score,,17548,
Sun Jan 4 2026,6:00p,New Orleans Pelicans,106,Miami Heat,125,Box Score,,19600,
Sun Jan 4 2026,6:00p,Minnesota Timberwolves,141,Washington Wizards,115,Box Score,,16728,
Sun Jan 4 2026,8:00p,Oklahoma City Thunder,105,Phoenix Suns,108,Box Score,,17071,
Sun Jan 4 2026,9:00p,Milwaukee Bucks,115,Sacramento Kings,98,Box Score,,15892,
Sun Jan 4 2026,9:30p,Memphis Grizzlies,114,Los Angeles Lakers,120,Box Score,,18997,
Mon Jan 5 2026,7:00p,New York Knicks,90,Detroit Pistons,121,Box Score,,20032,
Mon Jan 5 2026,7:30p,Chicago Bulls,101,Boston Celtics,115,Box Score,,19156,
Mon Jan 5 2026,7:30p,Atlanta Hawks,100,Toronto Raptors,118,Box Score,,17194,
Mon Jan 5 2026,8:00p,Phoenix Suns,97,Houston Rockets,100,Box Score,,18055,
Mon Jan 5 2026,8:00p,Charlotte Hornets,124,Oklahoma City Thunder,97,Box Score,,18203,
Mon Jan 5 2026,8:30p,Denver Nuggets,125,Philadelphia 76ers,124,Box Score,OT,18521,
Mon Jan 5 2026,10:00p,Golden State Warriors,102,Los Angeles Clippers,103,Box Score,,17927,
Mon Jan 5 2026,10:00p,Utah Jazz,117,Portland Trail Blazers,137,Box Score,,16785,
Tue Jan 6 2026,7:00p,Cleveland Cavaliers,120,Indiana Pacers,116,Box Score,,16007,
Tue Jan 6 2026,7:00p,Orlando Magic,112,Washington Wizards,120,Box Score,,13724,
Tue Jan 6 2026,8:00p,San Antonio Spurs,105,Memphis Grizzlies,106,Box Score,,14551,
Tue Jan 6 2026,8:00p,Miami Heat,94,Minnesota Timberwolves,122,Box Score,,17023,
Tue Jan 6 2026,8:00p,Los Angeles Lakers,111,New Orleans Pelicans,103,Box Score,,18227,
Tue Jan 6 2026,11:00p,Dallas Mavericks,100,Sacramento Kings,98,Box Score,,15058,
Wed Jan 7 2026,7:00p,Denver Nuggets,114,Boston Celtics,110,Box Score,,19156,
Wed Jan 7 2026,7:00p,Toronto Raptors,97,Charlotte Hornets,96,Box Score,,17337,
Wed Jan 7 2026,7:00p,Chicago Bulls,93,Detroit Pistons,108,Box Score,,19501,
Wed Jan 7 2026,7:00p,Washington Wizards,110,Philadelphia 76ers,131,Box Score,,19746,
Wed Jan 7 2026,7:30p,New Orleans Pelicans,100,Atlanta Hawks,117,Box Score,,15993,
Wed Jan 7 2026,7:30p,Orlando Magic,104,Brooklyn Nets,103,Box Score,OT,16916,
Wed Jan 7 2026,7:30p,Los Angeles Clippers,111,New York Knicks,123,Box Score,,19812,
Wed Jan 7 2026,8:00p,Phoenix Suns,117,Memphis Grizzlies,98,Box Score,,14268,
Wed Jan 7 2026,8:00p,Utah Jazz,125,Oklahoma City Thunder,129,Box Score,OT,18203,
Wed Jan 7 2026,9:30p,Los Angeles Lakers,91,San Antonio Spurs,107,Box Score,,19329,
Wed Jan 7 2026,10:00p,Milwaukee Bucks,113,Golden State Warriors,120,Box Score,,18064,
Wed Jan 7 2026,10:00p,Houston Rockets,102,Portland Trail Blazers,103,Box Score,,16144,
Thu Jan 8 2026,7:00p,Indiana Pacers,114,Charlotte Hornets,112,Box Score,,17342,
Thu Jan 8 2026,8:00p,Cleveland Cavaliers,122,Minnesota Timberwolves,131,Box Score,,17274,
Thu Jan 8 2026,9:00p,Dallas Mavericks,114,Utah Jazz,116,Box Score,,18186,
Fri Jan 9 2026,7:00p,Toronto Raptors,117,Boston Celtics,125,Box Score,,19156,
Fri Jan 9 2026,7:00p,Philadelphia 76ers,103,Orlando Magic,91,Box Score,,19271,
Fri Jan 9 2026,7:00p,New Orleans Pelicans,128,Washington Wizards,107,Box Score,,16563,
Fri Jan 9 2026,7:30p,Los Angeles Clippers,121,Brooklyn Nets,105,Box Score,,17548,
Fri Jan 9 2026,8:00p,Oklahoma City Thunder,117,Memphis Grizzlies,116,Box Score,,15717,
Fri Jan 9 2026,9:00p,Atlanta Hawks,110,Denver Nuggets,87,Box Score,,19650,
Fri Jan 9 2026,9:00p,New York Knicks,107,Phoenix Suns,112,Box Score,,17071,
Fri Jan 9 2026,10:00p,Sacramento Kings,103,Golden State Warriors,137,Box Score,,18064,
Fri Jan 9 2026,10:00p,Houston Rockets,105,Portland Trail Blazers,111,Box Score,,17012,
Fri Jan 9 2026,10:30p,Milwaukee Bucks,105,Los Angeles Lakers,101,Box Score,,18997,
Sat Jan 10 2026,1:00p,Minnesota Timberwolves,134,Cleveland Cavaliers,146,Box Score,,19432,
Sat Jan 10 2026,7:00p,Miami Heat,99,Indiana Pacers,123,Box Score,,17274,
Sat Jan 10 2026,7:30p,Los Angeles Clippers,98,Detroit Pistons,92,Box Score,,20062,
Sat Jan 10 2026,8:00p,San Antonio Spurs,100,Boston Celtics,95,Box Score,,19156,
Sat Jan 10 2026,8:00p,Dallas Mavericks,107,Chicago Bulls,125,Box Score,,19753,
Sat Jan 10 2026,9:30p,Charlotte Hornets,150,Utah Jazz,95,Box Score,,18186,
Sun Jan 11 2026,3:00p,New Orleans Pelicans,118,Orlando Magic,128,Box Score,,19059,
Sun Jan 11 2026,3:30p,Brooklyn Nets,98,Memphis Grizzlies,103,Box Score,,15578,
Sun Jan 11 2026,6:00p,New York Knicks,123,Portland Trail Blazers,114,Box Score,,17867,
Sun Jan 11 2026,6:00p,Philadelphia 76ers,115,Toronto Raptors,116,Box Score,OT,18130,
Sun Jan 11 2026,7:00p,San Antonio Spurs,103,Minnesota Timberwolves,104,Box Score,,18978,
Sun Jan 11 2026,7:00p,Miami Heat,112,Oklahoma City Thunder,124,Box Score,,18203,
Sun Jan 11 2026,8:00p,Milwaukee Bucks,104,Denver Nuggets,108,Box Score,,19645,
Sun Jan 11 2026,8:00p,Washington Wizards,93,Phoenix Suns,112,Box Score,,17071,
Sun Jan 11 2026,8:30p,Atlanta Hawks,124,Golden State Warriors,111,Box Score,,18064,
Sun Jan 11 2026,9:00p,Houston Rockets,98,Sacramento Kings,111,Box Score,,15268,
Mon Jan 12 2026,7:00p,Utah Jazz,123,Cleveland Cavaliers,112,Box Score,,19432,
Mon Jan 12 2026,7:30p,Boston Celtics,96,Indiana Pacers,98,Box Score,,15650,
Mon Jan 12 2026,7:30p,Philadelphia 76ers,115,Toronto Raptors,102,Box Score,,18127,
Mon Jan 12 2026,8:30p,Brooklyn Nets,105,Dallas Mavericks,113,Box Score,,18632,
Mon Jan 12 2026,10:00p,Los Angeles Lakers,112,Sacramento Kings,124,Box Score,,17832,
Mon Jan 12 2026,10:30p,Charlotte Hornets,109,Los Angeles Clippers,117,Box Score,,17927,
Tue Jan 13 2026,7:30p,Phoenix Suns,121,Miami Heat,127,Box Score,,19700,
Tue Jan 13 2026,8:00p,Chicago Bulls,113,Houston Rockets,119,Box Score,,18055,
Tue Jan 13 2026,8:00p,Minnesota Timberwolves,139,Milwaukee Bucks,106,Box Score,,17341,
Tue Jan 13 2026,8:00p,Denver Nuggets,122,New Orleans Pelicans,116,Box Score,,17309,
Tue Jan 13 2026,8:00p,San Antonio Spurs,98,Oklahoma City Thunder,119,Box Score,,18203,
Tue Jan 13 2026,10:30p,Atlanta Hawks,116,Los Angeles Lakers,141,Box Score,,18757,
Tue Jan 13 2026,11:00p,Portland Trail Blazers,97,Golden State Warriors,119,Box Score,,18064,
Wed Jan 14 2026,7:00p,Toronto Raptors,115,Indiana Pacers,101,Box Score,,15789,
Wed Jan 14 2026,7:00p,Cleveland Cavaliers,133,Philadelphia 76ers,107,Box Score,,19746,
Wed Jan 14 2026,8:00p,Utah Jazz,126,Chicago Bulls,128,Box Score,,18859,
Wed Jan 14 2026,8:00p,Brooklyn Nets,113,New Orleans Pelicans,116,Box Score,,16201,
Wed Jan 14 2026,9:30p,Denver Nuggets,118,Dallas Mavericks,109,Box Score,,18888,
Wed Jan 14 2026,10:00p,New York Knicks,101,Sacramento Kings,112,Box Score,,15095,
Wed Jan 14 2026,10:30p,Washington Wizards,105,Los Angeles Clippers,119,Box Score,,15452,
Thu Jan 15 2026,2:00p,Memphis Grizzlies,111,Orlando Magic,118,Box Score,,13738,
Thu Jan 15 2026,7:00p,Phoenix Suns,105,Detroit Pistons,108,Box Score,,19199,
Thu Jan 15 2026,7:30p,Oklahoma City Thunder,111,Houston Rockets,91,Box Score,,18055,
Thu Jan 15 2026,7:30p,Boston Celtics,119,Miami Heat,114,Box Score,,19700,
Thu Jan 15 2026,8:00p,Milwaukee Bucks,101,San Antonio Spurs,119,Box Score,,18611,
Thu Jan 15 2026,8:30p,Utah Jazz,122,Dallas Mavericks,144,Box Score,,18613,
Thu Jan 15 2026,10:00p,New York Knicks,113,Golden State Warriors,126,Box Score,,18064,
Thu Jan 15 2026,10:00p,Atlanta Hawks,101,Portland Trail Blazers,117,Box Score,,16196,
Thu Jan 15 2026,10:30p,Charlotte Hornets,135,Los Angeles Lakers,117,Box Score,,18997,
Fri Jan 16 2026,7:00p,New Orleans Pelicans,119,Indiana Pacers,127,Box Score,,16753,
Fri Jan 16 2026,7:00p,Cleveland Cavaliers,117,Philadelphia 76ers,115,Box Score,,19746,
Fri Jan 16 2026,7:30p,Chicago Bulls,109,Brooklyn Nets,112,Box Score,,17548,
Fri Jan 16 2026,7:30p,Los Angeles Clippers,121,Toronto Raptors,117,Box Score,OT,18934,
Fri Jan 16 2026,9:30p,Minnesota Timberwolves,105,Houston Rockets,110,Box Score,,18055,
Fri Jan 16 2026,10:00p,Washington Wizards,115,Sacramento Kings,128,Box Score,,16339,
Sat Jan 17 2026,5:00p,Utah Jazz,120,Dallas Mavericks,138,Box Score,,20031,
Sat Jan 17 2026,7:30p,Boston Celtics,132,Atlanta Hawks,106,Box Score,,17489,
Sat Jan 17 2026,7:30p,Indiana Pacers,78,Detroit Pistons,121,Box Score,,20062,
Sat Jan 17 2026,7:30p,Phoenix Suns,106,New York Knicks,99,Box Score,,19812,
Sat Jan 17 2026,8:00p,Oklahoma City Thunder,120,Miami Heat,122,Box Score,,19704,
Sat Jan 17 2026,8:00p,Minnesota Timberwolves,123,San Antonio Spurs,126,Box Score,,18527,
Sat Jan 17 2026,8:30p,Charlotte Hornets,116,Golden State Warriors,136,Box Score,,18064,
Sat Jan 17 2026,9:00p,Washington Wizards,115,Denver Nuggets,121,Box Score,,19968,
Sat Jan 17 2026,10:00p,Los Angeles Lakers,116,Portland Trail Blazers,132,Box Score,,19335,
Sun Jan 18 2026,12:00p,Orlando Magic,109,Memphis Grizzlies,126,Box Score,,18424,
Sun Jan 18 2026,7:00p,Brooklyn Nets,102,Chicago Bulls,124,Box Score,,19753,
Sun Jan 18 2026,7:00p,New Orleans Pelicans,110,Houston Rockets,119,Box Score,,18055,
Sun Jan 18 2026,8:00p,Charlotte Hornets,110,Denver Nuggets,87,Box Score,,19971,
Sun Jan 18 2026,9:00p,Portland Trail Blazers,117,Sacramento Kings,110,Box Score,,16241,
Sun Jan 18 2026,9:30p,Toronto Raptors,93,Los Angeles Lakers,110,Box Score,,18997,
Mon Jan 19 2026,1:00p,Milwaukee Bucks,112,Atlanta Hawks,110,Box Score,,16284,
Mon Jan 19 2026,2:30p,Oklahoma City Thunder,136,Cleveland Cavaliers,104,Box Score,,19432,
Mon Jan 19 2026,3:00p,Los Angeles Clippers,110,Washington Wizards,106,Box Score,,16630,
Mon Jan 19 2026,5:00p,Dallas Mavericks,114,New York Knicks,97,Box Score,,19812,
Mon Jan 19 2026,5:00p,Utah Jazz,110,San Antonio Spurs,123,Box Score,,18354,
Mon Jan 19 2026,7:00p,Indiana Pacers,104,Philadelphia 76ers,113,Box Score,,18005,
Mon Jan 19 2026,7:30p,Phoenix Suns,126,Brooklyn Nets,117,Box Score,,17344,
Mon Jan 19 2026,8:00p,Boston Celtics,103,Detroit Pistons,104,Box Score,,19996,
Mon Jan 19 2026,10:00p,Miami Heat,112,Golden State Warriors,135,Box Score,,18064,
Tue Jan 20 2026,7:00p,Phoenix Suns,116,Philadelphia 76ers,110,Box Score,,17839,
Tue Jan 20 2026,8:00p,Los Angeles Clippers,110,Chicago Bulls,138,Box Score,,18536,
Tue Jan 20 2026,8:00p,San Antonio Spurs,106,Houston Rockets,111,Box Score,,18055,
Tue Jan 20 2026,9:00p,Minnesota Timberwolves,122,Utah Jazz,127,Box Score,,18186,
Tue Jan 20 2026,10:00p,Los Angeles Lakers,115,Denver Nuggets,107,Box Score,,19974,
Tue Jan 20 2026,10:00p,Toronto Raptors,145,Golden State Warriors,127,Box Score,,18064,
Tue Jan 20 2026,10:00p,Miami Heat,130,Sacramento Kings,117,Box Score,,15295,
Wed Jan 21 2026,7:00p,Cleveland Cavaliers,94,Charlotte Hornets,87,Box Score,,17619,
Wed Jan 21 2026,7:30p,Indiana Pacers,104,Boston Celtics,119,Box Score,,19156,
Wed Jan 21 2026,7:30p,Brooklyn Nets,66,New York Knicks,120,Box Score,,19812,
Wed Jan 21 2026,8:00p,Atlanta Hawks,124,Memphis Grizzlies,122,Box Score,,15054,
Wed Jan 21 2026,8:00p,Detroit Pistons,112,New Orleans Pelicans,104,Box Score,,15502,
Wed Jan 21 2026,9:30p,Oklahoma City Thunder,122,Milwaukee Bucks,102,Box Score,,16594,
Wed Jan 21 2026,10:00p,Toronto Raptors,122,Sacramento Kings,109,Box Score,,16182,
Thu Jan 22 2026,7:00p,Charlotte Hornets,124,Orlando Magic,97,Box Score,,19423,
Thu Jan 22 2026,7:00p,Houston Rockets,122,Philadelphia 76ers,128,Box Score,OT,19746,
Thu Jan 22 2026,7:00p,Denver Nuggets,107,Washington Wizards,97,Box Score,,15040,
Thu Jan 22 2026,7:30p,Golden State Warriors,115,Dallas Mavericks,123,Box Score,,19432,
Thu Jan 22 2026,8:00p,Chicago Bulls,120,Minnesota Timberwolves,115,Box Score,,17463,
Thu Jan 22 2026,9:00p,San Antonio Spurs,126,Utah Jazz,109,Box Score,,18186,
Thu Jan 22 2026,10:00p,Los Angeles Lakers,104,Los Angeles Clippers,112,Box Score,,17927,
Thu Jan 22 2026,10:00p,Miami Heat,110,Portland Trail Blazers,127,Box Score,,16824,
Fri Jan 23 2026,7:00p,Houston Rockets,111,Detroit Pistons,104,Box Score,,20062,
Fri Jan 23 2026,7:30p,Phoenix Suns,103,Atlanta Hawks,110,Box Score,,15461,
Fri Jan 23 2026,7:30p,Boston Celtics,130,Brooklyn Nets,126,Box Score,2OT,17727,
Fri Jan 23 2026,7:30p,Sacramento Kings,118,Cleveland Cavaliers,123,Box Score,,19432,
Fri Jan 23 2026,8:00p,New Orleans Pelicans,133,Memphis Grizzlies,127,Box Score,,14174,
Fri Jan 23 2026,8:00p,Indiana Pacers,117,Oklahoma City Thunder,114,Box Score,,18203,
Fri Jan 23 2026,9:30p,Denver Nuggets,102,Milwaukee Bucks,100,Box Score,,17341,
Fri Jan 23 2026,10:00p,Toronto Raptors,110,Portland Trail Blazers,98,Box Score,,17438,
Sat Jan 24 2026,12:00p,Washington Wizards,115,Charlotte Hornets,119,Box Score,,15698,
Sat Jan 24 2026,3:00p,New York Knicks,112,Philadelphia 76ers,109,Box Score,,19746,
Sat Jan 24 2026,7:00p,Cleveland Cavaliers,119,Orlando Magic,105,Box Score,,19351,
Sat Jan 24 2026,8:00p,Boston Celtics,111,Chicago Bulls,114,Box Score,,22093,
Sat Jan 24 2026,8:30p,Los Angeles Lakers,116,Dallas Mavericks,110,Box Score,,19880,
Sat Jan 24 2026,9:30p,Miami Heat,147,Utah Jazz,116,Box Score,,18186,
Sun Jan 25 2026,3:00p,Sacramento Kings,116,Detroit Pistons,139,Box Score,,18299,
Sun Jan 25 2026,5:30p,Golden State Warriors,111,Minnesota Timberwolves,85,Box Score,,18978,
Sun Jan 25 2026,7:00p,Toronto Raptors,103,Oklahoma City Thunder,101,Box Score,,18203,
Sun Jan 25 2026,7:00p,New Orleans Pelicans,104,San Antonio Spurs,95,Box Score,,18363,
Sun Jan 25 2026,8:00p,Miami Heat,111,Phoenix Suns,102,Box Score,,17071,
Sun Jan 25 2026,9:00p,Brooklyn Nets,89,Los Angeles Clippers,126,Box Score,,17927,
Mon Jan 26 2026,1:30p,Indiana Pacers,116,Atlanta Hawks,132,Box Score,,12210,
Mon Jan 26 2026,3:00p,Philadelphia 76ers,93,Charlotte Hornets,130,Box Score,,16361,
Mon Jan 26 2026,7:00p,Orlando Magic,98,Cleveland Cavaliers,114,Box Score,,19432,
Mon Jan 26 2026,8:00p,Portland Trail Blazers,94,Boston Celtics,102,Box Score,,19156,
Mon Jan 26 2026,8:00p,Los Angeles Lakers,129,Chicago Bulls,118,Box Score,,21298,
Mon Jan 26 2026,8:00p,Memphis Grizzlies,99,Houston Rockets,108,Box Score,,18055,
Mon Jan 26 2026,9:30p,Golden State Warriors,83,Minnesota Timberwolves,108,Box Score,,18978,
Tue Jan 27 2026,7:00p,Portland Trail Blazers,111,Washington Wizards,115,Box Score,,13852,
Tue Jan 27 2026,7:30p,Sacramento Kings,87,New York Knicks,103,Box Score,,19812,
Tue Jan 27 2026,8:00p,New Orleans Pelicans,95,Oklahoma City Thunder,104,Box Score,,18203,
Tue Jan 27 2026,8:00p,Milwaukee Bucks,122,Philadelphia 76ers,139,Box Score,,16917,
Tue Jan 27 2026,9:00p,Detroit Pistons,109,Denver Nuggets,107,Box Score,,19734,
Tue Jan 27 2026,9:00p,Brooklyn Nets,102,Phoenix Suns,106,Box Score,,17071,
Tue Jan 27 2026,10:00p,Los Angeles Clippers,115,Utah Jazz,103,Box Score,,18186,
Wed Jan 28 2026,7:00p,Los Angeles Lakers,99,Cleveland Cavaliers,129,Box Score,,19432,
Wed Jan 28 2026,7:00p,Chicago Bulls,110,Indiana Pacers,113,Box Score,,16777,
Wed Jan 28 2026,7:30p,Atlanta Hawks,117,Boston Celtics,106,Box Score,,19156,
Wed Jan 28 2026,7:30p,Orlando Magic,133,Miami Heat,124,Box Score,,19700,
Wed Jan 28 2026,7:30p,New York Knicks,119,Toronto Raptors,92,Box Score,,19511,
Wed Jan 28 2026,8:00p,Charlotte Hornets,112,Memphis Grizzlies,97,Box Score,,13301,
Wed Jan 28 2026,8:30p,Minnesota Timberwolves,118,Dallas Mavericks,105,Box Score,,18680,
Wed Jan 28 2026,9:00p,Golden State Warriors,140,Utah Jazz,124,Box Score,,18186,
Wed Jan 28 2026,9:30p,San Antonio Spurs,111,Houston Rockets,99,Box Score,,18055,
Thu Jan 29 2026,7:00p,Sacramento Kings,111,Philadelphia 76ers,113,Box Score,,18608,
Thu Jan 29 2026,7:00p,Milwaukee Bucks,99,Washington Wizards,109,Box Score,,16235,
Thu Jan 29 2026,8:00p,Houston Rockets,104,Atlanta Hawks,86,Box Score,,16602,
Thu Jan 29 2026,8:00p,Miami Heat,116,Chicago Bulls,113,Box Score,,20685,
Thu Jan 29 2026,8:30p,Charlotte Hornets,123,Dallas Mavericks,121,Box Score,,19024,
Thu Jan 29 2026,9:00p,Brooklyn Nets,103,Denver Nuggets,107,Box Score,,19630,
Thu Jan 29 2026,9:00p,Detroit Pistons,96,Phoenix Suns,114,Box Score,,17071,
Thu Jan 29 2026,9:30p,Oklahoma City Thunder,111,Minnesota Timberwolves,123,Box Score,,18012,
Fri Jan 30 2026,7:00p,Los Angeles Lakers,142,Washington Wizards,111,Box Score,,20028,
Fri Jan 30 2026,7:30p,Sacramento Kings,93,Boston Celtics,112,Box Score,,19156,
Fri Jan 30 2026,7:30p,Memphis Grizzlies,106,New Orleans Pelicans,114,Box Score,,16446,
Fri Jan 30 2026,7:30p,Portland Trail Blazers,97,New York Knicks,127,Box Score,,19812,
Fri Jan 30 2026,7:30p,Toronto Raptors,120,Orlando Magic,130,Box Score,,19163,
Fri Jan 30 2026,9:00p,Los Angeles Clippers,109,Denver Nuggets,122,Box Score,,20016,
Fri Jan 30 2026,9:00p,Cleveland Cavaliers,113,Phoenix Suns,126,Box Score,,17071,
Fri Jan 30 2026,9:30p,Brooklyn Nets,109,Utah Jazz,99,Box Score,,18186,
Fri Jan 30 2026,10:00p,Detroit Pistons,131,Golden State Warriors,124,Box Score,,18064,
Sat Jan 31 2026,12:00p,San Antonio Spurs,106,Charlotte Hornets,111,Box Score,,19533,
Sat Jan 31 2026,7:00p,Atlanta Hawks,124,Indiana Pacers,129,Box Score,,17010,
Sat Jan 31 2026,7:30p,New Orleans Pelicans,114,Philadelphia 76ers,124,Box Score,,20096,
Sat Jan 31 2026,8:00p,Minnesota Timberwolves,131,Memphis Grizzlies,114,Box Score,,15372,
Sat Jan 31 2026,8:00p,Chicago Bulls,125,Miami Heat,118,Box Score,,19700,
Sat Jan 31 2026,8:30p,Dallas Mavericks,107,Houston Rockets,111,Box Score,,18055,
Sun Feb 1 2026,3:30p,Milwaukee Bucks,79,Boston Celtics,107,Box Score,,19156,
Sun Feb 1 2026,6:00p,Brooklyn Nets,77,Detroit Pistons,130,Box Score,,19899,
Sun Feb 1 2026,6:00p,Chicago Bulls,91,Miami Heat,134,Box Score,,19700,
Sun Feb 1 2026,6:00p,Utah Jazz,100,Toronto Raptors,107,Box Score,,18749,
Sun Feb 1 2026,6:00p,Sacramento Kings,112,Washington Wizards,116,Box Score,,13102,
Sun Feb 1 2026,7:00p,Los Angeles Lakers,100,New York Knicks,112,Box Score,,19812,
Sun Feb 1 2026,8:00p,Los Angeles Clippers,117,Phoenix Suns,93,Box Score,,17071,
Sun Feb 1 2026,9:00p,Cleveland Cavaliers,130,Portland Trail Blazers,111,Box Score,,17240,
Sun Feb 1 2026,9:00p,Orlando Magic,103,San Antonio Spurs,112,Box Score,,18354,
Sun Feb 1 2026,9:30p,Oklahoma City Thunder,121,Denver Nuggets,111,Box Score,,19900,
Mon Feb 2 2026,3:00p,New Orleans Pelicans,95,Charlotte Hornets,102,Box Score,,17263,
Mon Feb 2 2026,7:00p,Houston Rockets,118,Indiana Pacers,114,Box Score,,16511,
Mon Feb 2 2026,7:30p,Minnesota Timberwolves,128,Memphis Grizzlies,137,Box Score,,14005,
Mon Feb 2 2026,10:00p,Philadelphia 76ers,128,Los Angeles Clippers,113,Box Score,,17927,
Tue Feb 3 2026,7:00p,Denver Nuggets,121,Detroit Pistons,124,Box Score,,19976,
Tue Feb 3 2026,7:00p,Utah Jazz,131,Indiana Pacers,122,Box Score,,16678,
Tue Feb 3 2026,7:00p,New York Knicks,132,Washington Wizards,101,Box Score,,17822,
Tue Feb 3 2026,7:30p,Los Angeles Lakers,125,Brooklyn Nets,109,Box Score,,18248,
Tue Feb 3 2026,7:30p,Atlanta Hawks,127,Miami Heat,115,Box Score,,19700,
Tue Feb 3 2026,8:00p,Boston Celtics,110,Dallas Mavericks,100,Box Score,,19132,
Tue Feb 3 2026,8:00p,Chicago Bulls,115,Milwaukee Bucks,131,Box Score,,17341,
Tue Feb 3 2026,8:00p,Orlando Magic,92,Oklahoma City Thunder,128,Box Score,,18203,
Tue Feb 3 2026,10:00p,Philadelphia 76ers,113,Golden State Warriors,94,Box Score,,18064,
Tue Feb 3 2026,11:00p,Phoenix Suns,130,Portland Trail Blazers,125,Box Score,,16092,
Wed Feb 4 2026,7:00p,Denver Nuggets,127,New York Knicks,134,Box Score,2OT,19812,
Wed Feb 4 2026,7:30p,Minnesota Timberwolves,128,Toronto Raptors,126,Box Score,,18775,
Wed Feb 4 2026,8:00p,Boston Celtics,114,Houston Rockets,93,Box Score,,18055,
Wed Feb 4 2026,8:00p,New Orleans Pelicans,137,Milwaukee Bucks,141,Box Score,OT,14343,
Wed Feb 4 2026,9:30p,Oklahoma City Thunder,106,San Antonio Spurs,116,Box Score,,18354,
Wed Feb 4 2026,10:00p,Memphis Grizzlies,129,Sacramento Kings,125,Box Score,,15017,
Wed Feb 4 2026,10:30p,Cleveland Cavaliers,124,Los Angeles Clippers,91,Box Score,,17927,
Thu Feb 5 2026,7:00p,Washington Wizards,126,Detroit Pistons,117,Box Score,,19401,
Thu Feb 5 2026,7:00p,Brooklyn Nets,98,Orlando Magic,118,Box Score,,18093,
Thu Feb 5 2026,7:30p,Utah Jazz,119,Atlanta Hawks,121,Box Score,,15412,
Thu Feb 5 2026,7:30p,Chicago Bulls,107,Toronto Raptors,123,Box Score,,18795,
Thu Feb 5 2026,8:00p,Charlotte Hornets,109,Houston Rockets,99,Box Score,,18055,
Thu Feb 5 2026,8:30p,San Antonio Spurs,135,Dallas Mavericks,123,Box Score,,19413,
Thu Feb 5 2026,10:00p,Philadelphia 76ers,115,Los Angeles Lakers,119,Box Score,,18731,
Thu Feb 5 2026,10:00p,Golden State Warriors,101,Phoenix Suns,97,Box Score,,17071,
Fri Feb 6 2026,7:30p,Miami Heat,96,Boston Celtics,98,Box Score,,19156,
Fri Feb 6 2026,7:30p,New York Knicks,80,Detroit Pistons,118,Box Score,,20062,
Fri Feb 6 2026,8:00p,Indiana Pacers,99,Milwaukee Bucks,105,Box Score,,17341,
Fri Feb 6 2026,8:00p,New Orleans Pelicans,119,Minnesota Timberwolves,115,Box Score,,18978,
Fri Feb 6 2026,10:00p,Memphis Grizzlies,115,Portland Trail Blazers,135,Box Score,,16895,
Fri Feb 6 2026,10:00p,Los Angeles Clippers,114,Sacramento Kings,111,Box Score,,16665,
Sat Feb 7 2026,3:00p,Washington Wizards,113,Brooklyn Nets,127,Box Score,,17548,
Sat Feb 7 2026,3:30p,Houston Rockets,112,Oklahoma City Thunder,106,Box Score,,18203,
Sat Feb 7 2026,6:00p,Dallas Mavericks,125,San Antonio Spurs,138,Box Score,,18617,
Sat Feb 7 2026,7:00p,Utah Jazz,117,Orlando Magic,120,Box Score,,19203,
Sat Feb 7 2026,7:30p,Charlotte Hornets,126,Atlanta Hawks,119,Box Score,,17492,
Sat Feb 7 2026,8:00p,Denver Nuggets,136,Chicago Bulls,120,Box Score,,20939,
Sat Feb 7 2026,8:30p,Golden State Warriors,99,Los Angeles Lakers,105,Box Score,,18997,
Sat Feb 7 2026,9:00p,Philadelphia 76ers,109,Phoenix Suns,103,Box Score,,17071,
Sat Feb 7 2026,10:00p,Memphis Grizzlies,115,Portland Trail Blazers,122,Box Score,,16273,
Sat Feb 7 2026,10:00p,Cleveland Cavaliers,132,Sacramento Kings,126,Box Score,,16212,
Sun Feb 8 2026,12:30p,New York Knicks,111,Boston Celtics,89,Box Score,,19156,
Sun Feb 8 2026,2:00p,Miami Heat,132,Washington Wizards,101,Box Score,,14056,
Sun Feb 8 2026,3:00p,Los Angeles Clippers,115,Minnesota Timberwolves,96,Box Score,,18978,
Sun Feb 8 2026,3:00p,Indiana Pacers,104,Toronto Raptors,122,Box Score,,17876,
Mon Feb 9 2026,7:00p,Detroit Pistons,110,Charlotte Hornets,104,Box Score,,19476,
Mon Feb 9 2026,7:30p,Chicago Bulls,115,Brooklyn Nets,123,Box Score,,17038,
Mon Feb 9 2026,7:30p,Utah Jazz,115,Miami Heat,111,Box Score,,19700,
Mon Feb 9 2026,7:30p,Milwaukee Bucks,99,Orlando Magic,118,Box Score,,18202,
Mon Feb 9 2026,8:00p,Atlanta Hawks,116,Minnesota Timberwolves,138,Box Score,,17243,
Mon Feb 9 2026,8:00p,Sacramento Kings,94,New Orleans Pelicans,120,Box Score,,16633,
Mon Feb 9 2026,9:00p,Cleveland Cavaliers,119,Denver Nuggets,117,Box Score,,19647,
Mon Feb 9 2026,10:00p,Memphis Grizzlies,113,Golden State Warriors,114,Box Score,,18064,
Mon Feb 9 2026,10:00p,Oklahoma City Thunder,119,Los Angeles Lakers,110,Box Score,,18519,
Mon Feb 9 2026,10:00p,Philadelphia 76ers,118,Portland Trail Blazers,135,Box Score,,16025,
Tue Feb 10 2026,7:30p,Indiana Pacers,137,New York Knicks,134,Box Score,OT,19812,
Tue Feb 10 2026,8:00p,Los Angeles Clippers,95,Houston Rockets,102,Box Score,,18055,
Tue Feb 10 2026,9:00p,Dallas Mavericks,111,Phoenix Suns,120,Box Score,,17071,
Tue Feb 10 2026,10:30p,San Antonio Spurs,136,Los Angeles Lakers,108,Box Score,,18668,
Wed Feb 11 2026,7:00p,Atlanta Hawks,107,Charlotte Hornets,110,Box Score,,18710,
Wed Feb 11 2026,7:00p,Washington Wizards,113,Cleveland Cavaliers,138,Box Score,,19432,
Wed Feb 11 2026,7:00p,Milwaukee Bucks,116,Orlando Magic,108,Box Score,,18298,
Wed Feb 11 2026,7:30p,Chicago Bulls,105,Boston Celtics,124,Box Score,,19156,
Wed Feb 11 2026,7:30p,Indiana Pacers,115,Brooklyn Nets,110,Box Score,,16779,
Wed Feb 11 2026,7:30p,New York Knicks,138,Philadelphia 76ers,89,Box Score,,19746,
Wed Feb 11 2026,7:30p,Detroit Pistons,113,Toronto Raptors,95,Box Score,,19120,
Wed Feb 11 2026,8:00p,Los Angeles Clippers,105,Houston Rockets,102,Box Score,,18055,
Wed Feb 11 2026,8:00p,Portland Trail Blazers,109,Minnesota Timberwolves,133,Box Score,,16988,
Wed Feb 11 2026,8:00p,Miami Heat,123,New Orleans Pelicans,111,Box Score,,16444,
Wed Feb 11 2026,9:00p,Memphis Grizzlies,116,Denver Nuggets,122,Box Score,,19651,
Wed Feb 11 2026,9:00p,Oklahoma City Thunder,136,Phoenix Suns,109,Box Score,,17071,
Wed Feb 11 2026,9:00p,Sacramento Kings,93,Utah Jazz,121,Box Score,,18186,
Wed Feb 11 2026,10:00p,San Antonio Spurs,126,Golden State Warriors,113,Box Score,,18064,
Thu Feb 12 2026,7:30p,Milwaukee Bucks,110,Oklahoma City Thunder,93,Box Score,,18203,
Thu Feb 12 2026,9:00p,Portland Trail Blazers,135,Utah Jazz,119,Box Score,,18186,
Thu Feb 12 2026,10:00p,Dallas Mavericks,104,Los Angeles Lakers,124,Box Score,,18679,
Thu Feb 19 2026,7:00p,Houston Rockets,105,Charlotte Hornets,101,Box Score,,19622,
Thu Feb 19 2026,7:00p,Brooklyn Nets,84,Cleveland Cavaliers,112,Box Score,,19432,
Thu Feb 19 2026,7:00p,Atlanta Hawks,117,Philadelphia 76ers,107,Box Score,,19746,
Thu Feb 19 2026,7:00p,Indiana Pacers,105,Washington Wizards,112,Box Score,,14602,
Thu Feb 19 2026,7:30p,Detroit Pistons,126,New York Knicks,111,Box Score,,19812,
Thu Feb 19 2026,8:00p,Toronto Raptors,110,Chicago Bulls,101,Box Score,,20397,
Thu Feb 19 2026,8:30p,Phoenix Suns,94,San Antonio Spurs,121,Box Score,,16258,
Thu Feb 19 2026,10:00p,Boston Celtics,121,Golden State Warriors,110,Box Score,,18064,
Thu Feb 19 2026,10:00p,Orlando Magic,131,Sacramento Kings,94,Box Score,,16544,
Thu Feb 19 2026,10:30p,Denver Nuggets,114,Los Angeles Clippers,115,Box Score,,17927,
Fri Feb 20 2026,7:00p,Cleveland Cavaliers,118,Charlotte Hornets,113,Box Score,,19691,
Fri Feb 20 2026,7:00p,Utah Jazz,114,Memphis Grizzlies,123,Box Score,,16112,
Fri Feb 20 2026,7:00p,Indiana Pacers,118,Washington Wizards,131,Box Score,,15846,
Fri Feb 20 2026,7:30p,Miami Heat,128,Atlanta Hawks,97,Box Score,,16070,
Fri Feb 20 2026,7:30p,Dallas Mavericks,111,Minnesota Timberwolves,122,Box Score,,18978,
Fri Feb 20 2026,8:00p,Milwaukee Bucks,139,New Orleans Pelicans,118,Box Score,,15714,
Fri Feb 20 2026,8:00p,Brooklyn Nets,86,Oklahoma City Thunder,105,Box Score,,18203,
Fri Feb 20 2026,10:00p,Los Angeles Clippers,122,Los Angeles Lakers,125,Box Score,,18997,
Fri Feb 20 2026,10:00p,Denver Nuggets,157,Portland Trail Blazers,103,Box Score,,18566,
Sat Feb 21 2026,5:00p,Orlando Magic,110,Phoenix Suns,113,Box Score,2OT,17071,
Sat Feb 21 2026,7:00p,Philadelphia 76ers,111,New Orleans Pelicans,126,Box Score,,16426,
Sat Feb 21 2026,8:00p,Detroit Pistons,126,Chicago Bulls,110,Box Score,,21589,
Sat Feb 21 2026,8:00p,Memphis Grizzlies,120,Miami Heat,136,Box Score,,19700,
Sat Feb 21 2026,8:00p,Sacramento Kings,122,San Antonio Spurs,139,Box Score,,16168,
Sat Feb 21 2026,8:30p,Houston Rockets,106,New York Knicks,108,Box Score,,19812,
Sun Feb 22 2026,1:00p,Cleveland Cavaliers,113,Oklahoma City Thunder,121,Box Score,,18203,
Sun Feb 22 2026,3:30p,Brooklyn Nets,104,Atlanta Hawks,115,Box Score,,17121,
Sun Feb 22 2026,3:30p,Denver Nuggets,117,Golden State Warriors,128,Box Score,,18064,
Sun Feb 22 2026,3:30p,Toronto Raptors,122,Milwaukee Bucks,94,Box Score,,17341,
Sun Feb 22 2026,5:00p,Dallas Mavericks,134,Indiana Pacers,130,Box Score,,17274,
Sun Feb 22 2026,6:00p,Charlotte Hornets,129,Washington Wizards,112,Box Score,,16443,
Sun Feb 22 2026,6:30p,Boston Celtics,111,Los Angeles Lakers,89,Box Score,,18997,
Sun Feb 22 2026,7:00p,Philadelphia 76ers,135,Minnesota Timberwolves,108,Box Score,,18978,
Sun Feb 22 2026,8:00p,New York Knicks,105,Chicago Bulls,99,Box Score,,19628,
Sun Feb 22 2026,8:00p,Portland Trail Blazers,92,Phoenix Suns,77,Box Score,,17071,
Sun Feb 22 2026,9:00p,Orlando Magic,111,Los Angeles Clippers,109,Box Score,,17927,
Mon Feb 23 2026,7:00p,San Antonio Spurs,114,Detroit Pistons,103,Box Score,,20062,
Mon Feb 23 2026,8:00p,Sacramento Kings,123,Memphis Grizzlies,114,Box Score,,14176,
Mon Feb 23 2026,9:30p,Utah Jazz,105,Houston Rockets,125,Box Score,,18055,
Tue Feb 24 2026,7:00p,Philadelphia 76ers,135,Indiana Pacers,114,Box Score,,16540,
Tue Feb 24 2026,7:30p,Washington Wizards,98,Atlanta Hawks,119,Box Score,,15417,
Tue Feb 24 2026,7:30p,Dallas Mavericks,123,Brooklyn Nets,114,Box Score,,16510,
Tue Feb 24 2026,7:30p,New York Knicks,94,Cleveland Cavaliers,109,Box Score,,19432,
Tue Feb 24 2026,7:30p,Oklahoma City Thunder,116,Toronto Raptors,107,Box Score,,19153,
Tue Feb 24 2026,8:00p,Charlotte Hornets,131,Chicago Bulls,99,Box Score,,19145,
Tue Feb 24 2026,8:00p,Miami Heat,117,Milwaukee Bucks,128,Box Score,,15459,
Tue Feb 24 2026,8:00p,Golden State Warriors,109,New Orleans Pelicans,113,Box Score,,16481,
Tue Feb 24 2026,9:00p,Boston Celtics,97,Phoenix Suns,81,Box Score,,17071,
Tue Feb 24 2026,10:00p,Minnesota Timberwolves,124,Portland Trail Blazers,121,Box Score,,17581,
Tue Feb 24 2026,10:30p,Orlando Magic,110,Los Angeles Lakers,109,Box Score,,18997,
Wed Feb 25 2026,7:30p,Oklahoma City Thunder,116,Detroit Pistons,124,Box Score,,20062,
Wed Feb 25 2026,7:30p,Golden State Warriors,133,Memphis Grizzlies,112,Box Score,,15689,
Wed Feb 25 2026,7:30p,San Antonio Spurs,110,Toronto Raptors,107,Box Score,,19800,
Wed Feb 25 2026,8:00p,Sacramento Kings,97,Houston Rockets,128,Box Score,,18055,
Wed Feb 25 2026,8:00p,Cleveland Cavaliers,116,Milwaukee Bucks,118,Box Score,,14702,
Wed Feb 25 2026,10:00p,Boston Celtics,84,Denver Nuggets,103,Box Score,,19763,
Thu Feb 26 2026,7:00p,Charlotte Hornets,133,Indiana Pacers,109,Box Score,,17073,
Thu Feb 26 2026,7:00p,Miami Heat,117,Philadelphia 76ers,124,Box Score,,19746,
Thu Feb 26 2026,7:30p,Washington Wizards,96,Atlanta Hawks,126,Box Score,,15828,
Thu Feb 26 2026,7:30p,San Antonio Spurs,126,Brooklyn Nets,110,Box Score,,17548,
Thu Feb 26 2026,7:30p,Houston Rockets,113,Orlando Magic,108,Box Score,,17524,
Thu Feb 26 2026,8:00p,Portland Trail Blazers,121,Chicago Bulls,112,Box Score,,18516,
Thu Feb 26 2026,8:30p,Sacramento Kings,130,Dallas Mavericks,121,Box Score,,19013,
Thu Feb 26 2026,9:00p,Los Angeles Lakers,110,Phoenix Suns,113,Box Score,,17071,
Thu Feb 26 2026,9:00p,New Orleans Pelicans,129,Utah Jazz,118,Box Score,,18186,
Thu Feb 26 2026,10:00p,Minnesota Timberwolves,94,Los Angeles Clippers,88,Box Score,,17649,
Fri Feb 27 2026,7:00p,Cleveland Cavaliers,119,Detroit Pistons,122,Box Score,OT,20232,
Fri Feb 27 2026,7:30p,Brooklyn Nets,111,Boston Celtics,148,Box Score,,19156,
Fri Feb 27 2026,8:00p,New York Knicks,127,Milwaukee Bucks,98,Box Score,,17341,
Fri Feb 27 2026,8:30p,Memphis Grizzlies,124,Dallas Mavericks,105,Box Score,,19165,
Fri Feb 27 2026,9:30p,Denver Nuggets,121,Oklahoma City Thunder,127,Box Score,OT,18203,
Sat Feb 28 2026,1:00p,Portland Trail Blazers,93,Charlotte Hornets,109,Box Score,,19634,
Sat Feb 28 2026,3:30p,Houston Rockets,105,Miami Heat,115,Box Score,,19700,
Sat Feb 28 2026,7:00p,Toronto Raptors,134,Washington Wizards,125,Box Score,,17429,
Sat Feb 28 2026,8:30p,Los Angeles Lakers,129,Golden State Warriors,101,Box Score,,18064,
Sat Feb 28 2026,9:30p,New Orleans Pelicans,115,Utah Jazz,105,Box Score,,18186,
Sun Mar 1 2026,1:00p,San Antonio Spurs,89,New York Knicks,114,Box Score,,19812,
Sun Mar 1 2026,3:30p,Cleveland Cavaliers,106,Brooklyn Nets,102,Box Score,,17804,
Sun Mar 1 2026,3:30p,Milwaukee Bucks,97,Chicago Bulls,120,Box Score,,20749,
Sun Mar 1 2026,3:30p,Minnesota Timberwolves,117,Denver Nuggets,108,Box Score,,19895,
Sun Mar 1 2026,5:00p,Memphis Grizzlies,125,Indiana Pacers,106,Box Score,,16695,
Sun Mar 1 2026,6:00p,Portland Trail Blazers,101,Atlanta Hawks,135,Box Score,,15498,
Sun Mar 1 2026,6:00p,Detroit Pistons,106,Orlando Magic,92,Box Score,,19015,
Sun Mar 1 2026,8:00p,Philadelphia 76ers,98,Boston Celtics,114,Box Score,,19156,
Sun Mar 1 2026,8:00p,Oklahoma City Thunder,100,Dallas Mavericks,87,Box Score,,18900,
Sun Mar 1 2026,9:00p,New Orleans Pelicans,117,Los Angeles Clippers,137,Box Score,,17003,
Sun Mar 1 2026,9:30p,Sacramento Kings,104,Los Angeles Lakers,128,Box Score,,18272,
Mon Mar 2 2026,7:00p,Houston Rockets,123,Washington Wizards,118,Box Score,,17352,
Mon Mar 2 2026,7:30p,Boston Celtics,108,Milwaukee Bucks,81,Box Score,,15992,
Mon Mar 2 2026,9:00p,Denver Nuggets,128,Utah Jazz,125,Box Score,,18186,
Mon Mar 2 2026,10:00p,Los Angeles Clippers,114,Golden State Warriors,101,Box Score,,18064,
Tue Mar 3 2026,7:00p,Dallas Mavericks,90,Charlotte Hornets,117,Box Score,,19519,
Tue Mar 3 2026,7:00p,Detroit Pistons,109,Cleveland Cavaliers,113,Box Score,,19432,
Tue Mar 3 2026,7:00p,Washington Wizards,109,Orlando Magic,126,Box Score,,16894,
Tue Mar 3 2026,7:30p,Brooklyn Nets,98,Miami Heat,124,Box Score,,19700,
Tue Mar 3 2026,7:30p,New York Knicks,111,Toronto Raptors,95,Box Score,,19800,
Tue Mar 3 2026,8:00p,Oklahoma City Thunder,116,Chicago Bulls,108,Box Score,,18561,
Tue Mar 3 2026,8:00p,Memphis Grizzlies,110,Minnesota Timberwolves,117,Box Score,,17416,
Tue Mar 3 2026,8:00p,San Antonio Spurs,131,Philadelphia 76ers,91,Box Score,,19746,
Tue Mar 3 2026,10:30p,New Orleans Pelicans,101,Los Angeles Lakers,110,Box Score,,18248,
Tue Mar 3 2026,11:00p,Phoenix Suns,114,Sacramento Kings,103,Box Score,,15009,
Wed Mar 4 2026,7:00p,Oklahoma City Thunder,103,New York Knicks,100,Box Score,,19812,
Wed Mar 4 2026,7:30p,Charlotte Hornets,118,Boston Celtics,89,Box Score,,19156,
Wed Mar 4 2026,7:30p,Utah Jazz,102,Philadelphia 76ers,106,Box Score,,18386,
Wed Mar 4 2026,8:00p,Portland Trail Blazers,122,Memphis Grizzlies,114,Box Score,,14661,
Wed Mar 4 2026,9:30p,Atlanta Hawks,131,Milwaukee Bucks,113,Box Score,,14889,
Wed Mar 4 2026,10:30p,Indiana Pacers,107,Los Angeles Clippers,130,Box Score,,17093,
Thu Mar 5 2026,7:00p,Dallas Mavericks,114,Orlando Magic,115,Box Score,,16996,
Thu Mar 5 2026,7:00p,Utah Jazz,122,Washington Wizards,112,Box Score,,17689,
Thu Mar 5 2026,7:30p,Golden State Warriors,115,Houston Rockets,113,Box Score,OT,18055,
Thu Mar 5 2026,7:30p,Brooklyn Nets,110,Miami Heat,126,Box Score,,19700,
Thu Mar 5 2026,8:00p,Toronto Raptors,107,Minnesota Timberwolves,115,Box Score,,18978,
Thu Mar 5 2026,8:00p,Detroit Pistons,106,San Antonio Spurs,121,Box Score,,18748,
Thu Mar 5 2026,9:00p,Chicago Bulls,105,Phoenix Suns,103,Box Score,,17071,
Thu Mar 5 2026,10:00p,Los Angeles Lakers,113,Denver Nuggets,120,Box Score,,19947,
Thu Mar 5 2026,10:00p,New Orleans Pelicans,133,Sacramento Kings,123,Box Score,,15350,
Fri Mar 6 2026,7:00p,Dallas Mavericks,100,Boston Celtics,120,Box Score,,19156,
Fri Mar 6 2026,7:00p,Miami Heat,128,Charlotte Hornets,120,Box Score,,19653,
Fri Mar 6 2026,8:00p,Portland Trail Blazers,99,Houston Rockets,106,Box Score,,18055,
Fri Mar 6 2026,9:00p,New York Knicks,142,Denver Nuggets,103,Box Score,,19807,
Fri Mar 6 2026,9:00p,New Orleans Pelicans,116,Phoenix Suns,118,Box Score,,17071,
Fri Mar 6 2026,9:30p,Los Angeles Clippers,112,San Antonio Spurs,116,Box Score,,18711,
Fri Mar 6 2026,10:30p,Indiana Pacers,117,Los Angeles Lakers,128,Box Score,,18173,
Sat Mar 7 2026,3:00p,Orlando Magic,119,Minnesota Timberwolves,92,Box Score,,18978,
Sat Mar 7 2026,6:00p,Philadelphia 76ers,116,Atlanta Hawks,125,Box Score,,17174,
Sat Mar 7 2026,6:00p,Brooklyn Nets,107,Detroit Pistons,105,Box Score,,20062,
Sat Mar 7 2026,8:00p,Los Angeles Clippers,123,Memphis Grizzlies,120,Box Score,,16037,
Sat Mar 7 2026,8:00p,Utah Jazz,99,Milwaukee Bucks,113,Box Score,,16020,
Sat Mar 7 2026,8:30p,Golden State Warriors,97,Oklahoma City Thunder,104,Box Score,,18203,
Sun Mar 8 2026,1:00p,Boston Celtics,109,Cleveland Cavaliers,98,Box Score,,19432,
Sun Mar 8 2026,3:30p,New York Knicks,97,Los Angeles Lakers,110,Box Score,,18997,
Sun Mar 8 2026,6:00p,Detroit Pistons,110,Miami Heat,121,Box Score,,19700,
Sun Mar 8 2026,6:00p,Dallas Mavericks,92,Toronto Raptors,122,Box Score,,19800,
Sun Mar 8 2026,7:00p,Washington Wizards,118,New Orleans Pelicans,138,Box Score,,16698,
Sun Mar 8 2026,8:00p,Orlando Magic,130,Milwaukee Bucks,91,Box Score,,15555,
Sun Mar 8 2026,8:00p,Houston Rockets,120,San Antonio Spurs,145,Box Score,,19003,
Sun Mar 8 2026,9:00p,Indiana Pacers,111,Portland Trail Blazers,131,Box Score,,16833,
Sun Mar 8 2026,9:00p,Chicago Bulls,110,Sacramento Kings,126,Box Score,,15022,
Sun Mar 8 2026,10:00p,Charlotte Hornets,99,Phoenix Suns,111,Box Score,,17071,
Mon Mar 9 2026,7:00p,Philadelphia 76ers,101,Cleveland Cavaliers,115,Box Score,,19432,
Mon Mar 9 2026,7:30p,Memphis Grizzlies,115,Brooklyn Nets,126,Box Score,,16543,
Mon Mar 9 2026,7:30p,Denver Nuggets,126,Oklahoma City Thunder,129,Box Score,,18203,
Mon Mar 9 2026,9:00p,Golden State Warriors,116,Utah Jazz,119,Box Score,,18186,
Mon Mar 9 2026,10:00p,New York Knicks,118,Los Angeles Clippers,126,Box Score,,17927,
Tue Mar 10 2026,7:00p,Memphis Grizzlies,129,Philadelphia 76ers,139,Box Score,,17897,
Tue Mar 10 2026,7:30p,Dallas Mavericks,112,Atlanta Hawks,124,Box Score,,15514,
Tue Mar 10 2026,7:30p,Detroit Pistons,138,Brooklyn Nets,100,Box Score,,17548,
Tue Mar 10 2026,7:30p,Washington Wizards,129,Miami Heat,150,Box Score,,19700,
Tue Mar 10 2026,8:00p,Toronto Raptors,99,Houston Rockets,113,Box Score,,18055,
Tue Mar 10 2026,8:00p,Phoenix Suns,129,Milwaukee Bucks,114,Box Score,,15300,
Tue Mar 10 2026,8:00p,Boston Celtics,116,San Antonio Spurs,125,Box Score,,19080,
Tue Mar 10 2026,10:00p,Chicago Bulls,130,Golden State Warriors,124,Box Score,OT,18064,
Tue Mar 10 2026,10:00p,Charlotte Hornets,103,Portland Trail Blazers,101,Box Score,,18133,
Tue Mar 10 2026,10:00p,Indiana Pacers,109,Sacramento Kings,114,Box Score,,14618,
Tue Mar 10 2026,11:00p,Minnesota Timberwolves,106,Los Angeles Lakers,120,Box Score,,18997,
Wed Mar 11 2026,7:30p,Cleveland Cavaliers,122,Orlando Magic,128,Box Score,,18697,
Wed Mar 11 2026,8:00p,Toronto Raptors,111,New Orleans Pelicans,122,Box Score,,16568,
Wed Mar 11 2026,9:00p,New York Knicks,134,Utah Jazz,117,Box Score,,18186,
Wed Mar 11 2026,10:00p,Houston Rockets,93,Denver Nuggets,129,Box Score,,19602,
Wed Mar 11 2026,10:00p,Charlotte Hornets,117,Sacramento Kings,109,Box Score,,15597,
Wed Mar 11 2026,10:30p,Minnesota Timberwolves,128,Los Angeles Clippers,153,Box Score,,16871,
Thu Mar 12 2026,7:00p,Philadelphia 76ers,109,Detroit Pistons,131,Box Score,,20062,
Thu Mar 12 2026,7:00p,Phoenix Suns,123,Indiana Pacers,108,Box Score,,16470,
Thu Mar 12 2026,7:00p,Washington Wizards,131,Orlando Magic,136,Box Score,OT,17321,
Thu Mar 12 2026,7:30p,Brooklyn Nets,97,Atlanta Hawks,108,Box Score,,15526,
Thu Mar 12 2026,7:30p,Milwaukee Bucks,105,Miami Heat,112,Box Score,,19700,
Thu Mar 12 2026,8:00p,Dallas Mavericks,120,Memphis Grizzlies,112,Box Score,,15029,
Thu Mar 12 2026,9:00p,Denver Nuggets,136,San Antonio Spurs,131,Box Score,,19038,
Thu Mar 12 2026,9:30p,Boston Celtics,102,Oklahoma City Thunder,104,Box Score,,18203,
Thu Mar 12 2026,10:30p,Chicago Bulls,130,Los Angeles Lakers,142,Box Score,,18794,
Fri Mar 13 2026,7:30p,Cleveland Cavaliers,138,Dallas Mavericks,105,Box Score,,19512,
Fri Mar 13 2026,7:30p,Memphis Grizzlies,110,Detroit Pistons,126,Box Score,,20062,
Fri Mar 13 2026,7:30p,New York Knicks,101,Indiana Pacers,92,Box Score,,15544,
Fri Mar 13 2026,7:30p,Phoenix Suns,115,Toronto Raptors,122,Box Score,,19195,
Fri Mar 13 2026,8:00p,New Orleans Pelicans,105,Houston Rockets,107,Box Score,,18055,
Fri Mar 13 2026,10:00p,Minnesota Timberwolves,127,Golden State Warriors,117,Box Score,,18064,
Fri Mar 13 2026,10:00p,Utah Jazz,114,Portland Trail Blazers,124,Box Score,,17352,
Fri Mar 13 2026,10:30p,Chicago Bulls,108,Los Angeles Clippers,119,Box Score,,17927,
Sat Mar 14 2026,1:00p,Brooklyn Nets,97,Philadelphia 76ers,104,Box Score,,18418,
Sat Mar 14 2026,3:00p,Milwaukee Bucks,99,Atlanta Hawks,122,Box Score,,16013,
Sat Mar 14 2026,3:30p,Charlotte Hornets,102,San Antonio Spurs,115,Box Score,,18861,
Sat Mar 14 2026,6:00p,Washington Wizards,100,Boston Celtics,111,Box Score,,19156,
Sat Mar 14 2026,8:00p,Orlando Magic,121,Miami Heat,117,Box Score,,19757,
Sat Mar 14 2026,8:30p,Denver Nuggets,125,Los Angeles Lakers,127,Box Score,OT,18997,
Sat Mar 14 2026,10:30p,Sacramento Kings,118,Los Angeles Clippers,109,Box Score,,17420,
Sun Mar 15 2026,1:00p,Minnesota Timberwolves,103,Oklahoma City Thunder,116,Box Score,,18203,
Sun Mar 15 2026,3:30p,Dallas Mavericks,130,Cleveland Cavaliers,120,Box Score,,19432,
Sun Mar 15 2026,3:30p,Indiana Pacers,123,Milwaukee Bucks,134,Box Score,,15898,
Sun Mar 15 2026,3:30p,Detroit Pistons,108,Toronto Raptors,119,Box Score,,19435,
Sun Mar 15 2026,6:00p,Portland Trail Blazers,103,Philadelphia 76ers,109,Box Score,,19746,
Sun Mar 15 2026,8:00p,Golden State Warriors,107,New York Knicks,110,Box Score,,19812,
Sun Mar 15 2026,10:00p,Utah Jazz,111,Sacramento Kings,116,Box Score,,15132,
Mon Mar 16 2026,7:00p,Orlando Magic,112,Atlanta Hawks,124,Box Score,,18138,
Mon Mar 16 2026,7:00p,Golden State Warriors,125,Washington Wizards,117,Box Score,,15922,
Mon Mar 16 2026,7:30p,Phoenix Suns,112,Boston Celtics,120,Box Score,,19156,
Mon Mar 16 2026,7:30p,Portland Trail Blazers,114,Brooklyn Nets,95,Box Score,,17030,
Mon Mar 16 2026,8:00p,Memphis Grizzlies,107,Chicago Bulls,132,Box Score,,20157,
Mon Mar 16 2026,8:00p,Dallas Mavericks,111,New Orleans Pelicans,129,Box Score,,16787,
Mon Mar 16 2026,9:30p,Los Angeles Lakers,100,Houston Rockets,92,Box Score,,18055,
Mon Mar 16 2026,10:00p,San Antonio Spurs,119,Los Angeles Clippers,115,Box Score,,17927,
Tue Mar 17 2026,7:00p,Miami Heat,106,Charlotte Hornets,136,Box Score,,19478,
Tue Mar 17 2026,7:00p,Oklahoma City Thunder,113,Orlando Magic,108,Box Score,,18846,
Tue Mar 17 2026,7:00p,Detroit Pistons,130,Washington Wizards,117,Box Score,,15296,
Tue Mar 17 2026,7:30p,Indiana Pacers,110,New York Knicks,136,Box Score,,19812,
Tue Mar 17 2026,8:00p,Cleveland Cavaliers,123,Milwaukee Bucks,116,Box Score,,16341,
Tue Mar 17 2026,8:00p,Phoenix Suns,104,Minnesota Timberwolves,116,Box Score,,17309,
Tue Mar 17 2026,10:00p,Philadelphia 76ers,96,Denver Nuggets,124,Box Score,,19917,
Tue Mar 17 2026,10:00p,San Antonio Spurs,132,Sacramento Kings,104,Box Score,,16475,
Wed Mar 18 2026,7:00p,Golden State Warriors,99,Boston Celtics,120,Box Score,,19156,
Wed Mar 18 2026,7:30p,Oklahoma City Thunder,121,Brooklyn Nets,92,Box Score,,17548,
Wed Mar 18 2026,7:30p,Portland Trail Blazers,127,Indiana Pacers,119,Box Score,,17274,
Wed Mar 18 2026,8:00p,Toronto Raptors,139,Chicago Bulls,109,Box Score,,19082,
Wed Mar 18 2026,8:00p,Utah Jazz,111,Minnesota Timberwolves,147,Box Score,,17047,
Wed Mar 18 2026,8:00p,Los Angeles Clippers,109,New Orleans Pelicans,124,Box Score,,16546,
Wed Mar 18 2026,8:30p,Atlanta Hawks,135,Dallas Mavericks,120,Box Score,,19807,
Wed Mar 18 2026,8:30p,Denver Nuggets,118,Memphis Grizzlies,125,Box Score,,15612,
Wed Mar 18 2026,9:30p,Los Angeles Lakers,124,Houston Rockets,116,Box Score,,18055,
Thu Mar 19 2026,7:00p,Orlando Magic,111,Charlotte Hornets,130,Box Score,,19565,
Thu Mar 19 2026,7:00p,Detroit Pistons,117,Washington Wizards,95,Box Score,,16572,
Thu Mar 19 2026,8:00p,Cleveland Cavaliers,115,Chicago Bulls,110,Box Score,,19763,
Thu Mar 19 2026,8:00p,Los Angeles Lakers,134,Miami Heat,126,Box Score,,20177,
Thu Mar 19 2026,8:00p,Los Angeles Clippers,99,New Orleans Pelicans,105,Box Score,,15395,
Thu Mar 19 2026,8:00p,Phoenix Suns,100,San Antonio Spurs,101,Box Score,,18648,
Thu Mar 19 2026,9:00p,Milwaukee Bucks,96,Utah Jazz,128,Box Score,,18186,
Thu Mar 19 2026,10:00p,Philadelphia 76ers,139,Sacramento Kings,118,Box Score,,15007,
Fri Mar 20 2026,7:30p,New York Knicks,93,Brooklyn Nets,92,Box Score,,18017,
Fri Mar 20 2026,7:30p,Golden State Warriors,101,Detroit Pistons,115,Box Score,,20062,
Fri Mar 20 2026,8:00p,Atlanta Hawks,95,Houston Rockets,117,Box Score,,18055,
Fri Mar 20 2026,8:00p,Boston Celtics,117,Memphis Grizzlies,112,Box Score,,17048,
Fri Mar 20 2026,8:00p,Portland Trail Blazers,108,Minnesota Timberwolves,104,Box Score,,18978,
Fri Mar 20 2026,9:00p,Toronto Raptors,115,Denver Nuggets,121,Box Score,,19924,
Sat Mar 21 2026,5:00p,Oklahoma City Thunder,132,Washington Wizards,111,Box Score,,20028,
Sat Mar 21 2026,7:00p,Memphis Grizzlies,101,Charlotte Hornets,124,Box Score,,19487,
Sat Mar 21 2026,7:00p,Cleveland Cavaliers,111,New Orleans Pelicans,106,Box Score,,16987,
Sat Mar 21 2026,7:00p,Los Angeles Lakers,105,Orlando Magic,104,Box Score,,19597,
Sat Mar 21 2026,8:00p,Golden State Warriors,110,Atlanta Hawks,126,Box Score,,17069,
Sat Mar 21 2026,8:00p,Miami Heat,122,Houston Rockets,123,Box Score,,18055,
Sat Mar 21 2026,8:00p,Indiana Pacers,119,San Antonio Spurs,134,Box Score,,18811,
Sat Mar 21 2026,8:30p,Los Angeles Clippers,138,Dallas Mavericks,131,Box Score,OT,19365,
Sat Mar 21 2026,9:30p,Philadelphia 76ers,126,Utah Jazz,116,Box Score,,18186,
Sat Mar 21 2026,10:00p,Milwaukee Bucks,108,Phoenix Suns,105,Box Score,,17071,
Sun Mar 22 2026,5:00p,Portland Trail Blazers,112,Denver Nuggets,128,Box Score,,19924,
Sun Mar 22 2026,6:00p,Brooklyn Nets,122,Sacramento Kings,126,Box Score,,16289,
Sun Mar 22 2026,7:30p,Washington Wizards,113,New York Knicks,145,Box Score,,19812,
Sun Mar 22 2026,8:00p,Minnesota Timberwolves,102,Boston Celtics,92,Box Score,,19156,
Sun Mar 22 2026,9:00p,Toronto Raptors,98,Phoenix Suns,120,Box Score,,17071,
Mon Mar 23 2026,7:00p,Los Angeles Lakers,110,Detroit Pistons,113,Box Score,,20180,
Mon Mar 23 2026,7:00p,San Antonio Spurs,136,Miami Heat,111,Box Score,,19784,
Mon Mar 23 2026,7:00p,Indiana Pacers,128,Orlando Magic,126,Box Score,,17721,
Mon Mar 23 2026,7:00p,Oklahoma City Thunder,123,Philadelphia 76ers,103,Box Score,,19746,
Mon Mar 23 2026,7:30p,Memphis Grizzlies,107,Atlanta Hawks,146,Box Score,,16131,
Mon Mar 23 2026,8:00p,Houston Rockets,124,Chicago Bulls,132,Box Score,,21395,
Mon Mar 23 2026,9:00p,Toronto Raptors,143,Utah Jazz,127,Box Score,,18186,
Mon Mar 23 2026,9:30p,Golden State Warriors,137,Dallas Mavericks,131,Box Score,OT,18821,
Mon Mar 23 2026,10:00p,Brooklyn Nets,99,Portland Trail Blazers,134,Box Score,,17059,
Mon Mar 23 2026,10:30p,Milwaukee Bucks,96,Los Angeles Clippers,129,Box Score,,16515,
Tue Mar 24 2026,7:00p,Sacramento Kings,90,Charlotte Hornets,134,Box Score,,19450,
Tue Mar 24 2026,7:30p,New Orleans Pelicans,116,New York Knicks,121,Box Score,,19812,
Tue Mar 24 2026,8:00p,Orlando Magic,131,Cleveland Cavaliers,136,Box Score,,19432,
Tue Mar 24 2026,11:00p,Denver Nuggets,125,Phoenix Suns,123,Box Score,,17071,
Wed Mar 25 2026,7:00p,Atlanta Hawks,130,Detroit Pistons,129,Box Score,OT,18921,
Wed Mar 25 2026,7:00p,Los Angeles Lakers,137,Indiana Pacers,130,Box Score,,17274,
Wed Mar 25 2026,7:00p,Chicago Bulls,137,Philadelphia 76ers,157,Box Score,,18921,
Wed Mar 25 2026,7:30p,Oklahoma City Thunder,109,Boston Celtics,119,Box Score,,19156,
Wed Mar 25 2026,7:30p,Miami Heat,120,Cleveland Cavaliers,103,Box Score,,19432,
Wed Mar 25 2026,8:00p,San Antonio Spurs,123,Memphis Grizzlies,98,Box Score,,15688,
Wed Mar 25 2026,9:00p,Washington Wizards,133,Utah Jazz,110,Box Score,,18186,
Wed Mar 25 2026,9:30p,Houston Rockets,108,Minnesota Timberwolves,110,Box Score,OT,18978,
Wed Mar 25 2026,10:00p,Dallas Mavericks,135,Denver Nuggets,142,Box Score,,19837,
Wed Mar 25 2026,10:00p,Brooklyn Nets,106,Golden State Warriors,109,Box Score,,18064,
Wed Mar 25 2026,10:00p,Milwaukee Bucks,99,Portland Trail Blazers,130,Box Score,,16991,
Wed Mar 25 2026,10:30p,Toronto Raptors,94,Los Angeles Clippers,119,Box Score,,17927,
Thu Mar 26 2026,7:00p,New York Knicks,103,Charlotte Hornets,114,Box Score,,19625,
Thu Mar 26 2026,7:00p,New Orleans Pelicans,108,Detroit Pistons,129,Box Score,,18940,
Thu Mar 26 2026,7:00p,Sacramento Kings,117,Orlando Magic,121,Box Score,,17256,
Fri Mar 27 2026,7:00p,Los Angeles Clippers,114,Indiana Pacers,113,Box Score,,16645,
Fri Mar 27 2026,7:30p,Atlanta Hawks,102,Boston Celtics,109,Box Score,,19156,
Fri Mar 27 2026,7:30p,Miami Heat,128,Cleveland Cavaliers,149,Box Score,,19432,
Fri Mar 27 2026,8:00p,Houston Rockets,119,Memphis Grizzlies,109,Box Score,,15715,
Fri Mar 27 2026,8:00p,Chicago Bulls,113,Oklahoma City Thunder,131,Box Score,,18203,
Fri Mar 27 2026,8:30p,New Orleans Pelicans,106,Toronto Raptors,119,Box Score,,19027,
Fri Mar 27 2026,9:00p,Utah Jazz,129,Denver Nuggets,135,Box Score,,19647,
Fri Mar 27 2026,10:00p,Washington Wizards,126,Golden State Warriors,131,Box Score,,18064,
Fri Mar 27 2026,10:00p,Dallas Mavericks,100,Portland Trail Blazers,93,Box Score,,17701,
Fri Mar 27 2026,10:30p,Brooklyn Nets,99,Los Angeles Lakers,116,Box Score,,18997,
Sat Mar 28 2026,3:00p,San Antonio Spurs,127,Milwaukee Bucks,95,Box Score,,17341,
Sat Mar 28 2026,5:30p,Detroit Pistons,109,Minnesota Timberwolves,87,Box Score,,18978,
Sat Mar 28 2026,6:00p,Philadelphia 76ers,118,Charlotte Hornets,114,Box Score,,19616,
Sat Mar 28 2026,7:30p,Sacramento Kings,113,Atlanta Hawks,123,Box Score,,17066,
Sat Mar 28 2026,8:00p,Chicago Bulls,124,Memphis Grizzlies,125,Box Score,,16883,
Sat Mar 28 2026,10:00p,Utah Jazz,109,Phoenix Suns,134,Box Score,,17071,
Sun Mar 29 2026,3:30p,Los Angeles Clippers,127,Milwaukee Bucks,113,Box Score,,17341,
Sun Mar 29 2026,5:00p,Miami Heat,118,Indiana Pacers,135,Box Score,,16771,
Sun Mar 29 2026,6:00p,Sacramento Kings,99,Brooklyn Nets,116,Box Score,,17548,
Sun Mar 29 2026,6:00p,Boston Celtics,114,Charlotte Hornets,99,Box Score,,19642,
Sun Mar 29 2026,6:00p,Washington Wizards,88,Portland Trail Blazers,123,Box Score,,17400,
Sun Mar 29 2026,6:00p,Orlando Magic,87,Toronto Raptors,139,Box Score,,18883,
Sun Mar 29 2026,7:00p,Houston Rockets,134,New Orleans Pelicans,102,Box Score,,16758,
Sun Mar 29 2026,7:30p,New York Knicks,100,Oklahoma City Thunder,111,Box Score,,18203,
Sun Mar 29 2026,10:00p,Golden State Warriors,93,Denver Nuggets,116,Box Score,,19588,
Mon Mar 30 2026,7:00p,Philadelphia 76ers,109,Miami Heat,119,Box Score,,19742,
Mon Mar 30 2026,7:30p,Boston Celtics,102,Atlanta Hawks,112,Box Score,,17092,
Mon Mar 30 2026,8:00p,Phoenix Suns,131,Memphis Grizzlies,105,Box Score,,14661,
Mon Mar 30 2026,8:00p,Chicago Bulls,114,San Antonio Spurs,129,Box Score,,18904,
Mon Mar 30 2026,8:30p,Minnesota Timberwolves,124,Dallas Mavericks,94,Box Score,,20021,
Mon Mar 30 2026,9:00p,Cleveland Cavaliers,122,Utah Jazz,113,Box Score,,18186,
Mon Mar 30 2026,9:30p,Detroit Pistons,110,Oklahoma City Thunder,114,Box Score,OT,18203,
Mon Mar 30 2026,10:00p,Washington Wizards,101,Los Angeles Lakers,120,Box Score,,18997,
Tue Mar 31 2026,7:00p,Phoenix Suns,111,Orlando Magic,115,Box Score,,19117,
Tue Mar 31 2026,7:30p,Charlotte Hornets,117,Brooklyn Nets,86,Box Score,,18027,
Tue Mar 31 2026,8:00p,Toronto Raptors,116,Detroit Pistons,127,Box Score,,19982,
Tue Mar 31 2026,8:00p,New York Knicks,94,Houston Rockets,111,Box Score,,18055,
Tue Mar 31 2026,8:00p,Dallas Mavericks,99,Milwaukee Bucks,123,Box Score,,16414,
Tue Mar 31 2026,10:30p,Cleveland Cavaliers,113,Los Angeles Lakers,127,Box Score,,18997,
Tue Mar 31 2026,11:00p,Portland Trail Blazers,114,Los Angeles Clippers,104,Box Score,,17927,
Wed Apr 1 2026,7:00p,Atlanta Hawks,130,Orlando Magic,101,Box Score,,17324,
Wed Apr 1 2026,7:00p,Philadelphia 76ers,153,Washington Wizards,131,Box Score,,17956,
Wed Apr 1 2026,7:30p,Boston Celtics,147,Miami Heat,129,Box Score,,19881,
Wed Apr 1 2026,8:00p,Indiana Pacers,145,Chicago Bulls,126,Box Score,,21312,
Wed Apr 1 2026,8:00p,Milwaukee Bucks,113,Houston Rockets,119,Box Score,,18055,
Wed Apr 1 2026,8:00p,New York Knicks,130,Memphis Grizzlies,119,Box Score,,15181,
Wed Apr 1 2026,8:00p,Sacramento Kings,123,Toronto Raptors,115,Box Score,,18616,
Wed Apr 1 2026,9:00p,Denver Nuggets,130,Utah Jazz,117,Box Score,,18186,
Wed Apr 1 2026,10:00p,San Antonio Spurs,127,Golden State Warriors,113,Box Score,,18064,
Thu Apr 2 2026,7:00p,Phoenix Suns,107,Charlotte Hornets,127,Box Score,,19594,
Thu Apr 2 2026,7:00p,Minnesota Timberwolves,108,Detroit Pistons,113,Box Score,,20062,
Thu Apr 2 2026,9:30p,Los Angeles Lakers,96,Oklahoma City Thunder,139,Box Score,,18203,
Thu Apr 2 2026,10:00p,Cleveland Cavaliers,118,Golden State Warriors,111,Box Score,,18064,
Thu Apr 2 2026,10:00p,New Orleans Pelicans,106,Portland Trail Blazers,118,Box Score,,16877,
Thu Apr 2 2026,10:30p,San Antonio Spurs,118,Los Angeles Clippers,99,Box Score,,17927,
Fri Apr 3 2026,7:00p,Indiana Pacers,108,Charlotte Hornets,129,Box Score,,19579,
Fri Apr 3 2026,7:00p,Minnesota Timberwolves,103,Philadelphia 76ers,115,Box Score,,18457,
Fri Apr 3 2026,7:30p,Atlanta Hawks,141,Brooklyn Nets,107,Box Score,,17548,
Fri Apr 3 2026,7:30p,Chicago Bulls,96,New York Knicks,136,Box Score,,19812,
Fri Apr 3 2026,8:00p,Utah Jazz,106,Houston Rockets,140,Box Score,,18055,
Fri Apr 3 2026,8:00p,Toronto Raptors,128,Memphis Grizzlies,96,Box Score,,17023,
Fri Apr 3 2026,8:00p,Boston Celtics,133,Milwaukee Bucks,101,Box Score,,17341,
Fri Apr 3 2026,8:30p,Orlando Magic,138,Dallas Mavericks,127,Box Score,,19358,
Fri Apr 3 2026,10:00p,New Orleans Pelicans,113,Sacramento Kings,117,Box Score,,15422,
Sat Apr 4 2026,3:00p,San Antonio Spurs,134,Denver Nuggets,136,Box Score,OT,20039,
Sat Apr 4 2026,3:00p,Washington Wizards,136,Miami Heat,152,Box Score,,19700,
Sat Apr 4 2026,7:00p,Detroit Pistons,116,Philadelphia 76ers,93,Box Score,,19746,
Sun Apr 5 2026,3:30p,Toronto Raptors,101,Boston Celtics,115,Box Score,,19156,
Sun Apr 5 2026,3:30p,Washington Wizards,115,Brooklyn Nets,121,Box Score,,17257,
Sun Apr 5 2026,3:30p,Phoenix Suns,120,Chicago Bulls,110,Box Score,,20941,
Sun Apr 5 2026,3:30p,Memphis Grizzlies,115,Milwaukee Bucks,131,Box Score,,15248,
Sun Apr 5 2026,6:00p,Indiana Pacers,108,Cleveland Cavaliers,117,Box Score,,19432,
Sun Apr 5 2026,7:00p,Charlotte Hornets,122,Minnesota Timberwolves,108,Box Score,,18978,
Sun Apr 5 2026,7:00p,Orlando Magic,112,New Orleans Pelicans,108,Box Score,,16629,
Sun Apr 5 2026,7:00p,Utah Jazz,111,Oklahoma City Thunder,146,Box Score,,18203,
Sun Apr 5 2026,7:30p,Los Angeles Lakers,128,Dallas Mavericks,134,Box Score,,19829,
Sun Apr 5 2026,9:00p,Los Angeles Clippers,138,Sacramento Kings,109,Box Score,,15014,
Sun Apr 5 2026,10:00p,Houston Rockets,117,Golden State Warriors,116,Box Score,,18064,
Mon Apr 6 2026,7:00p,New York Knicks,108,Atlanta Hawks,105,Box Score,,17242,
Mon Apr 6 2026,7:00p,Detroit Pistons,107,Orlando Magic,123,Box Score,,19441,
Mon Apr 6 2026,8:00p,Cleveland Cavaliers,142,Memphis Grizzlies,126,Box Score,,16511,
Mon Apr 6 2026,8:00p,Philadelphia 76ers,102,San Antonio Spurs,115,Box Score,,18354,
Mon Apr 6 2026,9:00p,Portland Trail Blazers,132,Denver Nuggets,137,Box Score,OT,19615,
Tue Apr 7 2026,7:00p,Minnesota Timberwolves,124,Indiana Pacers,104,Box Score,,17274,
Tue Apr 7 2026,7:00p,Chicago Bulls,129,Washington Wizards,98,Box Score,,15049,
Tue Apr 7 2026,7:30p,Milwaukee Bucks,90,Brooklyn Nets,96,Box Score,,16834,
Tue Apr 7 2026,7:30p,Miami Heat,95,Toronto Raptors,121,Box Score,,18425,
Tue Apr 7 2026,8:00p,Charlotte Hornets,102,Boston Celtics,113,Box Score,,19156,
Tue Apr 7 2026,8:00p,Utah Jazz,137,New Orleans Pelicans,156,Box Score,,15971,
Tue Apr 7 2026,10:00p,Sacramento Kings,105,Golden State Warriors,110,Box Score,,18064,
Tue Apr 7 2026,10:30p,Dallas Mavericks,103,Los Angeles Clippers,116,Box Score,,17927,
Tue Apr 7 2026,10:30p,Oklahoma City Thunder,123,Los Angeles Lakers,87,Box Score,,18997,
Tue Apr 7 2026,11:00p,Houston Rockets,119,Phoenix Suns,105,Box Score,,17071,
Wed Apr 8 2026,7:00p,Atlanta Hawks,116,Cleveland Cavaliers,122,Box Score,,19432,
Wed Apr 8 2026,7:00p,Milwaukee Bucks,111,Detroit Pistons,137,Box Score,,19997,
Wed Apr 8 2026,7:00p,Minnesota Timberwolves,120,Orlando Magic,132,Box Score,,18482,
Wed Apr 8 2026,9:00p,Memphis Grizzlies,119,Denver Nuggets,136,Box Score,,19985,
Wed Apr 8 2026,9:30p,Portland Trail Blazers,101,San Antonio Spurs,112,Box Score,,18354,
Wed Apr 8 2026,10:00p,Oklahoma City Thunder,128,Los Angeles Clippers,110,Box Score,,17927,
Wed Apr 8 2026,10:00p,Dallas Mavericks,107,Phoenix Suns,112,Box Score,,17071,
Thu Apr 9 2026,7:00p,Miami Heat,114,Toronto Raptors,128,Box Score,,19142,
Thu Apr 9 2026,7:00p,Chicago Bulls,119,Washington Wizards,108,Box Score,,15482,
Thu Apr 9 2026,7:30p,Indiana Pacers,123,Brooklyn Nets,94,Box Score,,17548,
Thu Apr 9 2026,7:30p,Boston Celtics,106,New York Knicks,112,Box Score,,19812,
Thu Apr 9 2026,8:00p,Philadelphia 76ers,102,Houston Rockets,113,Box Score,,18055,
Thu Apr 9 2026,10:00p,Los Angeles Lakers,119,Golden State Warriors,103,Box Score,,18064,
Fri Apr 10 2026,7:00p,Cleveland Cavaliers,102,Atlanta Hawks,124,Box Score,,17517,
Fri Apr 10 2026,7:00p,Detroit Pistons,118,Charlotte Hornets,100,Box Score,,19623,
Fri Apr 10 2026,7:00p,Miami Heat,140,Washington Wizards,117,Box Score,,17946,
Fri Apr 10 2026,7:30p,New Orleans Pelicans,118,Boston Celtics,144,Box Score,,19156,
Fri Apr 10 2026,7:30p,Philadelphia 76ers,105,Indiana Pacers,94,Box Score,,17274,
Fri Apr 10 2026,7:30p,Toronto Raptors,95,New York Knicks,112,Box Score,,19812,
Fri Apr 10 2026,8:00p,Orlando Magic,127,Chicago Bulls,103,Box Score,,21522,
Fri Apr 10 2026,8:00p,Brooklyn Nets,108,Milwaukee Bucks,125,Box Score,,17379,
Fri Apr 10 2026,8:00p,Dallas Mavericks,120,San Antonio Spurs,139,Box Score,,18681,
Fri Apr 10 2026,9:00p,Oklahoma City Thunder,107,Denver Nuggets,127,Box Score,,20014,
Fri Apr 10 2026,9:30p,Minnesota Timberwolves,136,Houston Rockets,132,Box Score,,18113,
Fri Apr 10 2026,9:30p,Memphis Grizzlies,101,Utah Jazz,147,Box Score,,18186,
Fri Apr 10 2026,10:00p,Los Angeles Clippers,97,Portland Trail Blazers,116,Box Score,,19490,
Fri Apr 10 2026,10:00p,Golden State Warriors,118,Sacramento Kings,124,Box Score,,18175,
Fri Apr 10 2026,10:30p,Phoenix Suns,73,Los Angeles Lakers,101,Box Score,,18997,
Sun Apr 12 2026,6:00p,Orlando Magic,108,Boston Celtics,113,Box Score,,19156,
Sun Apr 12 2026,6:00p,Washington Wizards,117,Cleveland Cavaliers,130,Box Score,,19432,
Sun Apr 12 2026,6:00p,Detroit Pistons,133,Indiana Pacers,121,Box Score,,16840,
Sun Apr 12 2026,6:00p,Atlanta Hawks,117,Miami Heat,143,Box Score,,19962,
Sun Apr 12 2026,6:00p,Charlotte Hornets,110,New York Knicks,96,Box Score,,19812,
Sun Apr 12 2026,6:00p,Milwaukee Bucks,106,Philadelphia 76ers,126,Box Score,,19746,
Sun Apr 12 2026,6:00p,Brooklyn Nets,101,Toronto Raptors,136,Box Score,,18778,
Sun Apr 12 2026,8:30p,Chicago Bulls,128,Dallas Mavericks,149,Box Score,,20232,
Sun Apr 12 2026,8:30p,Memphis Grizzlies,101,Houston Rockets,132,Box Score,,18055,
Sun Apr 12 2026,8:30p,Golden State Warriors,110,Los Angeles Clippers,115,Box Score,,17927,
Sun Apr 12 2026,8:30p,Utah Jazz,107,Los Angeles Lakers,131,Box Score,,18791,
Sun Apr 12 2026,8:30p,New Orleans Pelicans,126,Minnesota Timberwolves,132,Box Score,,18978,
Sun Apr 12 2026,8:30p,Phoenix Suns,135,Oklahoma City Thunder,103,Box Score,,18203,
Sun Apr 12 2026,8:30p,Sacramento Kings,110,Portland Trail Blazers,122,Box Score,,19555,
Sun Apr 12 2026,8:30p,Denver Nuggets,128,San Antonio Spurs,118,Box Score,,19019,
