Date,Time,Team1,Score1,Team2,Score2,Label,OT,Attendance,Misc
Tue Oct 24 2023,7:30p,Los Angeles Lakers,107,Denver Nuggets,119,Box Score,,19842,
Tue Oct 24 2023,10:00p,Phoenix Suns,108,Golden State Warriors,104,Box Score,,18064,
Wed Oct 25 2023,7:00p,Houston Rockets,86,Orlando Magic,116,Box Score,,18846,
Wed Oct 25 2023,7:00p,Boston Celtics,108,New York Knicks,104,Box Score,,19812,
Wed Oct 25 2023,7:00p,Washington Wizards,120,Indiana Pacers,143,Box Score,,16004,
Wed Oct 25 2023,7:00p,Atlanta Hawks,110,Charlotte Hornets,116,Box Score,,16129,
Wed Oct 25 2023,7:30p,Detroit Pistons,102,Miami Heat,103,Box Score,,19695,
Wed Oct 25 2023,7:30p,Minnesota Timberwolves,94,Toronto Raptors,97,Box Score,,19800,
Wed Oct 25 2023,7:30p,Cleveland Cavaliers,114,Brooklyn Nets,113,Box Score,,17931,
Wed Oct 25 2023,8:00p,New Orleans Pelicans,111,Memphis Grizzlies,104,Box Score,,17798,
Wed Oct 25 2023,8:00p,Oklahoma City Thunder,124,Chicago Bulls,104,Box Score,,21369,
Wed Oct 25 2023,9:00p,Sacramento Kings,130,Utah Jazz,114,Box Score,,18206,
Wed Oct 25 2023,9:30p,Dallas Mavericks,126,San Antonio Spurs,119,Box Score,,18947,
Wed Oct 25 2023,10:30p,Portland Trail Blazers,111,Los Angeles Clippers,123,Box Score,,19370,
Thu Oct 26 2023,7:30p,Philadelphia 76ers,117,Milwaukee Bucks,118,Box Score,,17783,
Thu Oct 26 2023,10:00p,Phoenix Suns,95,Los Angeles Lakers,100,Box Score,,18997,
Fri Oct 27 2023,7:00p,Denver Nuggets,108,Memphis Grizzlies,104,Box Score,,16617,
Fri Oct 27 2023,7:00p,Detroit Pistons,111,Charlotte Hornets,99,Box Score,,15855,
Fri Oct 27 2023,7:30p,New York Knicks,126,Atlanta Hawks,120,Box Score,,17692,
Fri Oct 27 2023,7:30p,Oklahoma City Thunder,108,Cleveland Cavaliers,105,Box Score,,19432,
Fri Oct 27 2023,7:30p,Miami Heat,111,Boston Celtics,119,Box Score,,19156,
Fri Oct 27 2023,8:00p,Toronto Raptors,103,Chicago Bulls,104,Box Score,OT,19555,
Fri Oct 27 2023,8:00p,Houston Rockets,122,San Antonio Spurs,126,Box Score,OT,18354,
Fri Oct 27 2023,8:30p,Brooklyn Nets,120,Dallas Mavericks,125,Box Score,,20238,
Fri Oct 27 2023,9:30p,Los Angeles Clippers,118,Utah Jazz,120,Box Score,,18206,
Fri Oct 27 2023,10:00p,Orlando Magic,102,Portland Trail Blazers,97,Box Score,,19464,
Fri Oct 27 2023,10:00p,Golden State Warriors,122,Sacramento Kings,114,Box Score,,18250,
Sat Oct 28 2023,7:00p,Chicago Bulls,102,Detroit Pistons,118,Box Score,,20062,
Sat Oct 28 2023,7:00p,Memphis Grizzlies,106,Washington Wizards,113,Box Score,,16191,
Sat Oct 28 2023,7:00p,New York Knicks,87,New Orleans Pelicans,96,Box Score,,16331,
Sat Oct 28 2023,7:30p,Indiana Pacers,125,Cleveland Cavaliers,113,Box Score,,19432,
Sat Oct 28 2023,7:30p,Philadelphia 76ers,114,Toronto Raptors,107,Box Score,,19800,
Sat Oct 28 2023,8:00p,Miami Heat,90,Minnesota Timberwolves,106,Box Score,,18024,
Sat Oct 28 2023,10:00p,Utah Jazz,104,Phoenix Suns,126,Box Score,,17071,
Sun Oct 29 2023,3:30p,Denver Nuggets,128,Oklahoma City Thunder,95,Box Score,,18203,
Sun Oct 29 2023,7:00p,Golden State Warriors,106,Houston Rockets,95,Box Score,,18055,
Sun Oct 29 2023,7:00p,Atlanta Hawks,127,Milwaukee Bucks,110,Box Score,,17341,
Sun Oct 29 2023,7:30p,Portland Trail Blazers,98,Philadelphia 76ers,126,Box Score,,19768,
Sun Oct 29 2023,9:00p,San Antonio Spurs,83,Los Angeles Clippers,123,Box Score,,19370,
Sun Oct 29 2023,9:00p,Los Angeles Lakers,127,Sacramento Kings,132,Box Score,OT,18198,
Mon Oct 30 2023,7:00p,Chicago Bulls,112,Indiana Pacers,105,Box Score,,15021,
Mon Oct 30 2023,7:00p,Boston Celtics,126,Washington Wizards,107,Box Score,,17898,
Mon Oct 30 2023,7:00p,Brooklyn Nets,133,Charlotte Hornets,121,Box Score,,14491,
Mon Oct 30 2023,7:30p,Portland Trail Blazers,99,Toronto Raptors,91,Box Score,,19266,
Mon Oct 30 2023,7:30p,Minnesota Timberwolves,113,Atlanta Hawks,127,Box Score,,15504,
Mon Oct 30 2023,8:00p,Dallas Mavericks,125,Memphis Grizzlies,110,Box Score,,15031,
Mon Oct 30 2023,8:00p,Miami Heat,114,Milwaukee Bucks,122,Box Score,,17341,
Mon Oct 30 2023,8:00p,Golden State Warriors,130,New Orleans Pelicans,102,Box Score,,17286,
Mon Oct 30 2023,8:00p,Detroit Pistons,112,Oklahoma City Thunder,124,Box Score,,16127,
Mon Oct 30 2023,9:00p,Utah Jazz,102,Denver Nuggets,110,Box Score,,19671,
Mon Oct 30 2023,10:30p,Orlando Magic,103,Los Angeles Lakers,106,Box Score,,18997,
Tue Oct 31 2023,7:30p,New York Knicks,109,Cleveland Cavaliers,91,Box Score,,19432,
Tue Oct 31 2023,10:00p,San Antonio Spurs,115,Phoenix Suns,114,Box Score,,17071,
Tue Oct 31 2023,10:30p,Orlando Magic,102,Los Angeles Clippers,118,Box Score,,14014,
Wed Nov 1 2023,7:00p,Portland Trail Blazers,110,Detroit Pistons,101,Box Score,,16912,
Wed Nov 1 2023,7:00p,Milwaukee Bucks,111,Toronto Raptors,130,Box Score,,19800,
Wed Nov 1 2023,7:30p,Washington Wizards,121,Atlanta Hawks,130,Box Score,,15925,
Wed Nov 1 2023,7:30p,Indiana Pacers,104,Boston Celtics,155,Box Score,,19156,
Wed Nov 1 2023,7:30p,Brooklyn Nets,109,Miami Heat,105,Box Score,,19600,
Wed Nov 1 2023,7:30p,Cleveland Cavaliers,95,New York Knicks,89,Box Score,,19812,
Wed Nov 1 2023,7:30p,New Orleans Pelicans,110,Oklahoma City Thunder,106,Box Score,,15764,
Wed Nov 1 2023,8:00p,Charlotte Hornets,119,Houston Rockets,128,Box Score,,16263,
Wed Nov 1 2023,8:00p,Denver Nuggets,89,Minnesota Timberwolves,110,Box Score,,18024,
Wed Nov 1 2023,8:30p,Chicago Bulls,105,Dallas Mavericks,114,Box Score,,20103,
Wed Nov 1 2023,9:00p,Memphis Grizzlies,109,Utah Jazz,133,Box Score,,18206,
Wed Nov 1 2023,10:00p,Sacramento Kings,101,Golden State Warriors,102,Box Score,,18064,
Wed Nov 1 2023,10:00p,Los Angeles Clippers,125,Los Angeles Lakers,130,Box Score,OT,18997,
Thu Nov 2 2023,7:00p,Toronto Raptors,99,Philadelphia 76ers,114,Box Score,,19773,
Thu Nov 2 2023,8:00p,Detroit Pistons,116,New Orleans Pelicans,125,Box Score,,15884,
Thu Nov 2 2023,9:00p,Orlando Magic,115,Utah Jazz,113,Box Score,,18206,
Thu Nov 2 2023,10:00p,San Antonio Spurs,132,Phoenix Suns,121,Box Score,,17071,
Fri Nov 3 2023,7:00p,Cleveland Cavaliers,116,Indiana Pacers,121,Box Score,,16744,In-Season Tournament
Fri Nov 3 2023,7:30p,New York Knicks,105,Milwaukee Bucks,110,Box Score,,17717,In-Season Tournament
Fri Nov 3 2023,8:00p,Brooklyn Nets,109,Chicago Bulls,107,Box Score,,20645,In-Season Tournament
Fri Nov 3 2023,8:00p,Washington Wizards,114,Miami Heat,121,Box Score,,19660,In-Season Tournament
Fri Nov 3 2023,8:00p,Golden State Warriors,141,Oklahoma City Thunder,139,Box Score,,16827,In-Season Tournament
Fri Nov 3 2023,10:00p,Dallas Mavericks,114,Denver Nuggets,125,Box Score,,19729,In-Season Tournament
Fri Nov 3 2023,10:00p,Memphis Grizzlies,113,Portland Trail Blazers,115,Box Score,OT,18592,In-Season Tournament
Sat Nov 4 2023,1:00p,Phoenix Suns,100,Philadelphia 76ers,112,Box Score,,19796,
Sat Nov 4 2023,7:00p,Charlotte Hornets,125,Indiana Pacers,124,Box Score,,15945,
Sat Nov 4 2023,7:00p,Atlanta Hawks,123,New Orleans Pelicans,105,Box Score,,17237,
Sat Nov 4 2023,7:00p,Los Angeles Lakers,101,Orlando Magic,120,Box Score,,18846,
Sat Nov 4 2023,8:00p,Boston Celtics,124,Brooklyn Nets,114,Box Score,,17983,
Sat Nov 4 2023,8:00p,Sacramento Kings,89,Houston Rockets,107,Box Score,,18055,
Sat Nov 4 2023,8:00p,Utah Jazz,95,Minnesota Timberwolves,123,Box Score,,18024,
Sat Nov 4 2023,9:00p,Chicago Bulls,101,Denver Nuggets,123,Box Score,,19610,
Sun Nov 5 2023,3:00p,Phoenix Suns,120,Detroit Pistons,106,Box Score,,20062,
Sun Nov 5 2023,3:30p,Toronto Raptors,123,San Antonio Spurs,116,Box Score,OT,18354,
Sun Nov 5 2023,6:00p,Golden State Warriors,104,Cleveland Cavaliers,115,Box Score,,19432,
Sun Nov 5 2023,7:30p,Charlotte Hornets,118,Dallas Mavericks,124,Box Score,,20052,
Sun Nov 5 2023,9:00p,Memphis Grizzlies,112,Portland Trail Blazers,100,Box Score,,18187,
Mon Nov 6 2023,7:00p,Golden State Warriors,120,Detroit Pistons,109,Box Score,,20062,
Mon Nov 6 2023,7:00p,San Antonio Spurs,111,Indiana Pacers,152,Box Score,,15129,
Mon Nov 6 2023,7:00p,Dallas Mavericks,117,Orlando Magic,102,Box Score,,19409,
Mon Nov 6 2023,7:00p,Washington Wizards,128,Philadelphia 76ers,146,Box Score,,19765,
Mon Nov 6 2023,7:30p,Milwaukee Bucks,129,Brooklyn Nets,125,Box Score,,17935,
Mon Nov 6 2023,7:30p,Los Angeles Lakers,107,Miami Heat,108,Box Score,,19725,
Mon Nov 6 2023,7:30p,Los Angeles Clippers,97,New York Knicks,111,Box Score,,19812,
Mon Nov 6 2023,8:00p,Utah Jazz,113,Chicago Bulls,130,Box Score,,18031,
Mon Nov 6 2023,8:00p,Sacramento Kings,97,Houston Rockets,122,Box Score,,15130,
Mon Nov 6 2023,8:00p,Boston Celtics,109,Minnesota Timberwolves,114,Box Score,OT,18024,
Mon Nov 6 2023,8:00p,Atlanta Hawks,117,Oklahoma City Thunder,126,Box Score,,16486,
Mon Nov 6 2023,9:00p,New Orleans Pelicans,116,Denver Nuggets,134,Box Score,,19544,
Wed Nov 8 2023,7:00p,Washington Wizards,132,Charlotte Hornets,116,Box Score,,14267,
Wed Nov 8 2023,7:00p,Utah Jazz,118,Indiana Pacers,134,Box Score,,14509,
Wed Nov 8 2023,7:00p,Boston Celtics,103,Philadelphia 76ers,106,Box Score,,19953,
Wed Nov 8 2023,7:30p,Los Angeles Clippers,93,Brooklyn Nets,100,Box Score,,17933,
Wed Nov 8 2023,7:30p,San Antonio Spurs,105,New York Knicks,126,Box Score,,19812,
Wed Nov 8 2023,8:00p,Phoenix Suns,116,Chicago Bulls,115,Box Score,OT,18220,
Wed Nov 8 2023,8:00p,Los Angeles Lakers,94,Houston Rockets,128,Box Score,,18055,
Wed Nov 8 2023,8:00p,Miami Heat,108,Memphis Grizzlies,102,Box Score,,16781,
Wed Nov 8 2023,8:00p,Detroit Pistons,118,Milwaukee Bucks,120,Box Score,,17341,
Wed Nov 8 2023,8:00p,New Orleans Pelicans,101,Minnesota Timberwolves,122,Box Score,,18024,
Wed Nov 8 2023,8:00p,Cleveland Cavaliers,120,Oklahoma City Thunder,128,Box Score,,16314,
Wed Nov 8 2023,8:30p,Toronto Raptors,127,Dallas Mavericks,116,Box Score,,20063,
Wed Nov 8 2023,10:00p,Golden State Warriors,105,Denver Nuggets,108,Box Score,,19737,
Wed Nov 8 2023,10:00p,Portland Trail Blazers,118,Sacramento Kings,121,Box Score,OT,17829,
Thu Nov 9 2023,7:00p,Milwaukee Bucks,124,Indiana Pacers,126,Box Score,,14648,
Thu Nov 9 2023,9:30p,Atlanta Hawks,120,Orlando Magic,119,Box Score,,19986,at Mexico City; Mexico
Fri Nov 10 2023,7:00p,Philadelphia 76ers,114,Detroit Pistons,106,Box Score,,18902,In-Season Tournament
Fri Nov 10 2023,7:00p,Charlotte Hornets,124,Washington Wizards,117,Box Score,,17602,In-Season Tournament
Fri Nov 10 2023,7:30p,Brooklyn Nets,107,Boston Celtics,121,Box Score,,19156,In-Season Tournament
Fri Nov 10 2023,8:00p,New Orleans Pelicans,101,Houston Rockets,104,Box Score,,16236,In-Season Tournament
Fri Nov 10 2023,8:00p,Utah Jazz,127,Memphis Grizzlies,121,Box Score,,16977,In-Season Tournament
Fri Nov 10 2023,8:00p,Minnesota Timberwolves,117,San Antonio Spurs,110,Box Score,,18354,In-Season Tournament
Fri Nov 10 2023,8:30p,Los Angeles Clippers,126,Dallas Mavericks,144,Box Score,,20377,In-Season Tournament
Fri Nov 10 2023,10:00p,Los Angeles Lakers,122,Phoenix Suns,119,Box Score,,17071,In-Season Tournament
Fri Nov 10 2023,10:00p,Oklahoma City Thunder,98,Sacramento Kings,105,Box Score,,18097,In-Season Tournament
Sat Nov 11 2023,6:00p,Milwaukee Bucks,97,Orlando Magic,112,Box Score,,19354,
Sat Nov 11 2023,7:00p,Toronto Raptors,94,Boston Celtics,117,Box Score,,19156,
Sat Nov 11 2023,7:30p,Miami Heat,117,Atlanta Hawks,109,Box Score,,17722,
Sat Nov 11 2023,8:30p,Cleveland Cavaliers,118,Golden State Warriors,110,Box Score,,18064,
Sun Nov 12 2023,12:00p,Charlotte Hornets,107,New York Knicks,129,Box Score,,19812,
Sun Nov 12 2023,3:00p,Washington Wizards,94,Brooklyn Nets,102,Box Score,,17732,
Sun Nov 12 2023,3:30p,Memphis Grizzlies,105,Los Angeles Clippers,101,Box Score,,17220,
Sun Nov 12 2023,6:00p,Indiana Pacers,126,Philadelphia 76ers,137,Box Score,,19758,
Sun Nov 12 2023,7:00p,Detroit Pistons,108,Chicago Bulls,119,Box Score,,19088,
Sun Nov 12 2023,7:00p,Denver Nuggets,104,Houston Rockets,107,Box Score,,18055,
Sun Nov 12 2023,7:00p,Dallas Mavericks,136,New Orleans Pelicans,124,Box Score,,16302,
Sun Nov 12 2023,7:00p,Miami Heat,118,San Antonio Spurs,113,Box Score,,18036,
Sun Nov 12 2023,8:00p,Oklahoma City Thunder,111,Phoenix Suns,99,Box Score,,17071,
Sun Nov 12 2023,8:30p,Minnesota Timberwolves,116,Golden State Warriors,110,Box Score,,18064,
Sun Nov 12 2023,10:00p,Portland Trail Blazers,110,Los Angeles Lakers,116,Box Score,,18997,
Mon Nov 13 2023,7:30p,New York Knicks,98,Boston Celtics,114,Box Score,,19156,
Mon Nov 13 2023,7:30p,Washington Wizards,107,Toronto Raptors,111,Box Score,,19800,
Mon Nov 13 2023,8:00p,Chicago Bulls,109,Milwaukee Bucks,118,Box Score,,17865,
Mon Nov 13 2023,10:00p,Cleveland Cavaliers,120,Sacramento Kings,132,Box Score,,17829,
Tue Nov 14 2023,7:00p,Miami Heat,111,Charlotte Hornets,105,Box Score,,15673,In-Season Tournament
Tue Nov 14 2023,7:00p,Atlanta Hawks,126,Detroit Pistons,120,Box Score,,16963,In-Season Tournament
Tue Nov 14 2023,7:00p,Indiana Pacers,132,Philadelphia 76ers,126,Box Score,,19774,In-Season Tournament
Tue Nov 14 2023,7:30p,Orlando Magic,104,Brooklyn Nets,124,Box Score,,17361,In-Season Tournament
Tue Nov 14 2023,7:30p,San Antonio Spurs,87,Oklahoma City Thunder,123,Box Score,,18203,In-Season Tournament
Tue Nov 14 2023,8:00p,Dallas Mavericks,110,New Orleans Pelicans,131,Box Score,,16354,In-Season Tournament
Tue Nov 14 2023,9:00p,Portland Trail Blazers,99,Utah Jazz,115,Box Score,,18206,In-Season Tournament
Tue Nov 14 2023,10:00p,Los Angeles Clippers,108,Denver Nuggets,111,Box Score,,19661,In-Season Tournament
Tue Nov 14 2023,10:00p,Minnesota Timberwolves,104,Golden State Warriors,101,Box Score,,18064,In-Season Tournament
Tue Nov 14 2023,10:30p,Memphis Grizzlies,107,Los Angeles Lakers,134,Box Score,,18430,In-Season Tournament
Wed Nov 15 2023,7:00p,Dallas Mavericks,130,Washington Wizards,117,Box Score,,16632,
Wed Nov 15 2023,7:30p,New York Knicks,116,Atlanta Hawks,114,Box Score,,17060,
Wed Nov 15 2023,7:30p,Boston Celtics,117,Philadelphia 76ers,107,Box Score,,19773,
Wed Nov 15 2023,7:30p,Milwaukee Bucks,128,Toronto Raptors,112,Box Score,,19800,
Wed Nov 15 2023,8:00p,Orlando Magic,96,Chicago Bulls,94,Box Score,,19092,
Wed Nov 15 2023,9:00p,Minnesota Timberwolves,115,Phoenix Suns,133,Box Score,,17071,
Wed Nov 15 2023,10:00p,Sacramento Kings,125,Los Angeles Lakers,110,Box Score,,18687,
Wed Nov 15 2023,10:00p,Cleveland Cavaliers,109,Portland Trail Blazers,95,Box Score,,18137,
Thu Nov 16 2023,7:30p,Brooklyn Nets,115,Miami Heat,122,Box Score,,19866,
Thu Nov 16 2023,10:00p,Oklahoma City Thunder,128,Golden State Warriors,109,Box Score,,18064,
Fri Nov 17 2023,7:00p,Milwaukee Bucks,130,Charlotte Hornets,99,Box Score,,19258,In-Season Tournament
Fri Nov 17 2023,7:00p,New York Knicks,120,Washington Wizards,99,Box Score,,16886,In-Season Tournament
Fri Nov 17 2023,7:30p,Philadelphia 76ers,126,Atlanta Hawks,116,Box Score,,17067,In-Season Tournament
Fri Nov 17 2023,7:30p,Detroit Pistons,100,Cleveland Cavaliers,108,Box Score,,19432,In-Season Tournament
Fri Nov 17 2023,7:30p,Sacramento Kings,129,San Antonio Spurs,120,Box Score,,18354,In-Season Tournament
Fri Nov 17 2023,7:30p,Boston Celtics,108,Toronto Raptors,105,Box Score,,19800,In-Season Tournament
Fri Nov 17 2023,8:00p,Orlando Magic,103,Chicago Bulls,97,Box Score,,20235,In-Season Tournament
Fri Nov 17 2023,8:00p,Denver Nuggets,110,New Orleans Pelicans,115,Box Score,,15278,In-Season Tournament
Fri Nov 17 2023,10:00p,Los Angeles Lakers,107,Portland Trail Blazers,95,Box Score,,18570,In-Season Tournament
Fri Nov 17 2023,10:00p,Phoenix Suns,131,Utah Jazz,128,Box Score,,18206,In-Season Tournament
Fri Nov 17 2023,10:30p,Houston Rockets,100,Los Angeles Clippers,106,Box Score,,19370,In-Season Tournament
Sat Nov 18 2023,6:00p,New York Knicks,122,Charlotte Hornets,108,Box Score,,19171,
Sat Nov 18 2023,7:00p,Minnesota Timberwolves,121,New Orleans Pelicans,120,Box Score,,15536,
Sat Nov 18 2023,8:00p,Miami Heat,97,Chicago Bulls,102,Box Score,,18063,
Sat Nov 18 2023,8:00p,Dallas Mavericks,125,Milwaukee Bucks,132,Box Score,,18128,
Sat Nov 18 2023,8:00p,Memphis Grizzlies,120,San Antonio Spurs,108,Box Score,,18354,
Sat Nov 18 2023,8:30p,Oklahoma City Thunder,130,Golden State Warriors,123,Box Score,OT,18064,
Sun Nov 19 2023,3:00p,Philadelphia 76ers,121,Brooklyn Nets,99,Box Score,,17934,
Sun Nov 19 2023,4:00p,Detroit Pistons,113,Toronto Raptors,142,Box Score,,19182,
Sun Nov 19 2023,5:00p,Orlando Magic,128,Indiana Pacers,116,Box Score,,17276,
Sun Nov 19 2023,6:00p,Denver Nuggets,109,Cleveland Cavaliers,121,Box Score,,19432,
Sun Nov 19 2023,7:30p,Sacramento Kings,129,Dallas Mavericks,113,Box Score,,20211,
Sun Nov 19 2023,8:00p,Boston Celtics,102,Memphis Grizzlies,100,Box Score,,17798,
Sun Nov 19 2023,8:00p,Phoenix Suns,140,Utah Jazz,137,Box Score,2OT,18206,
Sun Nov 19 2023,9:00p,Oklahoma City Thunder,134,Portland Trail Blazers,91,Box Score,,18235,
Sun Nov 19 2023,9:30p,Houston Rockets,104,Los Angeles Lakers,105,Box Score,,18997,
Mon Nov 20 2023,7:00p,Boston Celtics,118,Charlotte Hornets,121,Box Score,OT,19134,
Mon Nov 20 2023,7:00p,Denver Nuggets,107,Detroit Pistons,103,Box Score,,19403,
Mon Nov 20 2023,7:00p,Milwaukee Bucks,142,Washington Wizards,129,Box Score,,17746,
Mon Nov 20 2023,8:00p,Miami Heat,118,Chicago Bulls,100,Box Score,,19258,
Mon Nov 20 2023,8:00p,New York Knicks,100,Minnesota Timberwolves,117,Box Score,,18024,
Mon Nov 20 2023,8:00p,Sacramento Kings,93,New Orleans Pelicans,129,Box Score,,16004,
Mon Nov 20 2023,8:00p,Los Angeles Clippers,124,San Antonio Spurs,99,Box Score,,18354,
Mon Nov 20 2023,10:00p,Houston Rockets,116,Golden State Warriors,121,Box Score,,18064,
Tue Nov 21 2023,7:00p,Toronto Raptors,107,Orlando Magic,126,Box Score,,18846,In-Season Tournament
Tue Nov 21 2023,7:30p,Indiana Pacers,157,Atlanta Hawks,152,Box Score,,17162,In-Season Tournament
Tue Nov 21 2023,7:30p,Cleveland Cavaliers,122,Philadelphia 76ers,119,Box Score,OT,20565,In-Season Tournament
Tue Nov 21 2023,9:00p,Portland Trail Blazers,107,Phoenix Suns,120,Box Score,,17071,In-Season Tournament
Tue Nov 21 2023,10:00p,Utah Jazz,99,Los Angeles Lakers,131,Box Score,,18997,In-Season Tournament
Wed Nov 22 2023,7:00p,Washington Wizards,114,Charlotte Hornets,117,Box Score,,16432,
Wed Nov 22 2023,7:00p,Denver Nuggets,119,Orlando Magic,124,Box Score,,18237,
Wed Nov 22 2023,7:30p,Brooklyn Nets,145,Atlanta Hawks,147,Box Score,OT,17340,
Wed Nov 22 2023,7:30p,Milwaukee Bucks,116,Boston Celtics,119,Box Score,,19156,
Wed Nov 22 2023,7:30p,Miami Heat,129,Cleveland Cavaliers,96,Box Score,,19432,
Wed Nov 22 2023,7:30p,Toronto Raptors,132,Indiana Pacers,131,Box Score,,17091,
Wed Nov 22 2023,8:00p,Memphis Grizzlies,91,Houston Rockets,111,Box Score,,18055,
Wed Nov 22 2023,8:00p,Philadelphia 76ers,99,Minnesota Timberwolves,112,Box Score,,18024,
Wed Nov 22 2023,8:00p,Sacramento Kings,112,New Orleans Pelicans,117,Box Score,,16012,
Wed Nov 22 2023,8:00p,Chicago Bulls,102,Oklahoma City Thunder,116,Box Score,,18203,
Wed Nov 22 2023,8:00p,Los Angeles Clippers,109,San Antonio Spurs,102,Box Score,,18354,
Wed Nov 22 2023,10:00p,Golden State Warriors,115,Phoenix Suns,123,Box Score,,17071,
Wed Nov 22 2023,10:00p,Utah Jazz,105,Portland Trail Blazers,121,Box Score,,17819,
Wed Nov 22 2023,10:30p,Dallas Mavericks,104,Los Angeles Lakers,101,Box Score,,18997,
Fri Nov 24 2023,2:30p,Boston Celtics,96,Orlando Magic,113,Box Score,,18846,In-Season Tournament
Fri Nov 24 2023,5:00p,Phoenix Suns,110,Memphis Grizzlies,89,Box Score,,17794,In-Season Tournament
Fri Nov 24 2023,7:30p,Miami Heat,98,New York Knicks,100,Box Score,,19812,In-Season Tournament
Fri Nov 24 2023,7:30p,Chicago Bulls,108,Toronto Raptors,121,Box Score,,19800,In-Season Tournament
Fri Nov 24 2023,8:00p,Denver Nuggets,86,Houston Rockets,105,Box Score,,18055,In-Season Tournament
Fri Nov 24 2023,8:00p,Detroit Pistons,113,Indiana Pacers,136,Box Score,,17274,In-Season Tournament
Fri Nov 24 2023,8:00p,Washington Wizards,128,Milwaukee Bucks,131,Box Score,,17880,In-Season Tournament
Fri Nov 24 2023,8:00p,Sacramento Kings,124,Minnesota Timberwolves,111,Box Score,,18024,In-Season Tournament
Fri Nov 24 2023,10:00p,San Antonio Spurs,112,Golden State Warriors,118,Box Score,,18064,In-Season Tournament
Fri Nov 24 2023,10:30p,New Orleans Pelicans,116,Los Angeles Clippers,106,Box Score,,19370,In-Season Tournament
Sat Nov 25 2023,5:00p,Philadelphia 76ers,127,Oklahoma City Thunder,123,Box Score,,17125,
Sat Nov 25 2023,6:00p,Miami Heat,97,Brooklyn Nets,112,Box Score,,17817,
Sat Nov 25 2023,7:00p,Atlanta Hawks,136,Washington Wizards,108,Box Score,,16276,
Sat Nov 25 2023,7:30p,Los Angeles Lakers,121,Cleveland Cavaliers,115,Box Score,,19432,
Sat Nov 25 2023,9:30p,New Orleans Pelicans,100,Utah Jazz,105,Box Score,,18206,
Sat Nov 25 2023,10:30p,Dallas Mavericks,88,Los Angeles Clippers,107,Box Score,,19370,
Sun Nov 26 2023,3:30p,Portland Trail Blazers,102,Milwaukee Bucks,108,Box Score,,17602,
Sun Nov 26 2023,6:00p,Atlanta Hawks,103,Boston Celtics,113,Box Score,,19156,
Sun Nov 26 2023,6:00p,Minnesota Timberwolves,119,Memphis Grizzlies,97,Box Score,,15764,
Sun Nov 26 2023,6:00p,Phoenix Suns,116,New York Knicks,113,Box Score,,19812,
Sun Nov 26 2023,6:00p,Charlotte Hornets,117,Orlando Magic,130,Box Score,,18846,
Sun Nov 26 2023,7:30p,Chicago Bulls,109,Brooklyn Nets,118,Box Score,,16687,
Sun Nov 26 2023,7:30p,Toronto Raptors,102,Cleveland Cavaliers,105,Box Score,,19432,
Sun Nov 26 2023,8:00p,San Antonio Spurs,120,Denver Nuggets,132,Box Score,,19665,
Mon Nov 27 2023,7:00p,Washington Wizards,126,Detroit Pistons,107,Box Score,,14346,
Mon Nov 27 2023,7:00p,Portland Trail Blazers,114,Indiana Pacers,110,Box Score,,14508,
Mon Nov 27 2023,7:00p,Los Angeles Lakers,94,Philadelphia 76ers,138,Box Score,,19907,
Mon Nov 27 2023,9:00p,New Orleans Pelicans,112,Utah Jazz,114,Box Score,,18206,
Mon Nov 27 2023,10:30p,Denver Nuggets,113,Los Angeles Clippers,104,Box Score,,17071,
Tue Nov 28 2023,7:30p,Chicago Bulls,97,Boston Celtics,124,Box Score,,19156,In-Season Tournament
Tue Nov 28 2023,7:30p,Toronto Raptors,103,Brooklyn Nets,115,Box Score,,15844,In-Season Tournament
Tue Nov 28 2023,7:30p,Atlanta Hawks,105,Cleveland Cavaliers,128,Box Score,,19432,In-Season Tournament
Tue Nov 28 2023,7:30p,Milwaukee Bucks,131,Miami Heat,124,Box Score,,19691,In-Season Tournament
Tue Nov 28 2023,7:30p,Charlotte Hornets,91,New York Knicks,115,Box Score,,19111,In-Season Tournament
Tue Nov 28 2023,8:00p,Oklahoma City Thunder,103,Minnesota Timberwolves,106,Box Score,,18024,In-Season Tournament
Tue Nov 28 2023,8:30p,Houston Rockets,115,Dallas Mavericks,121,Box Score,,20103,In-Season Tournament
Tue Nov 28 2023,10:00p,Golden State Warriors,123,Sacramento Kings,124,Box Score,,18039,In-Season Tournament
Wed Nov 29 2023,7:00p,Los Angeles Lakers,133,Detroit Pistons,107,Box Score,,20062,
Wed Nov 29 2023,7:00p,Washington Wizards,120,Orlando Magic,139,Box Score,,17109,
Wed Nov 29 2023,7:30p,Phoenix Suns,105,Toronto Raptors,112,Box Score,,19800,
Wed Nov 29 2023,8:00p,Utah Jazz,91,Memphis Grizzlies,105,Box Score,,15327,
Wed Nov 29 2023,8:00p,Philadelphia 76ers,114,New Orleans Pelicans,124,Box Score,,16009,
Wed Nov 29 2023,9:00p,Houston Rockets,124,Denver Nuggets,134,Box Score,,19590,
Wed Nov 29 2023,10:00p,Los Angeles Clippers,131,Sacramento Kings,117,Box Score,,17829,
Thu Nov 30 2023,7:00p,Portland Trail Blazers,103,Cleveland Cavaliers,95,Box Score,,19432,
Thu Nov 30 2023,7:30p,Charlotte Hornets,129,Brooklyn Nets,128,Box Score,,16072,
Thu Nov 30 2023,7:30p,Indiana Pacers,132,Miami Heat,142,Box Score,,19604,
Thu Nov 30 2023,7:30p,Detroit Pistons,112,New York Knicks,118,Box Score,,19812,
Thu Nov 30 2023,8:00p,Milwaukee Bucks,113,Chicago Bulls,120,Box Score,OT,19838,
Thu Nov 30 2023,8:00p,Utah Jazz,90,Minnesota Timberwolves,101,Box Score,,18024,
Thu Nov 30 2023,8:00p,Los Angeles Lakers,110,Oklahoma City Thunder,133,Box Score,,17401,
Thu Nov 30 2023,8:00p,Atlanta Hawks,137,San Antonio Spurs,135,Box Score,,17646,
Thu Nov 30 2023,10:00p,Los Angeles Clippers,114,Golden State Warriors,120,Box Score,,18064,
Fri Dec 1 2023,7:00p,Washington Wizards,125,Orlando Magic,130,Box Score,,18846,
Fri Dec 1 2023,7:30p,Philadelphia 76ers,119,Boston Celtics,125,Box Score,,19156,
Fri Dec 1 2023,7:30p,Memphis Grizzlies,108,Dallas Mavericks,94,Box Score,,20150,
Fri Dec 1 2023,7:30p,New York Knicks,119,Toronto Raptors,106,Box Score,,19800,
Fri Dec 1 2023,8:00p,San Antonio Spurs,106,New Orleans Pelicans,121,Box Score,,17028,
Fri Dec 1 2023,10:00p,Denver Nuggets,119,Phoenix Suns,111,Box Score,,17071,
Sat Dec 2 2023,4:00p,Golden State Warriors,112,Los Angeles Clippers,113,Box Score,,19370,
Sat Dec 2 2023,5:00p,Minnesota Timberwolves,123,Charlotte Hornets,117,Box Score,,17731,
Sat Dec 2 2023,7:00p,Orlando Magic,101,Brooklyn Nets,129,Box Score,,17966,
Sat Dec 2 2023,7:00p,Cleveland Cavaliers,110,Detroit Pistons,101,Box Score,,18924,
Sat Dec 2 2023,8:00p,New Orleans Pelicans,118,Chicago Bulls,124,Box Score,,20511,
Sat Dec 2 2023,8:00p,Indiana Pacers,144,Miami Heat,129,Box Score,,19650,
Sat Dec 2 2023,8:00p,Atlanta Hawks,121,Milwaukee Bucks,132,Box Score,,17866,
Sat Dec 2 2023,9:00p,Oklahoma City Thunder,126,Dallas Mavericks,120,Box Score,,20277,
Sat Dec 2 2023,9:00p,Memphis Grizzlies,109,Phoenix Suns,116,Box Score,,17071,
Sat Dec 2 2023,9:30p,Portland Trail Blazers,113,Utah Jazz,118,Box Score,OT,18206,
Sat Dec 2 2023,10:00p,Denver Nuggets,117,Sacramento Kings,123,Box Score,,17829,
Sat Dec 2 2023,10:30p,Houston Rockets,97,Los Angeles Lakers,107,Box Score,,18997,
Mon Dec 4 2023,7:30p,Boston Celtics,112,Indiana Pacers,122,Box Score,,16693,In-Season Tournament
Mon Dec 4 2023,10:00p,New Orleans Pelicans,127,Sacramento Kings,117,Box Score,,18048,In-Season Tournament
Tue Dec 5 2023,7:30p,New York Knicks,122,Milwaukee Bucks,146,Box Score,,17448,In-Season Tournament
Tue Dec 5 2023,10:00p,Phoenix Suns,103,Los Angeles Lakers,106,Box Score,,18664,In-Season Tournament
Wed Dec 6 2023,7:00p,Orlando Magic,111,Cleveland Cavaliers,121,Box Score,,19432,
Wed Dec 6 2023,7:00p,Memphis Grizzlies,116,Detroit Pistons,102,Box Score,,12862,
Wed Dec 6 2023,7:00p,Philadelphia 76ers,131,Washington Wizards,126,Box Score,,15568,
Wed Dec 6 2023,7:30p,Brooklyn Nets,114,Atlanta Hawks,113,Box Score,,15906,
Wed Dec 6 2023,7:30p,San Antonio Spurs,94,Minnesota Timberwolves,102,Box Score,,18024,
Wed Dec 6 2023,7:30p,Miami Heat,112,Toronto Raptors,103,Box Score,,19084,
Wed Dec 6 2023,8:00p,Charlotte Hornets,100,Chicago Bulls,111,Box Score,,17689,
Wed Dec 6 2023,8:00p,Oklahoma City Thunder,101,Houston Rockets,110,Box Score,,16291,
Wed Dec 6 2023,8:30p,Utah Jazz,97,Dallas Mavericks,147,Box Score,,19877,
Wed Dec 6 2023,10:00p,Portland Trail Blazers,106,Golden State Warriors,110,Box Score,,18064,
Wed Dec 6 2023,10:00p,Denver Nuggets,102,Los Angeles Clippers,111,Box Score,,16365,
Thu Dec 7 2023,5:00p,Indiana Pacers,128,Milwaukee Bucks,119,Box Score,,16837,In-Season Tournament
Thu Dec 7 2023,9:00p,New Orleans Pelicans,89,Los Angeles Lakers,133,Box Score,,18017,In-Season Tournament
Fri Dec 8 2023,7:00p,Toronto Raptors,116,Charlotte Hornets,119,Box Score,,11526,
Fri Dec 8 2023,7:00p,Detroit Pistons,91,Orlando Magic,123,Box Score,,18655,
Fri Dec 8 2023,7:00p,Atlanta Hawks,114,Philadelphia 76ers,125,Box Score,,19746,
Fri Dec 8 2023,7:30p,New York Knicks,123,Boston Celtics,133,Box Score,,19156,
Fri Dec 8 2023,7:30p,Washington Wizards,97,Brooklyn Nets,124,Box Score,,16587,
Fri Dec 8 2023,8:00p,Minnesota Timberwolves,127,Memphis Grizzlies,103,Box Score,,15577,
Fri Dec 8 2023,8:00p,Cleveland Cavaliers,111,Miami Heat,99,Box Score,,19600,
Fri Dec 8 2023,8:00p,Golden State Warriors,136,Oklahoma City Thunder,138,Box Score,OT,17112,
Fri Dec 8 2023,8:30p,Chicago Bulls,121,San Antonio Spurs,112,Box Score,,18074,
Fri Dec 8 2023,9:00p,Houston Rockets,114,Denver Nuggets,106,Box Score,,19544,
Fri Dec 8 2023,9:00p,Sacramento Kings,114,Phoenix Suns,106,Box Score,,17071,
Fri Dec 8 2023,10:00p,Dallas Mavericks,125,Portland Trail Blazers,112,Box Score,,18762,
Fri Dec 8 2023,10:00p,Los Angeles Clippers,117,Utah Jazz,103,Box Score,,18206,
Mon Dec 11 2023,7:00p,Miami Heat,116,Charlotte Hornets,114,Box Score,,15543,
Mon Dec 11 2023,7:00p,Indiana Pacers,131,Detroit Pistons,123,Box Score,,14988,
Mon Dec 11 2023,7:00p,Cleveland Cavaliers,94,Orlando Magic,104,Box Score,,19032,
Mon Dec 11 2023,7:00p,Washington Wizards,101,Philadelphia 76ers,146,Box Score,,19762,
Mon Dec 11 2023,7:30p,Denver Nuggets,129,Atlanta Hawks,122,Box Score,,17531,
Mon Dec 11 2023,7:30p,Toronto Raptors,130,New York Knicks,136,Box Score,,19812,
Mon Dec 11 2023,8:00p,San Antonio Spurs,82,Houston Rockets,93,Box Score,,16481,
Mon Dec 11 2023,8:00p,Dallas Mavericks,120,Memphis Grizzlies,113,Box Score,,16379,
Mon Dec 11 2023,8:00p,Chicago Bulls,129,Milwaukee Bucks,133,Box Score,OT,17440,
Mon Dec 11 2023,8:00p,Minnesota Timberwolves,107,New Orleans Pelicans,121,Box Score,,16487,
Mon Dec 11 2023,8:00p,Utah Jazz,120,Oklahoma City Thunder,134,Box Score,,16631,
Mon Dec 11 2023,10:00p,Brooklyn Nets,118,Sacramento Kings,131,Box Score,,17794,
Mon Dec 11 2023,10:30p,Portland Trail Blazers,127,Los Angeles Clippers,132,Box Score,,17102,
Tue Dec 12 2023,7:30p,Cleveland Cavaliers,113,Boston Celtics,120,Box Score,,19156,
Tue Dec 12 2023,7:30p,Los Angeles Lakers,125,Dallas Mavericks,127,Box Score,,20377,
Tue Dec 12 2023,8:00p,Denver Nuggets,114,Chicago Bulls,106,Box Score,,20775,
Tue Dec 12 2023,10:00p,Golden State Warriors,116,Phoenix Suns,119,Box Score,,17071,
Tue Dec 12 2023,10:30p,Sacramento Kings,99,Los Angeles Clippers,119,Box Score,,17060,
Wed Dec 13 2023,7:00p,Philadelphia 76ers,129,Detroit Pistons,111,Box Score,,16749,
Wed Dec 13 2023,7:00p,New Orleans Pelicans,142,Washington Wizards,122,Box Score,,14080,
Wed Dec 13 2023,7:30p,Charlotte Hornets,104,Miami Heat,115,Box Score,,19600,
Wed Dec 13 2023,7:30p,Atlanta Hawks,128,Toronto Raptors,135,Box Score,,19423,
Wed Dec 13 2023,8:00p,Memphis Grizzlies,104,Houston Rockets,117,Box Score,,16813,
Wed Dec 13 2023,8:00p,Indiana Pacers,126,Milwaukee Bucks,140,Box Score,,17431,
Wed Dec 13 2023,8:00p,Los Angeles Lakers,122,San Antonio Spurs,119,Box Score,,18354,
Wed Dec 13 2023,9:00p,Brooklyn Nets,116,Phoenix Suns,112,Box Score,,17071,
Wed Dec 13 2023,9:00p,New York Knicks,113,Utah Jazz,117,Box Score,,18206,
Thu Dec 14 2023,7:30p,Cleveland Cavaliers,107,Boston Celtics,116,Box Score,,19156,
Thu Dec 14 2023,7:30p,Chicago Bulls,124,Miami Heat,116,Box Score,,19653,
Thu Dec 14 2023,8:30p,Minnesota Timberwolves,119,Dallas Mavericks,101,Box Score,,20177,
Thu Dec 14 2023,9:00p,Brooklyn Nets,101,Denver Nuggets,124,Box Score,,19636,
Thu Dec 14 2023,10:00p,Utah Jazz,122,Portland Trail Blazers,114,Box Score,,17842,
Thu Dec 14 2023,10:00p,Oklahoma City Thunder,123,Sacramento Kings,128,Box Score,,17794,
Thu Dec 14 2023,10:30p,Golden State Warriors,113,Los Angeles Clippers,121,Box Score,,19370,
Fri Dec 15 2023,7:00p,New Orleans Pelicans,112,Charlotte Hornets,107,Box Score,,16080,
Fri Dec 15 2023,7:00p,Detroit Pistons,92,Philadelphia 76ers,124,Box Score,,19761,
Fri Dec 15 2023,7:00p,Indiana Pacers,123,Washington Wizards,137,Box Score,,15208,
Fri Dec 15 2023,7:30p,Orlando Magic,111,Boston Celtics,128,Box Score,,19156,
Fri Dec 15 2023,7:30p,Los Angeles Lakers,115,San Antonio Spurs,129,Box Score,,18354,
Fri Dec 15 2023,7:30p,Atlanta Hawks,125,Toronto Raptors,104,Box Score,,19800,
Fri Dec 15 2023,8:00p,Houston Rockets,103,Memphis Grizzlies,96,Box Score,,16941,
Fri Dec 15 2023,10:00p,New York Knicks,139,Phoenix Suns,122,Box Score,,17071,
Sat Dec 16 2023,6:00p,Detroit Pistons,114,Milwaukee Bucks,146,Box Score,,17666,
Sat Dec 16 2023,7:00p,Philadelphia 76ers,135,Charlotte Hornets,82,Box Score,,17829,
Sat Dec 16 2023,7:30p,Atlanta Hawks,119,Cleveland Cavaliers,127,Box Score,,19432,
Sat Dec 16 2023,8:00p,Chicago Bulls,116,Miami Heat,118,Box Score,,19815,
Sat Dec 16 2023,8:00p,Indiana Pacers,109,Minnesota Timberwolves,127,Box Score,,18024,
Sat Dec 16 2023,8:30p,Brooklyn Nets,120,Golden State Warriors,124,Box Score,,18064,
Sat Dec 16 2023,9:00p,Oklahoma City Thunder,118,Denver Nuggets,117,Box Score,,19611,
Sat Dec 16 2023,9:00p,Dallas Mavericks,131,Portland Trail Blazers,120,Box Score,,18439,
Sat Dec 16 2023,10:00p,Utah Jazz,104,Sacramento Kings,125,Box Score,,17794,
Sat Dec 16 2023,10:30p,New York Knicks,122,Los Angeles Clippers,144,Box Score,,19370,
Sun Dec 17 2023,3:00p,Orlando Magic,97,Boston Celtics,114,Box Score,,19156,
Sun Dec 17 2023,3:30p,New Orleans Pelicans,146,San Antonio Spurs,110,Box Score,,18354,
Sun Dec 17 2023,7:00p,Houston Rockets,119,Milwaukee Bucks,128,Box Score,,17341,
Sun Dec 17 2023,8:00p,Washington Wizards,108,Phoenix Suns,112,Box Score,,17071,
Sun Dec 17 2023,9:00p,Golden State Warriors,118,Portland Trail Blazers,114,Box Score,,18547,
Mon Dec 18 2023,7:00p,Houston Rockets,130,Cleveland Cavaliers,135,Box Score,OT,19432,
Mon Dec 18 2023,7:00p,Los Angeles Clippers,151,Indiana Pacers,127,Box Score,,16665,
Mon Dec 18 2023,7:00p,Chicago Bulls,108,Philadelphia 76ers,104,Box Score,,19773,
Mon Dec 18 2023,7:30p,Detroit Pistons,124,Atlanta Hawks,130,Box Score,,17664,
Mon Dec 18 2023,7:30p,Minnesota Timberwolves,112,Miami Heat,108,Box Score,,19819,
Mon Dec 18 2023,7:30p,Charlotte Hornets,99,Toronto Raptors,114,Box Score,,19288,
Mon Dec 18 2023,8:00p,Memphis Grizzlies,97,Oklahoma City Thunder,116,Box Score,,16409,
Mon Dec 18 2023,9:00p,Dallas Mavericks,104,Denver Nuggets,130,Box Score,,19659,
Mon Dec 18 2023,9:00p,Brooklyn Nets,108,Utah Jazz,125,Box Score,,18206,
Mon Dec 18 2023,10:00p,Washington Wizards,131,Sacramento Kings,143,Box Score,,17794,
Mon Dec 18 2023,10:30p,New York Knicks,114,Los Angeles Lakers,109,Box Score,,18997,
Tue Dec 19 2023,7:30p,Memphis Grizzlies,115,New Orleans Pelicans,113,Box Score,,18355,
Tue Dec 19 2023,8:00p,San Antonio Spurs,119,Milwaukee Bucks,132,Box Score,,17729,
Tue Dec 19 2023,10:00p,Boston Celtics,126,Golden State Warriors,132,Box Score,OT,18064,
Tue Dec 19 2023,10:00p,Phoenix Suns,104,Portland Trail Blazers,109,Box Score,,18233,
Wed Dec 20 2023,7:00p,Utah Jazz,116,Cleveland Cavaliers,124,Box Score,,19432,
Wed Dec 20 2023,7:00p,Charlotte Hornets,113,Indiana Pacers,144,Box Score,,16761,
Wed Dec 20 2023,7:00p,Miami Heat,115,Orlando Magic,106,Box Score,,19129,
Wed Dec 20 2023,7:00p,Minnesota Timberwolves,113,Philadelphia 76ers,127,Box Score,,20365,
Wed Dec 20 2023,7:30p,New York Knicks,121,Brooklyn Nets,102,Box Score,,18071,
Wed Dec 20 2023,7:30p,Denver Nuggets,113,Toronto Raptors,104,Box Score,,19800,
Wed Dec 20 2023,8:00p,Los Angeles Lakers,108,Chicago Bulls,124,Box Score,,21234,
Wed Dec 20 2023,8:00p,Atlanta Hawks,134,Houston Rockets,127,Box Score,,18055,
Wed Dec 20 2023,8:30p,Los Angeles Clippers,120,Dallas Mavericks,111,Box Score,,20310,
Wed Dec 20 2023,10:00p,Boston Celtics,144,Sacramento Kings,119,Box Score,,17874,
Thu Dec 21 2023,7:00p,Utah Jazz,119,Detroit Pistons,111,Box Score,,18122,
Thu Dec 21 2023,7:30p,New Orleans Pelicans,123,Cleveland Cavaliers,104,Box Score,,19432,
Thu Dec 21 2023,8:00p,San Antonio Spurs,95,Chicago Bulls,114,Box Score,,20697,
Thu Dec 21 2023,8:00p,Indiana Pacers,103,Memphis Grizzlies,116,Box Score,,18160,
Thu Dec 21 2023,8:00p,Orlando Magic,114,Milwaukee Bucks,118,Box Score,,17928,
Thu Dec 21 2023,8:00p,Los Angeles Clippers,115,Oklahoma City Thunder,134,Box Score,,18203,
Thu Dec 21 2023,9:00p,Los Angeles Lakers,111,Minnesota Timberwolves,118,Box Score,,18024,
Thu Dec 21 2023,10:00p,Washington Wizards,118,Portland Trail Blazers,117,Box Score,,18690,
Fri Dec 22 2023,7:00p,Toronto Raptors,111,Philadelphia 76ers,121,Box Score,,20230,
Fri Dec 22 2023,7:30p,Denver Nuggets,122,Brooklyn Nets,117,Box Score,,17732,
Fri Dec 22 2023,8:00p,Dallas Mavericks,96,Houston Rockets,122,Box Score,,18055,
Fri Dec 22 2023,8:00p,Atlanta Hawks,113,Miami Heat,122,Box Score,,20029,
Fri Dec 22 2023,10:00p,Washington Wizards,118,Golden State Warriors,129,Box Score,,18064,
Fri Dec 22 2023,10:00p,Phoenix Suns,105,Sacramento Kings,120,Box Score,,17794,
Sat Dec 23 2023,12:30p,Milwaukee Bucks,130,New York Knicks,111,Box Score,,19812,
Sat Dec 23 2023,3:30p,Boston Celtics,145,Los Angeles Clippers,108,Box Score,,19370,
Sat Dec 23 2023,7:00p,Denver Nuggets,102,Charlotte Hornets,95,Box Score,,19165,
Sat Dec 23 2023,7:00p,Orlando Magic,117,Indiana Pacers,110,Box Score,,17274,
Sat Dec 23 2023,7:00p,Houston Rockets,106,New Orleans Pelicans,104,Box Score,,17399,
Sat Dec 23 2023,7:30p,Memphis Grizzlies,125,Atlanta Hawks,119,Box Score,,17632,
Sat Dec 23 2023,7:30p,Detroit Pistons,115,Brooklyn Nets,126,Box Score,,17732,
Sat Dec 23 2023,7:30p,Utah Jazz,126,Toronto Raptors,119,Box Score,,19420,
Sat Dec 23 2023,8:00p,Cleveland Cavaliers,109,Chicago Bulls,95,Box Score,,19583,
Sat Dec 23 2023,8:00p,Los Angeles Lakers,129,Oklahoma City Thunder,120,Box Score,,18203,
Sat Dec 23 2023,8:30p,San Antonio Spurs,119,Dallas Mavericks,144,Box Score,,20409,
Sat Dec 23 2023,8:30p,Portland Trail Blazers,106,Golden State Warriors,126,Box Score,,18064,
Sat Dec 23 2023,10:00p,Minnesota Timberwolves,110,Sacramento Kings,98,Box Score,,17983,
Mon Dec 25 2023,12:00p,Milwaukee Bucks,122,New York Knicks,129,Box Score,,19812,
Mon Dec 25 2023,2:30p,Golden State Warriors,114,Denver Nuggets,120,Box Score,,19811,
Mon Dec 25 2023,5:00p,Boston Celtics,126,Los Angeles Lakers,115,Box Score,,18997,
Mon Dec 25 2023,8:00p,Philadelphia 76ers,113,Miami Heat,119,Box Score,,20162,
Mon Dec 25 2023,10:30p,Dallas Mavericks,128,Phoenix Suns,114,Box Score,,17071,
Tue Dec 26 2023,7:00p,Brooklyn Nets,118,Detroit Pistons,112,Box Score,,19811,
Tue Dec 26 2023,7:00p,Orlando Magic,127,Washington Wizards,119,Box Score,,16293,
Tue Dec 26 2023,8:00p,Atlanta Hawks,113,Chicago Bulls,118,Box Score,,21420,
Tue Dec 26 2023,8:00p,Indiana Pacers,123,Houston Rockets,117,Box Score,,18055,
Tue Dec 26 2023,8:00p,Memphis Grizzlies,116,New Orleans Pelicans,115,Box Score,OT,18538,
Tue Dec 26 2023,8:00p,Minnesota Timberwolves,106,Oklahoma City Thunder,129,Box Score,,18203,
Tue Dec 26 2023,8:00p,Utah Jazz,130,San Antonio Spurs,118,Box Score,,18579,
Tue Dec 26 2023,10:00p,Sacramento Kings,113,Portland Trail Blazers,130,Box Score,,18585,
Tue Dec 26 2023,10:30p,Charlotte Hornets,104,Los Angeles Clippers,113,Box Score,,19370,
Wed Dec 27 2023,7:00p,Philadelphia 76ers,112,Orlando Magic,92,Box Score,,19179,
Wed Dec 27 2023,7:00p,Toronto Raptors,132,Washington Wizards,102,Box Score,,15437,
Wed Dec 27 2023,7:30p,Milwaukee Bucks,144,Brooklyn Nets,122,Box Score,,18199,
Wed Dec 27 2023,8:00p,Phoenix Suns,129,Houston Rockets,113,Box Score,,18055,
Wed Dec 27 2023,8:00p,New York Knicks,120,Oklahoma City Thunder,129,Box Score,,18203,
Wed Dec 27 2023,8:30p,Cleveland Cavaliers,113,Dallas Mavericks,110,Box Score,,20377,
Thu Dec 28 2023,7:30p,Detroit Pistons,122,Boston Celtics,128,Box Score,OT,19156,
Thu Dec 28 2023,8:00p,Indiana Pacers,120,Chicago Bulls,104,Box Score,,21568,
Thu Dec 28 2023,8:00p,Dallas Mavericks,110,Minnesota Timberwolves,118,Box Score,,18024,
Thu Dec 28 2023,8:00p,Utah Jazz,105,New Orleans Pelicans,112,Box Score,,17753,
Thu Dec 28 2023,9:00p,Memphis Grizzlies,105,Denver Nuggets,142,Box Score,,19733,
Thu Dec 28 2023,10:00p,Miami Heat,114,Golden State Warriors,102,Box Score,,18064,
Thu Dec 28 2023,10:00p,San Antonio Spurs,118,Portland Trail Blazers,105,Box Score,,19335,
Thu Dec 28 2023,10:30p,Charlotte Hornets,112,Los Angeles Lakers,133,Box Score,,18997,
Fri Dec 29 2023,7:00p,New York Knicks,108,Orlando Magic,117,Box Score,,19587,
Fri Dec 29 2023,7:00p,Brooklyn Nets,104,Washington Wizards,110,Box Score,,16825,
Fri Dec 29 2023,7:30p,Sacramento Kings,117,Atlanta Hawks,110,Box Score,,18305,
Fri Dec 29 2023,7:30p,Toronto Raptors,118,Boston Celtics,120,Box Score,,19156,
Fri Dec 29 2023,7:30p,Milwaukee Bucks,119,Cleveland Cavaliers,111,Box Score,,19432,
Fri Dec 29 2023,8:00p,Philadelphia 76ers,131,Houston Rockets,127,Box Score,,18055,
Fri Dec 29 2023,9:00p,Oklahoma City Thunder,119,Denver Nuggets,93,Box Score,,19808,
Fri Dec 29 2023,9:00p,Charlotte Hornets,119,Phoenix Suns,133,Box Score,,17071,
Fri Dec 29 2023,10:00p,San Antonio Spurs,128,Portland Trail Blazers,134,Box Score,,18861,
Fri Dec 29 2023,10:30p,Memphis Grizzlies,106,Los Angeles Clippers,117,Box Score,,19370,
Sat Dec 30 2023,5:00p,Miami Heat,109,Utah Jazz,117,Box Score,,18206,
Sat Dec 30 2023,6:00p,Toronto Raptors,127,Detroit Pistons,129,Box Score,,18411,
Sat Dec 30 2023,7:00p,New York Knicks,126,Indiana Pacers,140,Box Score,,17274,
Sat Dec 30 2023,8:00p,Philadelphia 76ers,92,Chicago Bulls,105,Box Score,,21648,
Sat Dec 30 2023,8:00p,Los Angeles Lakers,106,Minnesota Timberwolves,108,Box Score,,18024,
Sat Dec 30 2023,8:30p,Dallas Mavericks,132,Golden State Warriors,122,Box Score,,18064,
Sun Dec 31 2023,3:00p,Atlanta Hawks,130,Washington Wizards,126,Box Score,,17042,
Sun Dec 31 2023,7:00p,Los Angeles Lakers,109,New Orleans Pelicans,129,Box Score,,18434,
Sun Dec 31 2023,7:00p,Brooklyn Nets,108,Oklahoma City Thunder,124,Box Score,,18203,
Sun Dec 31 2023,7:00p,Boston Celtics,134,San Antonio Spurs,101,Box Score,,18886,
Sun Dec 31 2023,8:00p,Sacramento Kings,123,Memphis Grizzlies,92,Box Score,,17794,
Sun Dec 31 2023,8:00p,Orlando Magic,107,Phoenix Suns,112,Box Score,,17071,
Mon Jan 1 2024,3:00p,Minnesota Timberwolves,106,New York Knicks,112,Box Score,,19812,
Mon Jan 1 2024,7:30p,Cleveland Cavaliers,121,Toronto Raptors,124,Box Score,,19800,
Mon Jan 1 2024,8:00p,Detroit Pistons,113,Houston Rockets,136,Box Score,,18055,
Mon Jan 1 2024,8:00p,Indiana Pacers,122,Milwaukee Bucks,113,Box Score,,17922,
Mon Jan 1 2024,9:00p,Charlotte Hornets,93,Denver Nuggets,111,Box Score,,19625,
Mon Jan 1 2024,9:00p,Portland Trail Blazers,88,Phoenix Suns,109,Box Score,,17071,
Mon Jan 1 2024,9:00p,Dallas Mavericks,90,Utah Jazz,127,Box Score,,18206,
Mon Jan 1 2024,10:30p,Miami Heat,104,Los Angeles Clippers,121,Box Score,,19370,
Tue Jan 2 2024,7:00p,Chicago Bulls,97,Philadelphia 76ers,110,Box Score,,19772,
Tue Jan 2 2024,8:00p,San Antonio Spurs,98,Memphis Grizzlies,106,Box Score,,17794,
Tue Jan 2 2024,8:00p,Brooklyn Nets,85,New Orleans Pelicans,112,Box Score,,16253,
Tue Jan 2 2024,8:00p,Boston Celtics,123,Oklahoma City Thunder,127,Box Score,,18203,
Tue Jan 2 2024,10:00p,Orlando Magic,115,Golden State Warriors,121,Box Score,,18064,
Tue Jan 2 2024,10:00p,Charlotte Hornets,111,Sacramento Kings,104,Box Score,,17832,
Wed Jan 3 2024,7:00p,Washington Wizards,101,Cleveland Cavaliers,140,Box Score,,19432,
Wed Jan 3 2024,7:00p,Milwaukee Bucks,130,Indiana Pacers,142,Box Score,,17274,
Wed Jan 3 2024,7:30p,Oklahoma City Thunder,138,Atlanta Hawks,141,Box Score,,17770,
Wed Jan 3 2024,8:00p,Brooklyn Nets,101,Houston Rockets,112,Box Score,,16563,
Wed Jan 3 2024,8:00p,Toronto Raptors,116,Memphis Grizzlies,111,Box Score,,16385,
Wed Jan 3 2024,8:00p,New Orleans Pelicans,117,Minnesota Timberwolves,106,Box Score,,18024,
Wed Jan 3 2024,8:30p,Portland Trail Blazers,97,Dallas Mavericks,126,Box Score,,20077,
Wed Jan 3 2024,8:30p,Chicago Bulls,100,New York Knicks,116,Box Score,,19812,
Wed Jan 3 2024,9:00p,Los Angeles Clippers,131,Phoenix Suns,122,Box Score,,17071,
Wed Jan 3 2024,9:00p,Detroit Pistons,148,Utah Jazz,154,Box Score,OT,18206,
Wed Jan 3 2024,10:00p,Miami Heat,110,Los Angeles Lakers,96,Box Score,,18997,
Wed Jan 3 2024,10:00p,Orlando Magic,135,Sacramento Kings,138,Box Score,2OT,17832,
Thu Jan 4 2024,7:30p,Milwaukee Bucks,125,San Antonio Spurs,121,Box Score,,19082,
Thu Jan 4 2024,10:00p,Denver Nuggets,130,Golden State Warriors,127,Box Score,,18064,
Fri Jan 5 2024,7:00p,Utah Jazz,97,Boston Celtics,126,Box Score,,19156,
Fri Jan 5 2024,7:00p,Atlanta Hawks,116,Indiana Pacers,150,Box Score,,17274,
Fri Jan 5 2024,7:30p,Oklahoma City Thunder,115,Brooklyn Nets,124,Box Score,,18147,
Fri Jan 5 2024,7:30p,Washington Wizards,90,Cleveland Cavaliers,114,Box Score,,19432,
Fri Jan 5 2024,7:30p,New York Knicks,128,Philadelphia 76ers,92,Box Score,,20461,
Fri Jan 5 2024,8:00p,Charlotte Hornets,91,Chicago Bulls,104,Box Score,,21345,
Fri Jan 5 2024,8:00p,Minnesota Timberwolves,122,Houston Rockets,95,Box Score,,18055,
Fri Jan 5 2024,8:00p,Los Angeles Clippers,111,New Orleans Pelicans,95,Box Score,,18329,
Fri Jan 5 2024,8:30p,Portland Trail Blazers,103,Dallas Mavericks,139,Box Score,,20162,
Fri Jan 5 2024,9:00p,Orlando Magic,122,Denver Nuggets,120,Box Score,,19659,
Fri Jan 5 2024,9:00p,Miami Heat,97,Phoenix Suns,113,Box Score,,17071,
Fri Jan 5 2024,10:00p,Detroit Pistons,109,Golden State Warriors,113,Box Score,,18064,
Fri Jan 5 2024,10:00p,Memphis Grizzlies,127,Los Angeles Lakers,113,Box Score,,18997,
Fri Jan 5 2024,10:00p,Toronto Raptors,130,Sacramento Kings,135,Box Score,,17941,
Sat Jan 6 2024,7:00p,Boston Celtics,118,Indiana Pacers,101,Box Score,,17274,
Sat Jan 6 2024,7:00p,New York Knicks,121,Washington Wizards,105,Box Score,,20333,
Sat Jan 6 2024,7:30p,Utah Jazz,120,Philadelphia 76ers,109,Box Score,,20278,
Sat Jan 6 2024,8:00p,Milwaukee Bucks,108,Houston Rockets,112,Box Score,,18055,
Sun Jan 7 2024,1:00p,San Antonio Spurs,115,Cleveland Cavaliers,117,Box Score,,19432,
Sun Jan 7 2024,3:00p,Portland Trail Blazers,134,Brooklyn Nets,127,Box Score,OT,17732,
Sun Jan 7 2024,6:00p,Atlanta Hawks,110,Orlando Magic,117,Box Score,OT,19349,
Sun Jan 7 2024,6:00p,New Orleans Pelicans,133,Sacramento Kings,100,Box Score,,17832,
Sun Jan 7 2024,7:30p,Minnesota Timberwolves,108,Dallas Mavericks,115,Box Score,,20111,
Sun Jan 7 2024,8:00p,Detroit Pistons,114,Denver Nuggets,131,Box Score,,19623,
Sun Jan 7 2024,8:00p,Memphis Grizzlies,121,Phoenix Suns,115,Box Score,,17071,
Sun Jan 7 2024,8:30p,Toronto Raptors,133,Golden State Warriors,118,Box Score,,18064,
Sun Jan 7 2024,9:30p,Los Angeles Clippers,103,Los Angeles Lakers,106,Box Score,,18997,
Mon Jan 8 2024,7:00p,Chicago Bulls,119,Charlotte Hornets,112,Box Score,OT,14418,
Mon Jan 8 2024,7:00p,Boston Celtics,131,Indiana Pacers,133,Box Score,,16009,
Mon Jan 8 2024,7:00p,Oklahoma City Thunder,136,Washington Wizards,128,Box Score,,15297,
Mon Jan 8 2024,7:30p,Houston Rockets,113,Miami Heat,120,Box Score,,19694,
Mon Jan 8 2024,8:00p,Utah Jazz,132,Milwaukee Bucks,116,Box Score,,17341,
Mon Jan 8 2024,10:30p,Phoenix Suns,111,Los Angeles Clippers,138,Box Score,,19370,
Tue Jan 9 2024,7:00p,Sacramento Kings,131,Detroit Pistons,110,Box Score,,13992,
Tue Jan 9 2024,7:00p,Minnesota Timberwolves,113,Orlando Magic,92,Box Score,,19223,
Tue Jan 9 2024,7:30p,Portland Trail Blazers,84,New York Knicks,112,Box Score,,19812,
Tue Jan 9 2024,8:30p,Memphis Grizzlies,120,Dallas Mavericks,103,Box Score,,20116,
Tue Jan 9 2024,10:30p,Toronto Raptors,131,Los Angeles Lakers,132,Box Score,,18997,
Wed Jan 10 2024,7:00p,Minnesota Timberwolves,120,Boston Celtics,127,Box Score,OT,19156,
Wed Jan 10 2024,7:00p,Sacramento Kings,123,Charlotte Hornets,98,Box Score,,14173,
Wed Jan 10 2024,7:00p,San Antonio Spurs,130,Detroit Pistons,108,Box Score,,17833,
Wed Jan 10 2024,7:00p,Washington Wizards,104,Indiana Pacers,112,Box Score,,15721,
Wed Jan 10 2024,7:30p,Philadelphia 76ers,132,Atlanta Hawks,139,Box Score,OT,16089,
Wed Jan 10 2024,7:30p,Oklahoma City Thunder,128,Miami Heat,120,Box Score,,19636,
Wed Jan 10 2024,8:00p,Houston Rockets,119,Chicago Bulls,124,Box Score,OT,21149,
Wed Jan 10 2024,8:30p,New Orleans Pelicans,141,Golden State Warriors,105,Box Score,,18064,
Wed Jan 10 2024,10:00p,Denver Nuggets,111,Utah Jazz,124,Box Score,,18206,
Wed Jan 10 2024,10:30p,Toronto Raptors,120,Los Angeles Clippers,126,Box Score,,19370,
Thu Jan 11 2024,2:00p,Brooklyn Nets,102,Cleveland Cavaliers,111,Box Score,,15887,at Paris; France
Thu Jan 11 2024,7:30p,Boston Celtics,102,Milwaukee Bucks,135,Box Score,,17781,
Thu Jan 11 2024,8:00p,Portland Trail Blazers,77,Oklahoma City Thunder,139,Box Score,,15828,
Thu Jan 11 2024,8:30p,New York Knicks,124,Dallas Mavericks,128,Box Score,,20040,
Thu Jan 11 2024,10:00p,Phoenix Suns,127,Los Angeles Lakers,109,Box Score,,18416,
Fri Jan 12 2024,7:30p,Indiana Pacers,126,Atlanta Hawks,108,Box Score,,15596,
Fri Jan 12 2024,7:30p,Houston Rockets,112,Detroit Pistons,110,Box Score,,13987,
Fri Jan 12 2024,7:30p,Sacramento Kings,93,Philadelphia 76ers,112,Box Score,,19766,
Fri Jan 12 2024,8:00p,Golden State Warriors,140,Chicago Bulls,131,Box Score,,21153,
Fri Jan 12 2024,8:00p,Los Angeles Clippers,128,Memphis Grizzlies,119,Box Score,,16617,
Fri Jan 12 2024,8:00p,Orlando Magic,96,Miami Heat,99,Box Score,,19650,
Fri Jan 12 2024,8:00p,Portland Trail Blazers,93,Minnesota Timberwolves,116,Box Score,,18024,
Fri Jan 12 2024,8:00p,Charlotte Hornets,99,San Antonio Spurs,135,Box Score,,18073,
Fri Jan 12 2024,9:30p,Toronto Raptors,113,Utah Jazz,145,Box Score,,18206,
Fri Jan 12 2024,10:00p,New Orleans Pelicans,113,Denver Nuggets,125,Box Score,,19638,
Sat Jan 13 2024,7:00p,Houston Rockets,113,Boston Celtics,145,Box Score,,19156,
Sat Jan 13 2024,7:30p,Washington Wizards,127,Atlanta Hawks,99,Box Score,,17108,
Sat Jan 13 2024,8:00p,New York Knicks,106,Memphis Grizzlies,94,Box Score,,16598,
Sat Jan 13 2024,8:00p,Golden State Warriors,118,Milwaukee Bucks,129,Box Score,,18009,
Sat Jan 13 2024,8:00p,Orlando Magic,100,Oklahoma City Thunder,112,Box Score,,18203,
Sat Jan 13 2024,8:30p,New Orleans Pelicans,118,Dallas Mavericks,108,Box Score,,20155,
Sat Jan 13 2024,8:30p,Chicago Bulls,122,San Antonio Spurs,116,Box Score,,18354,
Sat Jan 13 2024,9:30p,Los Angeles Lakers,125,Utah Jazz,132,Box Score,,18206,
Sun Jan 14 2024,3:30p,Indiana Pacers,109,Denver Nuggets,117,Box Score,,19631,
Sun Jan 14 2024,6:00p,Charlotte Hornets,87,Miami Heat,104,Box Score,,19831,
Sun Jan 14 2024,7:00p,Sacramento Kings,142,Milwaukee Bucks,143,Box Score,OT,17612,
Sun Jan 14 2024,7:00p,Los Angeles Clippers,105,Minnesota Timberwolves,109,Box Score,,18024,
Sun Jan 14 2024,9:00p,Phoenix Suns,127,Portland Trail Blazers,116,Box Score,,18071,
Mon Jan 15 2024,1:00p,Houston Rockets,115,Philadelphia 76ers,124,Box Score,,20822,
Mon Jan 15 2024,2:30p,New Orleans Pelicans,120,Dallas Mavericks,125,Box Score,,20010,
Mon Jan 15 2024,3:00p,Orlando Magic,98,New York Knicks,94,Box Score,,19812,
Mon Jan 15 2024,3:00p,Detroit Pistons,129,Washington Wizards,117,Box Score,,15156,
Mon Jan 15 2024,3:30p,San Antonio Spurs,99,Atlanta Hawks,109,Box Score,,17447,
Mon Jan 15 2024,6:00p,Golden State Warriors,107,Memphis Grizzlies,116,Box Score,,16612,
Mon Jan 15 2024,7:00p,Chicago Bulls,91,Cleveland Cavaliers,109,Box Score,,19432,
Mon Jan 15 2024,7:30p,Miami Heat,96,Brooklyn Nets,95,Box Score,OT,17893,
Mon Jan 15 2024,7:30p,Boston Celtics,105,Toronto Raptors,96,Box Score,,19278,
Mon Jan 15 2024,9:00p,Indiana Pacers,105,Utah Jazz,132,Box Score,,18206,
Mon Jan 15 2024,10:30p,Oklahoma City Thunder,105,Los Angeles Lakers,112,Box Score,,18997,
Tue Jan 16 2024,7:30p,Denver Nuggets,121,Philadelphia 76ers,126,Box Score,,19775,
Tue Jan 16 2024,9:00p,Sacramento Kings,117,Phoenix Suns,119,Box Score,,17071,
Tue Jan 16 2024,10:00p,Oklahoma City Thunder,117,Los Angeles Clippers,128,Box Score,,19370,
Wed Jan 17 2024,7:00p,Minnesota Timberwolves,124,Detroit Pistons,117,Box Score,,16022,
Wed Jan 17 2024,7:30p,Orlando Magic,104,Atlanta Hawks,106,Box Score,,14541,
Wed Jan 17 2024,7:30p,San Antonio Spurs,98,Boston Celtics,117,Box Score,,19156,
Wed Jan 17 2024,7:30p,Milwaukee Bucks,95,Cleveland Cavaliers,135,Box Score,,19432,
Wed Jan 17 2024,7:30p,Houston Rockets,94,New York Knicks,109,Box Score,,19439,
Wed Jan 17 2024,7:30p,Miami Heat,97,Toronto Raptors,121,Box Score,,19631,
Wed Jan 17 2024,8:00p,Charlotte Hornets,112,New Orleans Pelicans,132,Box Score,,16093,
Wed Jan 17 2024,8:30p,Dallas Mavericks,110,Los Angeles Lakers,127,Box Score,,18338,
Wed Jan 17 2024,10:00p,Brooklyn Nets,103,Portland Trail Blazers,105,Box Score,,17021,
Thu Jan 18 2024,7:30p,Washington Wizards,109,New York Knicks,113,Box Score,,19466,
Thu Jan 18 2024,7:30p,Chicago Bulls,116,Toronto Raptors,110,Box Score,,19312,
Thu Jan 18 2024,9:00p,Oklahoma City Thunder,134,Utah Jazz,129,Box Score,,18206,
Thu Jan 18 2024,10:00p,Memphis Grizzlies,103,Minnesota Timberwolves,118,Box Score,,18024,
Thu Jan 18 2024,10:00p,Indiana Pacers,126,Sacramento Kings,121,Box Score,,17832,
Fri Jan 19 2024,7:00p,San Antonio Spurs,120,Charlotte Hornets,124,Box Score,,19093,
Fri Jan 19 2024,7:00p,Philadelphia 76ers,124,Orlando Magic,109,Box Score,,19063,
Fri Jan 19 2024,7:30p,Denver Nuggets,102,Boston Celtics,100,Box Score,,19156,
Fri Jan 19 2024,8:00p,Atlanta Hawks,109,Miami Heat,108,Box Score,,20040,
Fri Jan 19 2024,8:00p,Phoenix Suns,123,New Orleans Pelicans,109,Box Score,,18686,
Fri Jan 19 2024,10:00p,Indiana Pacers,115,Portland Trail Blazers,118,Box Score,,18595,
Fri Jan 19 2024,10:30p,Brooklyn Nets,130,Los Angeles Lakers,112,Box Score,,18997,
Sat Jan 20 2024,3:00p,Milwaukee Bucks,141,Detroit Pistons,135,Box Score,,19996,
Sat Jan 20 2024,7:00p,Philadelphia 76ers,97,Charlotte Hornets,89,Box Score,,18261,
Sat Jan 20 2024,7:00p,San Antonio Spurs,131,Washington Wizards,127,Box Score,,17922,
Sat Jan 20 2024,7:30p,Cleveland Cavaliers,116,Atlanta Hawks,95,Box Score,,17047,
Sat Jan 20 2024,7:30p,Toronto Raptors,100,New York Knicks,126,Box Score,,19812,
Sat Jan 20 2024,8:00p,Memphis Grizzlies,96,Chicago Bulls,125,Box Score,,21441,
Sat Jan 20 2024,8:00p,Utah Jazz,126,Houston Rockets,127,Box Score,OT,16618,
Sat Jan 20 2024,8:00p,Oklahoma City Thunder,102,Minnesota Timberwolves,97,Box Score,,18024,
Sun Jan 21 2024,3:30p,Brooklyn Nets,114,Los Angeles Clippers,125,Box Score,,19370,
Sun Jan 21 2024,6:00p,Miami Heat,87,Orlando Magic,105,Box Score,,18102,
Sun Jan 21 2024,6:00p,Denver Nuggets,113,Washington Wizards,104,Box Score,,17107,
Sun Jan 21 2024,7:00p,Boston Celtics,116,Houston Rockets,107,Box Score,,18055,
Sun Jan 21 2024,8:00p,Indiana Pacers,110,Phoenix Suns,117,Box Score,,17071,
Sun Jan 21 2024,10:00p,Portland Trail Blazers,110,Los Angeles Lakers,134,Box Score,,18997,
Mon Jan 22 2024,7:00p,Milwaukee Bucks,122,Detroit Pistons,113,Box Score,,17201,
Mon Jan 22 2024,7:00p,Cleveland Cavaliers,126,Orlando Magic,99,Box Score,,19301,
Mon Jan 22 2024,7:00p,San Antonio Spurs,123,Philadelphia 76ers,133,Box Score,,20511,
Mon Jan 22 2024,7:30p,Memphis Grizzlies,108,Toronto Raptors,100,Box Score,,18577,
Mon Jan 22 2024,8:00p,Charlotte Hornets,128,Minnesota Timberwolves,125,Box Score,,18024,
Mon Jan 22 2024,8:30p,Boston Celtics,119,Dallas Mavericks,110,Box Score,,20277,
Mon Jan 22 2024,9:00p,Chicago Bulls,113,Phoenix Suns,115,Box Score,,17071,
Mon Jan 22 2024,10:00p,Atlanta Hawks,107,Sacramento Kings,122,Box Score,,17832,
Tue Jan 23 2024,7:00p,Denver Nuggets,114,Indiana Pacers,109,Box Score,,16004,
Tue Jan 23 2024,7:30p,New York Knicks,108,Brooklyn Nets,103,Box Score,,17732,
Tue Jan 23 2024,8:00p,Utah Jazz,124,New Orleans Pelicans,153,Box Score,,16032,
Tue Jan 23 2024,8:00p,Portland Trail Blazers,109,Oklahoma City Thunder,111,Box Score,,15874,
Tue Jan 23 2024,10:00p,Los Angeles Lakers,116,Los Angeles Clippers,127,Box Score,,19370,
Wed Jan 24 2024,7:00p,Charlotte Hornets,106,Detroit Pistons,113,Box Score,,15020,
Wed Jan 24 2024,7:00p,Minnesota Timberwolves,118,Washington Wizards,107,Box Score,,15446,
Wed Jan 24 2024,7:30p,Memphis Grizzlies,105,Miami Heat,96,Box Score,,19600,
Wed Jan 24 2024,8:00p,Portland Trail Blazers,137,Houston Rockets,131,Box Score,OT,18055,
Wed Jan 24 2024,8:00p,Cleveland Cavaliers,116,Milwaukee Bucks,126,Box Score,,17510,
Wed Jan 24 2024,8:30p,Phoenix Suns,132,Dallas Mavericks,109,Box Score,,20202,
Wed Jan 24 2024,9:30p,Oklahoma City Thunder,140,San Antonio Spurs,114,Box Score,,18130,
Wed Jan 24 2024,10:00p,Atlanta Hawks,112,Golden State Warriors,134,Box Score,,18064,
Thu Jan 25 2024,7:00p,Philadelphia 76ers,122,Indiana Pacers,134,Box Score,,15699,
Thu Jan 25 2024,7:00p,Utah Jazz,123,Washington Wizards,108,Box Score,,14027,
Thu Jan 25 2024,7:30p,Minnesota Timberwolves,96,Brooklyn Nets,94,Box Score,,17732,
Thu Jan 25 2024,7:30p,Boston Celtics,143,Miami Heat,110,Box Score,,20074,
Thu Jan 25 2024,7:30p,Denver Nuggets,84,New York Knicks,122,Box Score,,19812,
Thu Jan 25 2024,10:00p,Sacramento Kings,134,Golden State Warriors,133,Box Score,,18064,
Thu Jan 25 2024,10:30p,Chicago Bulls,132,Los Angeles Lakers,141,Box Score,,18997,
Fri Jan 26 2024,7:00p,Dallas Mavericks,148,Atlanta Hawks,143,Box Score,,16149,
Fri Jan 26 2024,7:00p,Houston Rockets,138,Charlotte Hornets,104,Box Score,,16164,
Fri Jan 26 2024,7:00p,Phoenix Suns,131,Indiana Pacers,133,Box Score,,17274,
Fri Jan 26 2024,7:30p,Los Angeles Clippers,127,Toronto Raptors,107,Box Score,,19800,
Fri Jan 26 2024,8:00p,Orlando Magic,106,Memphis Grizzlies,107,Box Score,,16823,
Fri Jan 26 2024,8:00p,Cleveland Cavaliers,112,Milwaukee Bucks,100,Box Score,,17855,
Fri Jan 26 2024,8:00p,Oklahoma City Thunder,107,New Orleans Pelicans,83,Box Score,,18624,
Fri Jan 26 2024,9:30p,Portland Trail Blazers,100,San Antonio Spurs,116,Box Score,,17274,
Sat Jan 27 2024,12:00p,Washington Wizards,118,Detroit Pistons,104,Box Score,,16922,
Sat Jan 27 2024,3:00p,Miami Heat,109,New York Knicks,125,Box Score,,19812,
Sat Jan 27 2024,5:30p,Philadelphia 76ers,105,Denver Nuggets,111,Box Score,,19805,
Sat Jan 27 2024,6:00p,Houston Rockets,104,Brooklyn Nets,106,Box Score,,17732,
Sat Jan 27 2024,7:00p,Los Angeles Clippers,115,Boston Celtics,96,Box Score,,19156,
Sat Jan 27 2024,7:00p,Utah Jazz,134,Charlotte Hornets,122,Box Score,,17633,
Sat Jan 27 2024,8:00p,New Orleans Pelicans,117,Milwaukee Bucks,141,Box Score,,17940,
Sat Jan 27 2024,8:30p,Los Angeles Lakers,145,Golden State Warriors,144,Box Score,2OT,18064,
Sat Jan 27 2024,8:30p,Minnesota Timberwolves,112,San Antonio Spurs,113,Box Score,,17726,
Sat Jan 27 2024,9:00p,Sacramento Kings,120,Dallas Mavericks,115,Box Score,,20373,
Sun Jan 28 2024,2:00p,Oklahoma City Thunder,104,Detroit Pistons,120,Box Score,,16861,
Sun Jan 28 2024,3:30p,Memphis Grizzlies,110,Indiana Pacers,116,Box Score,,16519,
Sun Jan 28 2024,6:00p,Toronto Raptors,125,Atlanta Hawks,126,Box Score,,15658,
Sun Jan 28 2024,6:00p,Phoenix Suns,98,Orlando Magic,113,Box Score,,18823,
Sun Jan 28 2024,9:00p,Chicago Bulls,104,Portland Trail Blazers,96,Box Score,,17899,
Mon Jan 29 2024,7:00p,New York Knicks,113,Charlotte Hornets,92,Box Score,,15546,
Mon Jan 29 2024,7:00p,Los Angeles Clippers,108,Cleveland Cavaliers,118,Box Score,,19432,
Mon Jan 29 2024,7:30p,New Orleans Pelicans,112,Boston Celtics,118,Box Score,,19156,
Mon Jan 29 2024,7:30p,Utah Jazz,114,Brooklyn Nets,147,Box Score,,16054,
Mon Jan 29 2024,7:30p,Phoenix Suns,118,Miami Heat,105,Box Score,,19600,
Mon Jan 29 2024,8:00p,Los Angeles Lakers,119,Houston Rockets,135,Box Score,,18055,
Mon Jan 29 2024,8:00p,Sacramento Kings,103,Memphis Grizzlies,94,Box Score,,15333,
Mon Jan 29 2024,8:00p,Minnesota Timberwolves,107,Oklahoma City Thunder,101,Box Score,,16870,
Mon Jan 29 2024,8:00p,Washington Wizards,118,San Antonio Spurs,113,Box Score,,17020,
Mon Jan 29 2024,8:30p,Orlando Magic,129,Dallas Mavericks,131,Box Score,,20020,
Mon Jan 29 2024,9:00p,Milwaukee Bucks,107,Denver Nuggets,113,Box Score,,19801,
Mon Jan 29 2024,10:00p,Philadelphia 76ers,104,Portland Trail Blazers,130,Box Score,,17128,
Tue Jan 30 2024,7:30p,Los Angeles Lakers,122,Atlanta Hawks,138,Box Score,,17871,
Tue Jan 30 2024,7:30p,Indiana Pacers,124,Boston Celtics,129,Box Score,,19156,
Tue Jan 30 2024,7:30p,Utah Jazz,103,New York Knicks,118,Box Score,,19133,
Tue Jan 30 2024,8:00p,Toronto Raptors,118,Chicago Bulls,107,Box Score,,21259,
Tue Jan 30 2024,10:00p,Philadelphia 76ers,107,Golden State Warriors,119,Box Score,,18064,
Wed Jan 31 2024,7:00p,Chicago Bulls,117,Charlotte Hornets,110,Box Score,,13712,
Wed Jan 31 2024,7:00p,Detroit Pistons,121,Cleveland Cavaliers,128,Box Score,,19432,
Wed Jan 31 2024,7:00p,Los Angeles Clippers,125,Washington Wizards,109,Box Score,,17201,
Wed Jan 31 2024,7:30p,Sacramento Kings,106,Miami Heat,115,Box Score,,19600,
Wed Jan 31 2024,8:00p,New Orleans Pelicans,110,Houston Rockets,99,Box Score,,18055,
Wed Jan 31 2024,8:00p,Dallas Mavericks,87,Minnesota Timberwolves,121,Box Score,,18024,
Wed Jan 31 2024,8:00p,Denver Nuggets,100,Oklahoma City Thunder,105,Box Score,,16723,
Wed Jan 31 2024,8:00p,Orlando Magic,108,San Antonio Spurs,98,Box Score,,17081,
Wed Jan 31 2024,8:30p,Phoenix Suns,136,Brooklyn Nets,120,Box Score,,17732,
Wed Jan 31 2024,10:00p,Milwaukee Bucks,116,Portland Trail Blazers,119,Box Score,,19335,
Thu Feb 1 2024,7:30p,Los Angeles Lakers,114,Boston Celtics,105,Box Score,,19156,
Thu Feb 1 2024,7:30p,Indiana Pacers,105,New York Knicks,109,Box Score,,19812,
Thu Feb 1 2024,8:00p,Cleveland Cavaliers,108,Memphis Grizzlies,101,Box Score,,15505,
Thu Feb 1 2024,10:00p,Philadelphia 76ers,127,Utah Jazz,124,Box Score,,18206,
Fri Feb 2 2024,7:00p,Los Angeles Clippers,136,Detroit Pistons,125,Box Score,,19122,
Fri Feb 2 2024,7:00p,Miami Heat,110,Washington Wizards,102,Box Score,,18308,
Fri Feb 2 2024,7:30p,Phoenix Suns,120,Atlanta Hawks,129,Box Score,,16536,
Fri Feb 2 2024,7:30p,Sacramento Kings,133,Indiana Pacers,122,Box Score,,17274,
Fri Feb 2 2024,8:00p,Toronto Raptors,106,Houston Rockets,135,Box Score,,18055,
Fri Feb 2 2024,8:00p,Golden State Warriors,121,Memphis Grizzlies,101,Box Score,,17794,
Fri Feb 2 2024,8:00p,Orlando Magic,108,Minnesota Timberwolves,106,Box Score,,18024,
Fri Feb 2 2024,8:00p,Charlotte Hornets,106,Oklahoma City Thunder,126,Box Score,,17552,
Fri Feb 2 2024,8:00p,New Orleans Pelicans,114,San Antonio Spurs,113,Box Score,,17207,
Fri Feb 2 2024,9:00p,Portland Trail Blazers,108,Denver Nuggets,120,Box Score,,19622,
Sat Feb 3 2024,6:00p,Brooklyn Nets,136,Philadelphia 76ers,121,Box Score,,20673,
Sat Feb 3 2024,7:30p,Golden State Warriors,134,Atlanta Hawks,141,Box Score,OT,17600,
Sat Feb 3 2024,8:00p,Sacramento Kings,123,Chicago Bulls,115,Box Score,,21579,
Sat Feb 3 2024,8:30p,Milwaukee Bucks,129,Dallas Mavericks,117,Box Score,,20377,
Sat Feb 3 2024,8:30p,Los Angeles Lakers,113,New York Knicks,105,Box Score,,19812,
Sat Feb 3 2024,8:30p,Cleveland Cavaliers,117,San Antonio Spurs,101,Box Score,,18354,
Sun Feb 4 2024,3:00p,Orlando Magic,111,Detroit Pistons,99,Box Score,,17982,
Sun Feb 4 2024,3:30p,Phoenix Suns,140,Washington Wizards,112,Box Score,,16984,
Sun Feb 4 2024,6:00p,Memphis Grizzlies,91,Boston Celtics,131,Box Score,,19156,
Sun Feb 4 2024,6:00p,Indiana Pacers,115,Charlotte Hornets,99,Box Score,,15687,
Sun Feb 4 2024,6:00p,Los Angeles Clippers,103,Miami Heat,95,Box Score,,19855,
Sun Feb 4 2024,7:00p,Houston Rockets,90,Minnesota Timberwolves,111,Box Score,,18024,
Sun Feb 4 2024,7:00p,Toronto Raptors,127,Oklahoma City Thunder,135,Box Score,2OT,17059,
Sun Feb 4 2024,8:00p,Milwaukee Bucks,108,Utah Jazz,123,Box Score,,18206,
Sun Feb 4 2024,8:30p,Portland Trail Blazers,103,Denver Nuggets,112,Box Score,,19715,
Mon Feb 5 2024,7:00p,Los Angeles Lakers,124,Charlotte Hornets,118,Box Score,,19375,
Mon Feb 5 2024,7:00p,Sacramento Kings,110,Cleveland Cavaliers,136,Box Score,,19432,
Mon Feb 5 2024,7:00p,Dallas Mavericks,118,Philadelphia 76ers,102,Box Score,,19764,
Mon Feb 5 2024,7:30p,Los Angeles Clippers,149,Atlanta Hawks,144,Box Score,,17093,
Mon Feb 5 2024,7:30p,Golden State Warriors,109,Brooklyn Nets,98,Box Score,,17919,
Mon Feb 5 2024,8:00p,Toronto Raptors,100,New Orleans Pelicans,138,Box Score,,17429,
Tue Feb 6 2024,7:00p,Houston Rockets,129,Indiana Pacers,132,Box Score,,15571,
Tue Feb 6 2024,7:30p,Dallas Mavericks,119,Brooklyn Nets,107,Box Score,,17732,
Tue Feb 6 2024,7:30p,Orlando Magic,95,Miami Heat,121,Box Score,,19600,
Tue Feb 6 2024,7:30p,Memphis Grizzlies,113,New York Knicks,123,Box Score,,19013,
Tue Feb 6 2024,8:00p,Minnesota Timberwolves,123,Chicago Bulls,129,Box Score,OT,20949,
Tue Feb 6 2024,9:00p,Oklahoma City Thunder,117,Utah Jazz,124,Box Score,,18206,
Tue Feb 6 2024,10:00p,Milwaukee Bucks,106,Phoenix Suns,114,Box Score,,17071,
Wed Feb 7 2024,7:00p,Toronto Raptors,123,Charlotte Hornets,117,Box Score,,11720,
Wed Feb 7 2024,7:00p,Cleveland Cavaliers,114,Washington Wizards,106,Box Score,,15860,
Wed Feb 7 2024,7:30p,Atlanta Hawks,117,Boston Celtics,125,Box Score,,19156,
Wed Feb 7 2024,7:30p,San Antonio Spurs,104,Miami Heat,116,Box Score,,19652,
Wed Feb 7 2024,7:30p,Golden State Warriors,127,Philadelphia 76ers,104,Box Score,,19780,
Wed Feb 7 2024,10:00p,New Orleans Pelicans,117,Los Angeles Clippers,106,Box Score,,19370,
Wed Feb 7 2024,10:00p,Detroit Pistons,133,Sacramento Kings,120,Box Score,,17832,
Thu Feb 8 2024,7:00p,Golden State Warriors,131,Indiana Pacers,109,Box Score,,17274,
Thu Feb 8 2024,7:00p,San Antonio Spurs,111,Orlando Magic,127,Box Score,,19074,
Thu Feb 8 2024,7:30p,Cleveland Cavaliers,118,Brooklyn Nets,95,Box Score,,17304,
Thu Feb 8 2024,7:30p,Dallas Mavericks,122,New York Knicks,108,Box Score,,19812,
Thu Feb 8 2024,8:00p,Chicago Bulls,118,Memphis Grizzlies,110,Box Score,,16285,
Thu Feb 8 2024,8:00p,Minnesota Timberwolves,129,Milwaukee Bucks,105,Box Score,,17577,
Thu Feb 8 2024,9:00p,Utah Jazz,115,Phoenix Suns,129,Box Score,,17071,
Thu Feb 8 2024,10:00p,Denver Nuggets,114,Los Angeles Lakers,106,Box Score,,18997,
Thu Feb 8 2024,10:00p,Detroit Pistons,128,Portland Trail Blazers,122,Box Score,OT,18125,
Fri Feb 9 2024,7:00p,Atlanta Hawks,127,Philadelphia 76ers,121,Box Score,,19758,
Fri Feb 9 2024,7:30p,Washington Wizards,129,Boston Celtics,133,Box Score,,19156,
Fri Feb 9 2024,7:30p,Houston Rockets,104,Toronto Raptors,107,Box Score,,19800,
Fri Feb 9 2024,8:00p,Charlotte Hornets,84,Milwaukee Bucks,120,Box Score,,17690,
Fri Feb 9 2024,10:00p,Denver Nuggets,106,Sacramento Kings,135,Box Score,,17832,
Fri Feb 9 2024,10:30p,New Orleans Pelicans,122,Los Angeles Lakers,139,Box Score,,18997,
Sat Feb 10 2024,3:00p,Oklahoma City Thunder,111,Dallas Mavericks,146,Box Score,,20277,
Sat Feb 10 2024,3:30p,Detroit Pistons,106,Los Angeles Clippers,112,Box Score,,19370,
Sat Feb 10 2024,6:00p,San Antonio Spurs,103,Brooklyn Nets,123,Box Score,,18005,
Sat Feb 10 2024,7:00p,Memphis Grizzlies,106,Charlotte Hornets,115,Box Score,,17259,
Sat Feb 10 2024,7:00p,Chicago Bulls,108,Orlando Magic,114,Box Score,OT,19459,
Sat Feb 10 2024,7:00p,Philadelphia 76ers,119,Washington Wizards,113,Box Score,,20333,
Sat Feb 10 2024,7:30p,Houston Rockets,113,Atlanta Hawks,122,Box Score,,17503,
Sat Feb 10 2024,7:30p,Indiana Pacers,125,New York Knicks,111,Box Score,,19812,
Sat Feb 10 2024,7:30p,Cleveland Cavaliers,119,Toronto Raptors,95,Box Score,,19800,
Sat Feb 10 2024,8:30p,Phoenix Suns,112,Golden State Warriors,113,Box Score,,18064,
Sat Feb 10 2024,10:00p,New Orleans Pelicans,93,Portland Trail Blazers,84,Box Score,,18226,
Sun Feb 11 2024,2:00p,Boston Celtics,110,Miami Heat,106,Box Score,,20049,
Sun Feb 11 2024,3:00p,Sacramento Kings,113,Oklahoma City Thunder,127,Box Score,,17092,
Mon Feb 12 2024,7:00p,Indiana Pacers,102,Charlotte Hornets,111,Box Score,,12112,
Mon Feb 12 2024,7:00p,Philadelphia 76ers,123,Cleveland Cavaliers,121,Box Score,,19432,
Mon Feb 12 2024,7:30p,Chicago Bulls,136,Atlanta Hawks,126,Box Score,,16524,
Mon Feb 12 2024,7:30p,San Antonio Spurs,122,Toronto Raptors,99,Box Score,,19800,
Mon Feb 12 2024,8:00p,New York Knicks,103,Houston Rockets,105,Box Score,,16790,
Mon Feb 12 2024,8:00p,New Orleans Pelicans,96,Memphis Grizzlies,87,Box Score,,15823,
Mon Feb 12 2024,8:00p,Denver Nuggets,95,Milwaukee Bucks,112,Box Score,,17444,
Mon Feb 12 2024,8:30p,Washington Wizards,104,Dallas Mavericks,112,Box Score,,19921,
Mon Feb 12 2024,9:00p,Golden State Warriors,129,Utah Jazz,107,Box Score,,18206,
Mon Feb 12 2024,10:30p,Minnesota Timberwolves,121,Los Angeles Clippers,100,Box Score,,19370,
Tue Feb 13 2024,7:30p,Boston Celtics,118,Brooklyn Nets,110,Box Score,,18053,
Tue Feb 13 2024,7:30p,Oklahoma City Thunder,127,Orlando Magic,113,Box Score,,19301,
Tue Feb 13 2024,8:00p,Miami Heat,123,Milwaukee Bucks,97,Box Score,,17520,
Tue Feb 13 2024,10:00p,Sacramento Kings,125,Phoenix Suns,130,Box Score,,17071,
Tue Feb 13 2024,10:00p,Minnesota Timberwolves,121,Portland Trail Blazers,109,Box Score,,17906,
Tue Feb 13 2024,10:30p,Detroit Pistons,111,Los Angeles Lakers,125,Box Score,,18997,
Wed Feb 14 2024,7:00p,Atlanta Hawks,99,Charlotte Hornets,122,Box Score,,14336,
Wed Feb 14 2024,7:00p,New York Knicks,100,Orlando Magic,118,Box Score,,19259,
Wed Feb 14 2024,7:00p,Miami Heat,109,Philadelphia 76ers,104,Box Score,,20015,
Wed Feb 14 2024,7:30p,Brooklyn Nets,86,Boston Celtics,136,Box Score,,19156,
Wed Feb 14 2024,7:30p,Chicago Bulls,105,Cleveland Cavaliers,108,Box Score,,19432,
Wed Feb 14 2024,7:30p,Indiana Pacers,127,Toronto Raptors,125,Box Score,,19800,
Wed Feb 14 2024,8:00p,Houston Rockets,113,Memphis Grizzlies,121,Box Score,,15012,
Wed Feb 14 2024,8:00p,Washington Wizards,126,New Orleans Pelicans,133,Box Score,,18316,
Wed Feb 14 2024,8:30p,San Antonio Spurs,93,Dallas Mavericks,116,Box Score,,20311,
Wed Feb 14 2024,9:00p,Sacramento Kings,102,Denver Nuggets,98,Box Score,,19617,
Wed Feb 14 2024,9:00p,Detroit Pistons,100,Phoenix Suns,116,Box Score,,17071,
Wed Feb 14 2024,9:00p,Los Angeles Lakers,138,Utah Jazz,122,Box Score,,18206,
Wed Feb 14 2024,10:00p,Los Angeles Clippers,130,Golden State Warriors,125,Box Score,,18064,
Thu Feb 15 2024,8:30p,Milwaukee Bucks,110,Memphis Grizzlies,113,Box Score,,16544,
Thu Feb 15 2024,9:00p,Golden State Warriors,140,Utah Jazz,137,Box Score,,18206,
Thu Feb 15 2024,10:00p,Minnesota Timberwolves,128,Portland Trail Blazers,91,Box Score,,18606,
Thu Feb 22 2024,7:00p,Orlando Magic,116,Cleveland Cavaliers,109,Box Score,,19432,
Thu Feb 22 2024,7:00p,Detroit Pistons,115,Indiana Pacers,129,Box Score,,16506,
Thu Feb 22 2024,7:00p,New York Knicks,110,Philadelphia 76ers,96,Box Score,,21094,
Thu Feb 22 2024,7:00p,Brooklyn Nets,93,Toronto Raptors,121,Box Score,,19800,
Thu Feb 22 2024,7:30p,Phoenix Suns,113,Dallas Mavericks,123,Box Score,,20377,
Thu Feb 22 2024,8:00p,Boston Celtics,129,Chicago Bulls,112,Box Score,,20313,
Thu Feb 22 2024,8:00p,Houston Rockets,105,New Orleans Pelicans,127,Box Score,,17421,
Thu Feb 22 2024,8:00p,Los Angeles Clippers,107,Oklahoma City Thunder,129,Box Score,,18203,
Thu Feb 22 2024,9:00p,Washington Wizards,110,Denver Nuggets,130,Box Score,,19621,
Thu Feb 22 2024,9:00p,Charlotte Hornets,115,Utah Jazz,107,Box Score,,18206,
Thu Feb 22 2024,10:00p,Los Angeles Lakers,110,Golden State Warriors,128,Box Score,,18064,
Thu Feb 22 2024,10:00p,San Antonio Spurs,122,Sacramento Kings,127,Box Score,,18153,
Fri Feb 23 2024,7:30p,Toronto Raptors,123,Atlanta Hawks,121,Box Score,,17625,
Fri Feb 23 2024,7:30p,Cleveland Cavaliers,97,Philadelphia 76ers,104,Box Score,,19938,
Fri Feb 23 2024,8:00p,Phoenix Suns,110,Houston Rockets,114,Box Score,,18055,
Fri Feb 23 2024,8:00p,Los Angeles Clippers,101,Memphis Grizzlies,95,Box Score,,17255,
Fri Feb 23 2024,8:00p,Miami Heat,106,New Orleans Pelicans,95,Box Score,,18658,
Fri Feb 23 2024,8:00p,Washington Wizards,106,Oklahoma City Thunder,147,Box Score,,18203,
Fri Feb 23 2024,10:00p,Charlotte Hornets,84,Golden State Warriors,97,Box Score,,18064,
Fri Feb 23 2024,10:00p,Milwaukee Bucks,112,Minnesota Timberwolves,107,Box Score,,18024,
Fri Feb 23 2024,10:00p,Denver Nuggets,127,Portland Trail Blazers,112,Box Score,,18898,
Fri Feb 23 2024,10:30p,San Antonio Spurs,118,Los Angeles Lakers,123,Box Score,,18997,
Sat Feb 24 2024,8:00p,Orlando Magic,112,Detroit Pistons,109,Box Score,,19388,
Sat Feb 24 2024,8:30p,Boston Celtics,116,New York Knicks,102,Box Score,,19812,
Sat Feb 24 2024,9:00p,Brooklyn Nets,86,Minnesota Timberwolves,101,Box Score,,18024,
Sun Feb 25 2024,1:00p,Milwaukee Bucks,119,Philadelphia 76ers,98,Box Score,,19831,
Sun Feb 25 2024,3:30p,Los Angeles Lakers,113,Phoenix Suns,123,Box Score,,17071,
Sun Feb 25 2024,5:00p,Dallas Mavericks,111,Indiana Pacers,133,Box Score,,17274,
Sun Feb 25 2024,6:00p,Cleveland Cavaliers,114,Washington Wizards,105,Box Score,,17895,
Sun Feb 25 2024,7:00p,Orlando Magic,92,Atlanta Hawks,109,Box Score,,17173,
Sun Feb 25 2024,7:00p,Denver Nuggets,119,Golden State Warriors,103,Box Score,,18064,
Sun Feb 25 2024,7:00p,Oklahoma City Thunder,123,Houston Rockets,110,Box Score,,18055,
Sun Feb 25 2024,7:00p,Chicago Bulls,114,New Orleans Pelicans,106,Box Score,,18684,
Sun Feb 25 2024,8:00p,San Antonio Spurs,109,Utah Jazz,128,Box Score,,18206,
Sun Feb 25 2024,9:00p,Charlotte Hornets,93,Portland Trail Blazers,80,Box Score,,17888,
Sun Feb 25 2024,9:30p,Sacramento Kings,123,Los Angeles Clippers,107,Box Score,,19370,
Mon Feb 26 2024,7:00p,Toronto Raptors,130,Indiana Pacers,122,Box Score,,16026,
Mon Feb 26 2024,7:30p,Detroit Pistons,111,New York Knicks,113,Box Score,,19303,
Mon Feb 26 2024,8:00p,Brooklyn Nets,111,Memphis Grizzlies,86,Box Score,,15417,
Mon Feb 26 2024,10:00p,Miami Heat,121,Sacramento Kings,110,Box Score,,17832,
Tue Feb 27 2024,7:00p,Dallas Mavericks,119,Cleveland Cavaliers,121,Box Score,,19432,
Tue Feb 27 2024,7:00p,Brooklyn Nets,81,Orlando Magic,108,Box Score,,17708,
Tue Feb 27 2024,7:00p,Golden State Warriors,123,Washington Wizards,112,Box Score,,20333,
Tue Feb 27 2024,7:30p,Utah Jazz,97,Atlanta Hawks,124,Box Score,,17129,
Tue Feb 27 2024,7:30p,Philadelphia 76ers,99,Boston Celtics,117,Box Score,,19156,
Tue Feb 27 2024,7:30p,New Orleans Pelicans,115,New York Knicks,92,Box Score,,19812,
Tue Feb 27 2024,8:00p,Detroit Pistons,105,Chicago Bulls,95,Box Score,,21089,
Tue Feb 27 2024,8:00p,Charlotte Hornets,85,Milwaukee Bucks,123,Box Score,,17607,
Tue Feb 27 2024,8:00p,San Antonio Spurs,105,Minnesota Timberwolves,114,Box Score,,18024,
Tue Feb 27 2024,10:00p,Houston Rockets,95,Oklahoma City Thunder,112,Box Score,,17164,
Tue Feb 27 2024,10:00p,Miami Heat,106,Portland Trail Blazers,96,Box Score,,18143,
Wed Feb 28 2024,7:30p,New Orleans Pelicans,114,Indiana Pacers,123,Box Score,,16010,
Wed Feb 28 2024,7:30p,Dallas Mavericks,136,Toronto Raptors,125,Box Score,,19800,
Wed Feb 28 2024,8:00p,Cleveland Cavaliers,123,Chicago Bulls,132,Box Score,2OT,21700,
Wed Feb 28 2024,8:00p,Memphis Grizzlies,101,Minnesota Timberwolves,110,Box Score,,18024,
Wed Feb 28 2024,9:00p,Sacramento Kings,96,Denver Nuggets,117,Box Score,,19628,
Wed Feb 28 2024,10:00p,Los Angeles Lakers,116,Los Angeles Clippers,112,Box Score,,19370,
Thu Feb 29 2024,7:00p,Milwaukee Bucks,111,Charlotte Hornets,99,Box Score,,18463,
Thu Feb 29 2024,7:00p,Utah Jazz,107,Orlando Magic,115,Box Score,,17848,
Thu Feb 29 2024,7:30p,Atlanta Hawks,97,Brooklyn Nets,124,Box Score,,17284,
Thu Feb 29 2024,7:30p,Golden State Warriors,110,New York Knicks,99,Box Score,,19812,
Thu Feb 29 2024,8:30p,Oklahoma City Thunder,118,San Antonio Spurs,132,Box Score,,18392,
Thu Feb 29 2024,9:00p,Houston Rockets,105,Phoenix Suns,110,Box Score,,17071,
Thu Feb 29 2024,10:00p,Miami Heat,97,Denver Nuggets,103,Box Score,,19634,
Thu Feb 29 2024,10:30p,Washington Wizards,131,Los Angeles Lakers,134,Box Score,OT,18997,
Fri Mar 1 2024,7:00p,Cleveland Cavaliers,110,Detroit Pistons,100,Box Score,,19299,
Fri Mar 1 2024,7:00p,Charlotte Hornets,114,Philadelphia 76ers,121,Box Score,,19788,
Fri Mar 1 2024,7:30p,Dallas Mavericks,110,Boston Celtics,138,Box Score,,19156,
Fri Mar 1 2024,7:30p,Golden State Warriors,120,Toronto Raptors,105,Box Score,,19800,
Fri Mar 1 2024,8:00p,Portland Trail Blazers,122,Memphis Grizzlies,92,Box Score,,15493,
Fri Mar 1 2024,8:00p,Sacramento Kings,124,Minnesota Timberwolves,120,Box Score,OT,18024,
Fri Mar 1 2024,8:00p,Indiana Pacers,102,New Orleans Pelicans,129,Box Score,,17898,
Fri Mar 1 2024,10:00p,Milwaukee Bucks,113,Chicago Bulls,97,Box Score,,21249,
Fri Mar 1 2024,10:30p,Washington Wizards,115,Los Angeles Clippers,140,Box Score,,19370,
Sat Mar 2 2024,3:00p,Atlanta Hawks,102,Brooklyn Nets,114,Box Score,,18075,
Sat Mar 2 2024,5:00p,Utah Jazz,120,Miami Heat,126,Box Score,,19858,
Sat Mar 2 2024,8:00p,Portland Trail Blazers,107,Memphis Grizzlies,100,Box Score,OT,16381,
Sat Mar 2 2024,8:30p,Denver Nuggets,124,Los Angeles Lakers,114,Box Score,,18997,
Sat Mar 2 2024,9:00p,Houston Rockets,118,Phoenix Suns,109,Box Score,,17071,
Sun Mar 3 2024,1:00p,Philadelphia 76ers,120,Dallas Mavericks,116,Box Score,,20277,
Sun Mar 3 2024,3:30p,Golden State Warriors,88,Boston Celtics,140,Box Score,,19156,
Sun Mar 3 2024,3:30p,Los Angeles Clippers,89,Minnesota Timberwolves,88,Box Score,,18024,
Sun Mar 3 2024,6:00p,Detroit Pistons,91,Orlando Magic,113,Box Score,,19459,
Sun Mar 3 2024,6:00p,Charlotte Hornets,106,Toronto Raptors,111,Box Score,,19512,
Sun Mar 3 2024,7:00p,New York Knicks,107,Cleveland Cavaliers,98,Box Score,,19432,
Sun Mar 3 2024,7:00p,Indiana Pacers,105,San Antonio Spurs,117,Box Score,,18027,
Sun Mar 3 2024,9:30p,Oklahoma City Thunder,118,Phoenix Suns,110,Box Score,,17071,
Mon Mar 4 2024,7:30p,Memphis Grizzlies,106,Brooklyn Nets,102,Box Score,,15847,
Mon Mar 4 2024,8:00p,Los Angeles Clippers,106,Milwaukee Bucks,113,Box Score,,17875,
Mon Mar 4 2024,8:00p,Portland Trail Blazers,114,Minnesota Timberwolves,119,Box Score,,18024,
Mon Mar 4 2024,9:00p,Washington Wizards,115,Utah Jazz,127,Box Score,,18206,
Mon Mar 4 2024,10:00p,Chicago Bulls,113,Sacramento Kings,109,Box Score,,17832,
Mon Mar 4 2024,10:30p,Oklahoma City Thunder,104,Los Angeles Lakers,116,Box Score,,18997,
Tue Mar 5 2024,7:00p,Orlando Magic,101,Charlotte Hornets,89,Box Score,,15928,
Tue Mar 5 2024,7:30p,Philadelphia 76ers,107,Brooklyn Nets,112,Box Score,,17086,
Tue Mar 5 2024,7:30p,Boston Celtics,104,Cleveland Cavaliers,105,Box Score,,19432,
Tue Mar 5 2024,7:30p,Detroit Pistons,110,Miami Heat,118,Box Score,,19724,
Tue Mar 5 2024,7:30p,Atlanta Hawks,116,New York Knicks,100,Box Score,,19812,
Tue Mar 5 2024,7:30p,New Orleans Pelicans,139,Toronto Raptors,98,Box Score,,18864,
Tue Mar 5 2024,8:00p,San Antonio Spurs,101,Houston Rockets,114,Box Score,,16734,
Tue Mar 5 2024,8:30p,Indiana Pacers,137,Dallas Mavericks,120,Box Score,,20200,
Tue Mar 5 2024,10:00p,Phoenix Suns,117,Denver Nuggets,107,Box Score,OT,19589,
Wed Mar 6 2024,7:00p,Orlando Magic,119,Washington Wizards,109,Box Score,,16018,
Wed Mar 6 2024,7:30p,Cleveland Cavaliers,101,Atlanta Hawks,112,Box Score,,15841,
Wed Mar 6 2024,7:30p,Los Angeles Clippers,122,Houston Rockets,116,Box Score,,17033,
Wed Mar 6 2024,7:30p,Memphis Grizzlies,115,Philadelphia 76ers,109,Box Score,,19757,
Wed Mar 6 2024,9:00p,Chicago Bulls,119,Utah Jazz,117,Box Score,,18206,
Wed Mar 6 2024,10:00p,Milwaukee Bucks,90,Golden State Warriors,125,Box Score,,18064,
Wed Mar 6 2024,10:00p,Oklahoma City Thunder,128,Portland Trail Blazers,120,Box Score,,17589,
Wed Mar 6 2024,10:30p,Sacramento Kings,130,Los Angeles Lakers,120,Box Score,,18498,
Thu Mar 7 2024,7:00p,Brooklyn Nets,112,Detroit Pistons,118,Box Score,,19011,
Thu Mar 7 2024,7:00p,Minnesota Timberwolves,113,Indiana Pacers,111,Box Score,,16580,
Thu Mar 7 2024,7:30p,Miami Heat,108,Dallas Mavericks,114,Box Score,,20221,
Thu Mar 7 2024,9:00p,Toronto Raptors,113,Phoenix Suns,120,Box Score,,17071,
Thu Mar 7 2024,10:00p,Boston Celtics,109,Denver Nuggets,115,Box Score,,19855,
Thu Mar 7 2024,10:00p,Chicago Bulls,125,Golden State Warriors,122,Box Score,,18064,
Thu Mar 7 2024,10:00p,San Antonio Spurs,129,Sacramento Kings,131,Box Score,,17968,
Fri Mar 8 2024,7:00p,New Orleans Pelicans,103,Philadelphia 76ers,95,Box Score,,19777,
Fri Mar 8 2024,7:00p,Charlotte Hornets,100,Washington Wizards,112,Box Score,,18778,
Fri Mar 8 2024,7:30p,Minnesota Timberwolves,104,Cleveland Cavaliers,113,Box Score,OT,19432,
Fri Mar 8 2024,7:30p,Orlando Magic,74,New York Knicks,98,Box Score,,19812,
Fri Mar 8 2024,8:00p,Atlanta Hawks,99,Memphis Grizzlies,92,Box Score,,16667,
Fri Mar 8 2024,8:00p,Miami Heat,100,Oklahoma City Thunder,107,Box Score,,18203,
Fri Mar 8 2024,10:00p,Milwaukee Bucks,122,Los Angeles Lakers,123,Box Score,,18997,
Fri Mar 8 2024,10:00p,Houston Rockets,123,Portland Trail Blazers,107,Box Score,,18139,
Sat Mar 9 2024,4:00p,Chicago Bulls,102,Los Angeles Clippers,112,Box Score,,19370,
Sat Mar 9 2024,7:00p,Brooklyn Nets,99,Charlotte Hornets,110,Box Score,,19090,
Sat Mar 9 2024,7:00p,Dallas Mavericks,142,Detroit Pistons,124,Box Score,,20062,
Sat Mar 9 2024,8:30p,San Antonio Spurs,126,Golden State Warriors,113,Box Score,,18064,
Sat Mar 9 2024,8:30p,Boston Celtics,117,Phoenix Suns,107,Box Score,,17071,
Sat Mar 9 2024,9:00p,Utah Jazz,121,Denver Nuggets,142,Box Score,,19632,
Sat Mar 9 2024,10:00p,Toronto Raptors,118,Portland Trail Blazers,128,Box Score,OT,18117,
Sun Mar 10 2024,3:00p,Milwaukee Bucks,124,Los Angeles Clippers,117,Box Score,,19370,
Sun Mar 10 2024,6:00p,New Orleans Pelicans,116,Atlanta Hawks,103,Box Score,,17695,
Sun Mar 10 2024,6:00p,Washington Wizards,110,Miami Heat,108,Box Score,,19730,
Sun Mar 10 2024,6:00p,Indiana Pacers,111,Orlando Magic,97,Box Score,,19481,
Sun Mar 10 2024,6:00p,Houston Rockets,112,Sacramento Kings,104,Box Score,,18022,
Sun Mar 10 2024,7:00p,Brooklyn Nets,120,Cleveland Cavaliers,101,Box Score,,19432,
Sun Mar 10 2024,7:00p,Philadelphia 76ers,79,New York Knicks,73,Box Score,,19812,
Sun Mar 10 2024,7:00p,Memphis Grizzlies,93,Oklahoma City Thunder,124,Box Score,,18203,
Sun Mar 10 2024,9:30p,Minnesota Timberwolves,109,Los Angeles Lakers,120,Box Score,,18997,
Mon Mar 11 2024,7:00p,Charlotte Hornets,97,Detroit Pistons,114,Box Score,,18003,
Mon Mar 11 2024,7:30p,Phoenix Suns,117,Cleveland Cavaliers,111,Box Score,,19432,
Mon Mar 11 2024,8:00p,Dallas Mavericks,127,Chicago Bulls,92,Box Score,,21363,
Mon Mar 11 2024,8:00p,Golden State Warriors,112,San Antonio Spurs,102,Box Score,,18354,
Mon Mar 11 2024,9:00p,Toronto Raptors,119,Denver Nuggets,125,Box Score,,19652,
Mon Mar 11 2024,10:30p,Boston Celtics,121,Portland Trail Blazers,99,Box Score,,18480,
Tue Mar 12 2024,7:30p,Philadelphia 76ers,79,New York Knicks,106,Box Score,,19812,
Tue Mar 12 2024,8:00p,Washington Wizards,97,Memphis Grizzlies,109,Box Score,,15291,
Tue Mar 12 2024,8:00p,Indiana Pacers,121,Oklahoma City Thunder,111,Box Score,,17118,
Tue Mar 12 2024,8:30p,Houston Rockets,103,San Antonio Spurs,101,Box Score,,18751,
Tue Mar 12 2024,9:00p,Boston Celtics,123,Utah Jazz,107,Box Score,,18206,
Tue Mar 12 2024,10:00p,Minnesota Timberwolves,118,Los Angeles Clippers,100,Box Score,,19370,
Tue Mar 12 2024,10:00p,Milwaukee Bucks,94,Sacramento Kings,129,Box Score,,17832,
Wed Mar 13 2024,7:00p,Toronto Raptors,104,Detroit Pistons,113,Box Score,,19313,
Wed Mar 13 2024,7:00p,Brooklyn Nets,106,Orlando Magic,114,Box Score,,18846,
Wed Mar 13 2024,7:30p,Chicago Bulls,132,Indiana Pacers,129,Box Score,OT,17274,
Wed Mar 13 2024,7:30p,Denver Nuggets,100,Miami Heat,88,Box Score,,19921,
Wed Mar 13 2024,8:00p,Charlotte Hornets,110,Memphis Grizzlies,98,Box Score,,16717,
Wed Mar 13 2024,8:00p,Cleveland Cavaliers,116,New Orleans Pelicans,95,Box Score,,17727,
Wed Mar 13 2024,8:30p,Golden State Warriors,99,Dallas Mavericks,109,Box Score,,20411,
Wed Mar 13 2024,10:00p,Atlanta Hawks,102,Portland Trail Blazers,106,Box Score,,18064,
Wed Mar 13 2024,10:00p,Los Angeles Lakers,107,Sacramento Kings,120,Box Score,,18332,
Thu Mar 14 2024,7:30p,Phoenix Suns,112,Boston Celtics,127,Box Score,,19156,
Thu Mar 14 2024,8:00p,Los Angeles Clippers,126,Chicago Bulls,111,Box Score,,21219,
Thu Mar 14 2024,8:00p,Washington Wizards,119,Houston Rockets,135,Box Score,,18055,
Thu Mar 14 2024,8:00p,Philadelphia 76ers,105,Milwaukee Bucks,114,Box Score,,17635,
Thu Mar 14 2024,10:00p,Dallas Mavericks,119,Oklahoma City Thunder,126,Box Score,,18203,
Thu Mar 14 2024,10:00p,New York Knicks,105,Portland Trail Blazers,93,Box Score,,17768,
Fri Mar 15 2024,7:00p,Phoenix Suns,107,Charlotte Hornets,96,Box Score,,18613,
Fri Mar 15 2024,7:00p,Miami Heat,108,Detroit Pistons,95,Box Score,,19894,
Fri Mar 15 2024,7:30p,Orlando Magic,113,Toronto Raptors,103,Box Score,,19800,
Fri Mar 15 2024,8:00p,Los Angeles Clippers,104,New Orleans Pelicans,112,Box Score,,18865,
Fri Mar 15 2024,8:30p,Denver Nuggets,117,San Antonio Spurs,106,Box Score,,16223,
Fri Mar 15 2024,9:30p,Atlanta Hawks,122,Utah Jazz,124,Box Score,,18206,
Sat Mar 16 2024,5:00p,Cleveland Cavaliers,103,Houston Rockets,117,Box Score,,18055,
Sat Mar 16 2024,7:00p,Brooklyn Nets,100,Indiana Pacers,121,Box Score,,17009,
Sat Mar 16 2024,7:00p,Portland Trail Blazers,107,New Orleans Pelicans,126,Box Score,,17725,
Sat Mar 16 2024,7:00p,Charlotte Hornets,98,Philadelphia 76ers,109,Box Score,,19957,
Sat Mar 16 2024,8:00p,Washington Wizards,98,Chicago Bulls,127,Box Score,,21697,
Sat Mar 16 2024,8:00p,Oklahoma City Thunder,118,Memphis Grizzlies,112,Box Score,,17012,
Sat Mar 16 2024,8:30p,Golden State Warriors,128,Los Angeles Lakers,121,Box Score,,18997,
Sat Mar 16 2024,9:30p,Minnesota Timberwolves,119,Utah Jazz,100,Box Score,,18206,
Sat Mar 16 2024,10:00p,New York Knicks,98,Sacramento Kings,91,Box Score,,18311,
Sun Mar 17 2024,1:00p,Phoenix Suns,129,Milwaukee Bucks,140,Box Score,,17783,
Sun Mar 17 2024,3:00p,Miami Heat,104,Detroit Pistons,101,Box Score,,20004,
Sun Mar 17 2024,3:30p,Denver Nuggets,105,Dallas Mavericks,107,Box Score,,20377,
Sun Mar 17 2024,6:00p,Toronto Raptors,96,Orlando Magic,111,Box Score,,18846,
Sun Mar 17 2024,6:00p,Boston Celtics,130,Washington Wizards,104,Box Score,,20333,
Sun Mar 17 2024,7:00p,Brooklyn Nets,115,San Antonio Spurs,122,Box Score,OT,16057,
Sun Mar 17 2024,9:30p,Atlanta Hawks,110,Los Angeles Clippers,93,Box Score,,19370,
Mon Mar 18 2024,7:00p,Cleveland Cavaliers,108,Indiana Pacers,103,Box Score,,17274,
Mon Mar 18 2024,7:30p,Detroit Pistons,94,Boston Celtics,119,Box Score,,19156,
Mon Mar 18 2024,7:30p,Miami Heat,91,Philadelphia 76ers,98,Box Score,,19782,
Mon Mar 18 2024,8:00p,Portland Trail Blazers,107,Chicago Bulls,110,Box Score,,20293,
Mon Mar 18 2024,9:00p,Minnesota Timberwolves,114,Utah Jazz,104,Box Score,,18206,
Mon Mar 18 2024,10:00p,New York Knicks,119,Golden State Warriors,112,Box Score,,18064,
Mon Mar 18 2024,10:00p,Memphis Grizzlies,111,Sacramento Kings,121,Box Score,OT,17832,
Mon Mar 18 2024,10:30p,Atlanta Hawks,105,Los Angeles Lakers,136,Box Score,,18997,
Tue Mar 19 2024,7:00p,Charlotte Hornets,92,Orlando Magic,112,Box Score,,18846,
Tue Mar 19 2024,7:00p,Houston Rockets,137,Washington Wizards,114,Box Score,,14137,
Tue Mar 19 2024,7:30p,New Orleans Pelicans,104,Brooklyn Nets,91,Box Score,,17732,
Tue Mar 19 2024,8:00p,Dallas Mavericks,113,San Antonio Spurs,107,Box Score,,18354,
Tue Mar 19 2024,9:00p,Denver Nuggets,115,Minnesota Timberwolves,112,Box Score,,18024,
Wed Mar 20 2024,7:00p,Miami Heat,107,Cleveland Cavaliers,104,Box Score,,19432,
Wed Mar 20 2024,7:00p,Indiana Pacers,122,Detroit Pistons,103,Box Score,,19897,
Wed Mar 20 2024,7:30p,Milwaukee Bucks,119,Boston Celtics,122,Box Score,,19156,
Wed Mar 20 2024,7:30p,Sacramento Kings,123,Toronto Raptors,89,Box Score,,18641,
Wed Mar 20 2024,8:00p,Utah Jazz,107,Oklahoma City Thunder,119,Box Score,,18203,
Wed Mar 20 2024,10:00p,Memphis Grizzlies,116,Golden State Warriors,137,Box Score,,18064,
Wed Mar 20 2024,10:00p,Philadelphia 76ers,102,Phoenix Suns,115,Box Score,,17071,
Wed Mar 20 2024,10:00p,Los Angeles Clippers,116,Portland Trail Blazers,103,Box Score,,17504,
Thu Mar 21 2024,7:00p,New Orleans Pelicans,106,Orlando Magic,121,Box Score,,17094,
Thu Mar 21 2024,7:00p,Sacramento Kings,102,Washington Wizards,109,Box Score,,14495,
Thu Mar 21 2024,8:00p,Chicago Bulls,117,Houston Rockets,127,Box Score,,17016,
Thu Mar 21 2024,8:00p,Brooklyn Nets,108,Milwaukee Bucks,115,Box Score,,17341,
Thu Mar 21 2024,8:30p,Utah Jazz,97,Dallas Mavericks,113,Box Score,,20277,
Thu Mar 21 2024,9:00p,New York Knicks,100,Denver Nuggets,113,Box Score,,19811,
Thu Mar 21 2024,10:30p,Atlanta Hawks,115,Phoenix Suns,128,Box Score,,17071,
Fri Mar 22 2024,7:00p,Boston Celtics,129,Detroit Pistons,102,Box Score,,19994,
Fri Mar 22 2024,7:00p,Oklahoma City Thunder,123,Toronto Raptors,103,Box Score,,19601,
Fri Mar 22 2024,8:00p,New Orleans Pelicans,111,Miami Heat,88,Box Score,,19727,
Fri Mar 22 2024,8:00p,Cleveland Cavaliers,91,Minnesota Timberwolves,104,Box Score,,18024,
Fri Mar 22 2024,8:00p,Memphis Grizzlies,99,San Antonio Spurs,97,Box Score,,17408,
Fri Mar 22 2024,10:00p,Indiana Pacers,123,Golden State Warriors,111,Box Score,,18064,
Fri Mar 22 2024,10:00p,Los Angeles Clippers,125,Portland Trail Blazers,117,Box Score,,18660,
Fri Mar 22 2024,10:30p,Philadelphia 76ers,94,Los Angeles Lakers,101,Box Score,,18997,
Sat Mar 23 2024,1:00p,Brooklyn Nets,93,New York Knicks,105,Box Score,,19812,
Sat Mar 23 2024,7:00p,Sacramento Kings,109,Orlando Magic,107,Box Score,,18307,
Sat Mar 23 2024,7:30p,Charlotte Hornets,91,Atlanta Hawks,132,Box Score,,17900,
Sat Mar 23 2024,8:00p,Boston Celtics,124,Chicago Bulls,113,Box Score,,21198,
Sat Mar 23 2024,8:00p,Utah Jazz,119,Houston Rockets,147,Box Score,,18055,
Sat Mar 23 2024,8:00p,Phoenix Suns,131,San Antonio Spurs,106,Box Score,,18354,
Sat Mar 23 2024,8:00p,Toronto Raptors,109,Washington Wizards,112,Box Score,,15746,
Sat Mar 23 2024,10:00p,Denver Nuggets,114,Portland Trail Blazers,111,Box Score,,18629,
Sun Mar 24 2024,3:00p,New Orleans Pelicans,114,Detroit Pistons,101,Box Score,,19922,
Sun Mar 24 2024,3:30p,Philadelphia 76ers,121,Los Angeles Clippers,107,Box Score,,19370,
Sun Mar 24 2024,6:00p,Cleveland Cavaliers,84,Miami Heat,121,Box Score,,19645,
Sun Mar 24 2024,7:00p,Oklahoma City Thunder,93,Milwaukee Bucks,118,Box Score,,17877,
Sun Mar 24 2024,7:00p,Golden State Warriors,110,Minnesota Timberwolves,114,Box Score,,18024,
Sun Mar 24 2024,10:00p,Indiana Pacers,145,Los Angeles Lakers,150,Box Score,,18997,
Mon Mar 25 2024,7:00p,Charlotte Hornets,92,Cleveland Cavaliers,115,Box Score,,19432,
Mon Mar 25 2024,7:30p,Boston Celtics,118,Atlanta Hawks,120,Box Score,,17405,
Mon Mar 25 2024,7:30p,Detroit Pistons,99,New York Knicks,124,Box Score,,19812,
Mon Mar 25 2024,7:30p,Brooklyn Nets,96,Toronto Raptors,88,Box Score,,18376,
Mon Mar 25 2024,8:00p,Washington Wizards,107,Chicago Bulls,105,Box Score,,21726,
Mon Mar 25 2024,8:00p,Portland Trail Blazers,92,Houston Rockets,110,Box Score,,16537,
Mon Mar 25 2024,8:00p,Phoenix Suns,102,San Antonio Spurs,104,Box Score,,18044,
Mon Mar 25 2024,9:00p,Memphis Grizzlies,103,Denver Nuggets,128,Box Score,,19536,
Mon Mar 25 2024,9:00p,Dallas Mavericks,115,Utah Jazz,105,Box Score,,18206,
Mon Mar 25 2024,10:00p,Philadelphia 76ers,96,Sacramento Kings,108,Box Score,,17832,
Mon Mar 25 2024,10:30p,Indiana Pacers,133,Los Angeles Clippers,116,Box Score,,19370,
Tue Mar 26 2024,7:30p,Golden State Warriors,113,Miami Heat,92,Box Score,,19813,
Tue Mar 26 2024,7:30p,Los Angeles Lakers,128,Milwaukee Bucks,124,Box Score,2OT,18085,
Tue Mar 26 2024,8:00p,Oklahoma City Thunder,119,New Orleans Pelicans,112,Box Score,,17436,
Tue Mar 26 2024,10:00p,Dallas Mavericks,132,Sacramento Kings,96,Box Score,,17832,
Wed Mar 27 2024,7:00p,Cleveland Cavaliers,111,Charlotte Hornets,118,Box Score,,15303,
Wed Mar 27 2024,7:00p,Golden State Warriors,101,Orlando Magic,93,Box Score,,19210,
Wed Mar 27 2024,7:00p,Brooklyn Nets,122,Washington Wizards,119,Box Score,OT,15159,
Wed Mar 27 2024,7:30p,Portland Trail Blazers,106,Atlanta Hawks,120,Box Score,,16059,
Wed Mar 27 2024,7:30p,Los Angeles Clippers,108,Philadelphia 76ers,107,Box Score,,21022,
Wed Mar 27 2024,7:30p,New York Knicks,145,Toronto Raptors,101,Box Score,,19133,
Wed Mar 27 2024,8:00p,Indiana Pacers,99,Chicago Bulls,125,Box Score,,22018,
Wed Mar 27 2024,8:00p,Los Angeles Lakers,136,Memphis Grizzlies,124,Box Score,,17794,
Wed Mar 27 2024,8:00p,Detroit Pistons,91,Minnesota Timberwolves,106,Box Score,,18024,
Wed Mar 27 2024,8:00p,Houston Rockets,132,Oklahoma City Thunder,126,Box Score,OT,17438,
Wed Mar 27 2024,9:00p,San Antonio Spurs,118,Utah Jazz,111,Box Score,,18206,
Wed Mar 27 2024,10:00p,Phoenix Suns,104,Denver Nuggets,97,Box Score,,19827,
Thu Mar 28 2024,7:30p,Boston Celtics,122,Atlanta Hawks,123,Box Score,OT,17743,
Thu Mar 28 2024,8:00p,Milwaukee Bucks,100,New Orleans Pelicans,107,Box Score,,17484,
Fri Mar 29 2024,7:00p,Golden State Warriors,115,Charlotte Hornets,97,Box Score,,19487,
Fri Mar 29 2024,7:00p,Los Angeles Lakers,90,Indiana Pacers,109,Box Score,,17274,
Fri Mar 29 2024,7:00p,Los Angeles Clippers,100,Orlando Magic,97,Box Score,,19452,
Fri Mar 29 2024,7:00p,Detroit Pistons,96,Washington Wizards,87,Box Score,,15023,
Fri Mar 29 2024,7:30p,Chicago Bulls,108,Brooklyn Nets,125,Box Score,,17894,
Fri Mar 29 2024,7:30p,Philadelphia 76ers,114,Cleveland Cavaliers,117,Box Score,,19432,
Fri Mar 29 2024,8:00p,Portland Trail Blazers,82,Miami Heat,142,Box Score,,19839,
Fri Mar 29 2024,8:00p,Phoenix Suns,103,Oklahoma City Thunder,128,Box Score,,18203,
Fri Mar 29 2024,8:00p,New York Knicks,126,San Antonio Spurs,130,Box Score,OT,18604,
Fri Mar 29 2024,9:00p,Minnesota Timberwolves,111,Denver Nuggets,98,Box Score,,19844,
Fri Mar 29 2024,9:30p,Houston Rockets,101,Utah Jazz,100,Box Score,,18206,
Fri Mar 29 2024,10:00p,Dallas Mavericks,107,Sacramento Kings,103,Box Score,,17832,
Sat Mar 30 2024,5:00p,Boston Celtics,104,New Orleans Pelicans,92,Box Score,,17932,
Sat Mar 30 2024,7:00p,Memphis Grizzlies,88,Orlando Magic,118,Box Score,,18009,
Sat Mar 30 2024,7:30p,Milwaukee Bucks,122,Atlanta Hawks,113,Box Score,,17700,
Sun Mar 31 2024,3:30p,Cleveland Cavaliers,101,Denver Nuggets,130,Box Score,,19621,
Sun Mar 31 2024,6:00p,Los Angeles Lakers,116,Brooklyn Nets,104,Box Score,,18162,
Sun Mar 31 2024,6:00p,Los Angeles Clippers,130,Charlotte Hornets,118,Box Score,,15941,
Sun Mar 31 2024,6:00p,Philadelphia 76ers,135,Toronto Raptors,120,Box Score,,19114,
Sun Mar 31 2024,6:00p,Miami Heat,119,Washington Wizards,107,Box Score,,16039,
Sun Mar 31 2024,7:00p,Dallas Mavericks,125,Houston Rockets,107,Box Score,,18055,
Sun Mar 31 2024,7:00p,Chicago Bulls,109,Minnesota Timberwolves,101,Box Score,,18024,
Sun Mar 31 2024,7:00p,Oklahoma City Thunder,113,New York Knicks,112,Box Score,,19812,
Sun Mar 31 2024,7:00p,Golden State Warriors,117,San Antonio Spurs,113,Box Score,,18718,
Sun Mar 31 2024,9:00p,Utah Jazz,106,Sacramento Kings,127,Box Score,,18332,
Mon Apr 1 2024,7:00p,Boston Celtics,118,Charlotte Hornets,104,Box Score,,19238,
Mon Apr 1 2024,7:00p,Memphis Grizzlies,110,Detroit Pistons,108,Box Score,,19999,
Mon Apr 1 2024,7:00p,Brooklyn Nets,111,Indiana Pacers,133,Box Score,,16522,
Mon Apr 1 2024,7:00p,Portland Trail Blazers,103,Orlando Magic,104,Box Score,,19004,
Mon Apr 1 2024,8:00p,Atlanta Hawks,113,Chicago Bulls,101,Box Score,,21114,
Mon Apr 1 2024,8:00p,Phoenix Suns,124,New Orleans Pelicans,111,Box Score,,17753,
Tue Apr 2 2024,7:00p,Los Angeles Lakers,128,Toronto Raptors,111,Box Score,,19800,
Tue Apr 2 2024,7:00p,Milwaukee Bucks,113,Washington Wizards,117,Box Score,,16492,
Tue Apr 2 2024,7:30p,New York Knicks,99,Miami Heat,109,Box Score,,19857,
Tue Apr 2 2024,7:30p,Oklahoma City Thunder,105,Philadelphia 76ers,109,Box Score,,20733,
Tue Apr 2 2024,8:00p,Houston Rockets,106,Minnesota Timberwolves,113,Box Score,,18024,
Tue Apr 2 2024,9:00p,San Antonio Spurs,105,Denver Nuggets,110,Box Score,,19741,
Tue Apr 2 2024,9:00p,Cleveland Cavaliers,129,Utah Jazz,113,Box Score,,18206,
Tue Apr 2 2024,10:00p,Dallas Mavericks,100,Golden State Warriors,104,Box Score,,18064,
Tue Apr 2 2024,10:00p,Los Angeles Clippers,95,Sacramento Kings,109,Box Score,,17832,
Wed Apr 3 2024,7:00p,Portland Trail Blazers,89,Charlotte Hornets,86,Box Score,,14209,
Wed Apr 3 2024,7:00p,Los Angeles Lakers,125,Washington Wizards,120,Box Score,,20333,
Wed Apr 3 2024,7:30p,Detroit Pistons,113,Atlanta Hawks,121,Box Score,,17899,
Wed Apr 3 2024,7:30p,Oklahoma City Thunder,100,Boston Celtics,135,Box Score,,19156,
Wed Apr 3 2024,7:30p,Indiana Pacers,111,Brooklyn Nets,115,Box Score,,17732,
Wed Apr 3 2024,8:00p,Memphis Grizzlies,111,Milwaukee Bucks,101,Box Score,,17420,
Wed Apr 3 2024,8:00p,Toronto Raptors,85,Minnesota Timberwolves,133,Box Score,,18024,
Wed Apr 3 2024,8:00p,Orlando Magic,117,New Orleans Pelicans,108,Box Score,,16427,
Wed Apr 3 2024,10:00p,Cleveland Cavaliers,101,Phoenix Suns,122,Box Score,,17071,
Thu Apr 4 2024,7:30p,Atlanta Hawks,95,Dallas Mavericks,109,Box Score,,20211,
Thu Apr 4 2024,7:30p,Philadelphia 76ers,109,Miami Heat,105,Box Score,,19719,
Thu Apr 4 2024,7:30p,Sacramento Kings,109,New York Knicks,120,Box Score,,19812,
Thu Apr 4 2024,8:00p,Golden State Warriors,133,Houston Rockets,110,Box Score,,18055,
Thu Apr 4 2024,10:00p,Denver Nuggets,100,Los Angeles Clippers,102,Box Score,,19370,
Fri Apr 5 2024,7:00p,Orlando Magic,115,Charlotte Hornets,124,Box Score,,16374,
Fri Apr 5 2024,7:00p,Oklahoma City Thunder,112,Indiana Pacers,126,Box Score,,17274,
Fri Apr 5 2024,7:00p,Portland Trail Blazers,108,Washington Wizards,102,Box Score,,18079,
Fri Apr 5 2024,7:30p,Sacramento Kings,100,Boston Celtics,101,Box Score,,19156,
Fri Apr 5 2024,8:00p,New York Knicks,100,Chicago Bulls,108,Box Score,,21599,
Fri Apr 5 2024,8:00p,Miami Heat,119,Houston Rockets,104,Box Score,,18055,
Fri Apr 5 2024,8:00p,Detroit Pistons,90,Memphis Grizzlies,108,Box Score,,16745,
Fri Apr 5 2024,8:00p,Toronto Raptors,117,Milwaukee Bucks,111,Box Score,,17750,
Fri Apr 5 2024,8:00p,San Antonio Spurs,111,New Orleans Pelicans,109,Box Score,,17422,
Fri Apr 5 2024,8:30p,Golden State Warriors,106,Dallas Mavericks,108,Box Score,,20425,
Fri Apr 5 2024,10:00p,Minnesota Timberwolves,87,Phoenix Suns,97,Box Score,,17071,
Fri Apr 5 2024,10:30p,Utah Jazz,102,Los Angeles Clippers,131,Box Score,,19370,
Sat Apr 6 2024,3:30p,Cleveland Cavaliers,97,Los Angeles Lakers,116,Box Score,,18997,
Sat Apr 6 2024,7:00p,Detroit Pistons,103,Brooklyn Nets,113,Box Score,,17732,
Sat Apr 6 2024,8:00p,Philadelphia 76ers,116,Memphis Grizzlies,96,Box Score,,17794,
Sat Apr 6 2024,9:00p,Atlanta Hawks,110,Denver Nuggets,142,Box Score,,19639,
Sun Apr 7 2024,3:30p,Houston Rockets,136,Dallas Mavericks,147,Box Score,OT,20317,
Sun Apr 7 2024,3:30p,Cleveland Cavaliers,118,Los Angeles Clippers,120,Box Score,,19370,
Sun Apr 7 2024,5:00p,Miami Heat,115,Indiana Pacers,117,Box Score,,17274,
Sun Apr 7 2024,6:00p,Portland Trail Blazers,107,Boston Celtics,124,Box Score,,19156,
Sun Apr 7 2024,6:00p,Oklahoma City Thunder,121,Charlotte Hornets,118,Box Score,,16556,
Sun Apr 7 2024,6:00p,Chicago Bulls,98,Orlando Magic,113,Box Score,,19276,
Sun Apr 7 2024,6:00p,New Orleans Pelicans,113,Phoenix Suns,105,Box Score,,17071,
Sun Apr 7 2024,6:00p,Washington Wizards,122,Toronto Raptors,130,Box Score,,19502,
Sun Apr 7 2024,7:00p,New York Knicks,122,Milwaukee Bucks,109,Box Score,,17536,
Sun Apr 7 2024,7:00p,Philadelphia 76ers,133,San Antonio Spurs,126,Box Score,2OT,18046,
Sun Apr 7 2024,7:30p,Sacramento Kings,107,Brooklyn Nets,77,Box Score,,17732,
Sun Apr 7 2024,8:30p,Utah Jazz,110,Golden State Warriors,118,Box Score,,18064,
Sun Apr 7 2024,10:00p,Minnesota Timberwolves,127,Los Angeles Lakers,117,Box Score,,18997,
Tue Apr 9 2024,7:00p,Dallas Mavericks,130,Charlotte Hornets,104,Box Score,,17425,
Tue Apr 9 2024,7:00p,Detroit Pistons,102,Philadelphia 76ers,120,Box Score,,19796,
Tue Apr 9 2024,7:00p,Indiana Pacers,140,Toronto Raptors,123,Box Score,,19325,
Tue Apr 9 2024,7:30p,Miami Heat,117,Atlanta Hawks,111,Box Score,2OT,17049,
Tue Apr 9 2024,7:30p,Boston Celtics,91,Milwaukee Bucks,104,Box Score,,17493,
Tue Apr 9 2024,8:00p,New York Knicks,128,Chicago Bulls,117,Box Score,,21648,
Tue Apr 9 2024,8:00p,Orlando Magic,106,Houston Rockets,118,Box Score,,18055,
Tue Apr 9 2024,8:00p,San Antonio Spurs,102,Memphis Grizzlies,87,Box Score,,16108,
Tue Apr 9 2024,8:00p,Washington Wizards,121,Minnesota Timberwolves,130,Box Score,,18024,
Tue Apr 9 2024,8:00p,Sacramento Kings,105,Oklahoma City Thunder,112,Box Score,,17509,
Tue Apr 9 2024,9:00p,Denver Nuggets,111,Utah Jazz,95,Box Score,,18206,
Tue Apr 9 2024,10:00p,Golden State Warriors,134,Los Angeles Lakers,120,Box Score,,18997,
Tue Apr 9 2024,10:00p,Los Angeles Clippers,105,Phoenix Suns,92,Box Score,,17071,
Tue Apr 9 2024,10:00p,New Orleans Pelicans,110,Portland Trail Blazers,100,Box Score,,18341,
Wed Apr 10 2024,7:00p,Memphis Grizzlies,98,Cleveland Cavaliers,110,Box Score,,19432,
Wed Apr 10 2024,7:30p,Charlotte Hornets,115,Atlanta Hawks,114,Box Score,,16158,
Wed Apr 10 2024,7:30p,Toronto Raptors,102,Brooklyn Nets,106,Box Score,,17732,
Wed Apr 10 2024,7:30p,Dallas Mavericks,111,Miami Heat,92,Box Score,,19660,
Wed Apr 10 2024,8:00p,Orlando Magic,99,Milwaukee Bucks,117,Box Score,,17563,
Wed Apr 10 2024,8:00p,San Antonio Spurs,89,Oklahoma City Thunder,127,Box Score,,17229,
Wed Apr 10 2024,10:00p,Minnesota Timberwolves,107,Denver Nuggets,116,Box Score,,19845,
Wed Apr 10 2024,10:30p,Phoenix Suns,124,Los Angeles Clippers,108,Box Score,,19370,
Thu Apr 11 2024,7:00p,Chicago Bulls,127,Detroit Pistons,105,Box Score,,20013,
Thu Apr 11 2024,7:30p,New York Knicks,118,Boston Celtics,109,Box Score,,19156,
Thu Apr 11 2024,9:00p,Houston Rockets,121,Utah Jazz,124,Box Score,,18206,
Thu Apr 11 2024,10:00p,Golden State Warriors,100,Portland Trail Blazers,92,Box Score,,19335,
Thu Apr 11 2024,10:00p,New Orleans Pelicans,135,Sacramento Kings,123,Box Score,,17832,
Fri Apr 12 2024,7:00p,Orlando Magic,113,Philadelphia 76ers,125,Box Score,,20149,
Fri Apr 12 2024,7:00p,Chicago Bulls,129,Washington Wizards,127,Box Score,,20333,
Fri Apr 12 2024,7:30p,Charlotte Hornets,98,Boston Celtics,131,Box Score,,19156,
Fri Apr 12 2024,7:30p,Indiana Pacers,120,Cleveland Cavaliers,129,Box Score,,19432,
Fri Apr 12 2024,7:30p,Brooklyn Nets,107,New York Knicks,111,Box Score,,19812,
Fri Apr 12 2024,8:00p,Los Angeles Lakers,123,Memphis Grizzlies,120,Box Score,,17794,
Fri Apr 12 2024,8:00p,Toronto Raptors,103,Miami Heat,125,Box Score,,19600,
Fri Apr 12 2024,8:00p,Atlanta Hawks,106,Minnesota Timberwolves,109,Box Score,,18024,
Fri Apr 12 2024,8:00p,Milwaukee Bucks,107,Oklahoma City Thunder,125,Box Score,,18203,
Fri Apr 12 2024,8:00p,Denver Nuggets,120,San Antonio Spurs,121,Box Score,,18665,
Fri Apr 12 2024,8:30p,Detroit Pistons,107,Dallas Mavericks,89,Box Score,,20274,
Fri Apr 12 2024,10:00p,New Orleans Pelicans,114,Golden State Warriors,109,Box Score,,18064,
Fri Apr 12 2024,10:00p,Houston Rockets,116,Portland Trail Blazers,107,Box Score,,18630,
Fri Apr 12 2024,10:30p,Utah Jazz,110,Los Angeles Clippers,109,Box Score,,19370,
Fri Apr 12 2024,10:30p,Phoenix Suns,108,Sacramento Kings,107,Box Score,,17832,
Sun Apr 14 2024,1:00p,Washington Wizards,122,Boston Celtics,132,Box Score,,19156,
Sun Apr 14 2024,1:00p,Charlotte Hornets,120,Cleveland Cavaliers,110,Box Score,,19432,
Sun Apr 14 2024,1:00p,Atlanta Hawks,115,Indiana Pacers,157,Box Score,,17274,
Sun Apr 14 2024,1:00p,Toronto Raptors,103,Miami Heat,118,Box Score,,19600,
Sun Apr 14 2024,1:00p,Chicago Bulls,119,New York Knicks,120,Box Score,OT,19812,
Sun Apr 14 2024,1:00p,Milwaukee Bucks,88,Orlando Magic,113,Box Score,,18846,
Sun Apr 14 2024,1:00p,Brooklyn Nets,86,Philadelphia 76ers,107,Box Score,,20246,
Sun Apr 14 2024,3:30p,Utah Jazz,116,Golden State Warriors,123,Box Score,,18064,
Sun Apr 14 2024,3:30p,Houston Rockets,116,Los Angeles Clippers,105,Box Score,,19370,
Sun Apr 14 2024,3:30p,Denver Nuggets,126,Memphis Grizzlies,111,Box Score,,17544,
Sun Apr 14 2024,3:30p,Phoenix Suns,125,Minnesota Timberwolves,106,Box Score,,18024,
Sun Apr 14 2024,3:30p,Los Angeles Lakers,124,New Orleans Pelicans,108,Box Score,,18633,
Sun Apr 14 2024,3:30p,Dallas Mavericks,86,Oklahoma City Thunder,135,Box Score,,18203,
Sun Apr 14 2024,3:30p,Portland Trail Blazers,82,Sacramento Kings,121,Box Score,,18037,
Sun Apr 14 2024,3:30p,Detroit Pistons,95,San Antonio Spurs,123,Box Score,,18516,
